OBJECTID,Borough,Block,Lot,DESIG_ADDRESS,BBL,LM_NAME,LP_NUMBER,SITE_DESC,SITE_STATUS,LM_NAME2,DESIG_DATE,LM_TYPE,REPORT_URL,CD,Council,Latitude,Longitude,BCT2020,NTA2020,Shape_Leng,Shape_Area,Category,Neighborhood,Popularity_Tier
1462,BK,3964,8,Empire State Dairy Company Buildings,3039640008,Empire State Dairy Company Buildings,LP-02575,"Borough of Brooklyn, Tax Map 3964, Lot 8 in part.",Designated,,12/5/2017,Individual Landmark,,305,37,40.6764036,-73.8889353,3119800,BK0502,551.5186728,14486.44328,Commercial,Park Slope,Tier 4: Neighborhood Staple
1229,MN,1,101,Liberty Island,1000010101,Statue of Liberty,LP-00931,"Borough of Manhattan Tax Map Block 1, Lot 101 in part.",Designated,,9/14/1976,Individual Landmark,,101,1,40.6899196,-74.0453371,1000100,MN0191,1196.335576,60488.72927,Other,Upper East Side,Tier 1: Global Icon
1187,MN,1111,1,Fifth Avenue and East 82nd Street,1011110001,Metropolitan Museum of Art,LP-00410,"Borough of Manhattan Tax Map Block 1111, Lot 1 in part, consisting of the land on which the described buildings are situated.",Designated,,6/9/1967,Individual Landmark,,164,4,40.7824929,-73.9655482,1012200,MN6491,3903.193528,487372.4787,Public/Civic,Hell's Kitchen,Tier 1: Global Icon
1086,BX,3120,20,"New York Zoological Park, inside East Fordham Road",2031200020,"Rockefeller Fountain, New York Zoological Park",LP-00109,"Borough of The Bronx Tax Map Block 3120, Lot 20 in part, consisting of the land on which the described improvement is situated.",Designated,,2/20/1968,Individual Landmark,,227,15,40.8499951,-73.8783005,2033400,BX2791,177.0011897,2486.784182,Public/Civic,Riverdale,Tier 2: National Draw
795,MN,1297,23,405 Lexington Avenue,1012970023,Chrysler Building,LP-00992,"Borough of Manhattan Tax Map Block 1297, Lot 23.",Designated,,9/12/1978,Individual Landmark,,106,4,40.7516363,-73.9753741,1009200,MN0604,792.4427191,38952.08171,Commercial,Tribeca,Tier 1: Global Icon
794,MN,1325,34,242 East 52nd Street,1013250034,Rockefeller Guest House,LP-02079,"Borough of Manhattan Tax Map Block 1325, Lot 34.",Designated,,12/5/2000,Individual Landmark,,106,4,40.7562211,-73.9684205,1009800,MN0604,254.0353975,2492.076967,Residential,Upper East Side,Tier 5: Ultra Niche / Insider Knowledge
705,MN,1270,20,17 West 54th Street and 24 West 55th Street,1012700020,Rockefeller Apartments,LP-01276,"Borough of Manhattan Tax Map Block 1270, Lot 20.",Designated,,6/19/1984,Individual Landmark,,105,4,40.7619348,-73.9765327,1010400,MN0502,689.1229452,27416.66924,Residential,Hell's Kitchen,Tier 5: Ultra Niche / Insider Knowledge
565,MN,1209,31,354 Central Park West,1012090031,354 Central Park West House,LP-01644,"Borough of Manhattan Tax Map Block 1209, Lot 31.",Designated,,11/10/1987,Individual Landmark,,107,6,40.7913308,-73.9652294,1018100,MN0702,142.22131,959.8455214,Residential,Tribeca,Tier 1: Global Icon
512,MN,1209,32,355 Central Park West,1012090032,355 Central Park West House,LP-01645,"Borough of Manhattan Tax Map Block 1209, Lot 35.",Designated,,11/10/1987,Individual Landmark,,107,6,40.7913775,-73.9651969,1018100,MN0702,146.3805959,1070.074264,Residential,Greenwich Village,Tier 1: Global Icon
500,MN,1030,58,240 Central Park South,1010300058,240 Central Park South Apartments,LP-02116,"Borough of Manhattan Tax Map Block 1030, Lot 58.",Designated,,6/25/2002,Individual Landmark,,105,6,40.7673099,-73.981177,1013700,MN0502,755.6222836,36837.27849,Residential,Greenwich Village,Tier 1: Global Icon
421,MN,835,41,350 Fifth Avenue,1008350041,Empire State Building,LP-02000,"Borough of Manhattan, Tax Map Block 835, Lot 41.",Designated,,5/19/1981,Individual Landmark,,105,4,40.7484514,-73.9857117,1007600,MN0501,1421.836454,97113.73184,Commercial,Greenwich Village,Tier 1: Global Icon
970,BX,3299,1,2988 Bainbridge Avenue,2032990001,Bedford Park Congregational Church,LP-02062,"Borough of Bronx Tax Map Block 3299, Lot 1.",Designated,,6/20/2000,Individual Landmark,,207,11,40.8712856,-73.8834321,2041500,BX0702,335.8308514,6501.241593,Religious,South Bronx,Tier 4: Neighborhood Staple
1534,SI,4475,300,3201 Amboy Road,5044750300,Frederick Douglass Memorial Park,LP-02682,"Borough of Staten Island Tax Map Block 4475, Lot 300",Designated,,6/18/2024,Individual Landmark,,503,50,40.5635644,-74.1348434,5014606,SI0302,3531.704427,692508.0575,Public/Civic,Tottenville,Tier 4: Neighborhood Staple
1392,QN,1549,1,86-02 Broadway,4015490001,Old Saint James Episcopal Church (Old Saint James Parish Hall),LP-02593,"Borough of Queens Tax Map Block 1549, Lot 1 in part",Designated,,9/19/2017,Individual Landmark,,404,25,40.7383417,-73.8778261,4047300,QN0401,326.9819422,6349.293894,Religious,Jamaica,Tier 4: Neighborhood Staple
1150,QN,1836,1,85-15 Broadway,4018360001,Reformed Dutch Church of Newtown and Fellowship Hall,LP-00138,"Borough of Queens Tax Map Block 1836, Lot 112.",Designated,,7/19/1966,Individual Landmark,,404,25,40.7392772,-73.8773841,4047100,QN0401,563.7885934,12687.94981,Religious,Long Island City,Tier 4: Neighborhood Staple
1528,BX,2772,170,"Oak Point Avenue, Drake Park South, Longfellow Avenue, and Hunts Point Avenue",1027720170,Joseph Rodman Drake Park and Enslaved People's Burial Ground,LP-02674,"Borough of the Bronx, Tax Map Block 2772, Lot 170.",Designated,,12/12/2023,Individual Landmark,,202,17,40.8102615,-73.8825311,2009302,BX0201,1411.023612,110191.5396,Public/Civic,Fordham,Tier 5: Ultra Niche / Insider Knowledge
1391,MN,0,0,"1047 Amsterdam Avenue (aka 1021-1061 Amsterdam Avenue and 419 West 110th Street [Cathedral Parkway]),",0,Cathedral Church of St. John the Divine and the Cathedral Close,LP-02585,Too long,Designated,,2/21/2017,Individual Landmark,,109,7,40.8033161,-73.9620265,1019701,MN0901,2912.845898,409260.7637,Religious,Hell's Kitchen,Tier 2: National Draw
1095,MN,0,0,Battery Park,1000030001,"Interborough Rapid Transit System, Battery Park Control House",LP-00829,"Borough of Manhattan, Tax Map Block 3, Lot 1 in part, consisting of the land on which the described improvement is situated.",Designated,,11/20/1973,Individual Landmark,,101,1,40.7028059,-74.015631,1031900,MN0191,138.2826992,990.6548147,Residential,Hell's Kitchen,Tier 5: Ultra Niche / Insider Knowledge
1087,BX,3120,20,"New York Zoological Park, south of East Fordham Road",2031200020,"Baird Court, New York Zoological Park",LP-01888,Too Long,Designated,now Astor Court,6/20/2000,Individual Landmark,,227,15,40.8499951,-73.8783005,2033400,BX2791,2919.409253,273578.2417,Public/Civic,Riverdale,Tier 2: National Draw
1085,BX,3120,20,"New York Zoological Park, park entrance at East Fordham Road",2031200020,"Paul J. Rainey Memorial Gates, New York Zoological Park",LP-00108,"Borough of the Bronx Tax Map Block 3120, Lot 20 in part, consisting of the land on which the described improvement is situated.",Designated,,1/11/1967,Individual Landmark,,227,15,40.8499951,-73.8783005,2033400,BX2791,138.6277162,571.3901863,Public/Civic,Fordham,Tier 2: National Draw
989,BK,1117,1,Prospect Park,3011170001,Boat House on the Lullwater of the Lake in Prospect Park,LP-00004,"Borough of Brooklyn Tax Map Block 1117 in part, consisting of the land on which the described building is situated.",Designated,"Lullwater, now Prospect Park Audubon Center",10/14/1965,Individual Landmark,,355,39,40.6613843,-73.9696332,3017700,BK5591,285.2125027,4112.307518,Residential,Park Slope,Tier 2: National Draw
837,BK,724,1,4201 4th Avenue,3007240001,Sunset Park Court House,LP-02096,"Borough of Brooklyn Tax Map 724, Lot 1.",Designated,,6/26/2001,Individual Landmark,,307,38,40.6504803,-74.0078995,3008200,BK0702,608.1303322,20423.72862,Residential,Brooklyn Heights,Tier 5: Ultra Niche / Insider Knowledge
490,MN,1217,1,165 West 86th Street,1012170001,West Park Presbyterian Church,LP-02338,"Borough of Manhattan Tax Map Block 1217, Lot 1",Designated,,1/12/2010,Individual Landmark,,107,6,40.7877267,-73.9745085,1017300,MN0702,473.1123039,11357.16961,Religious,Hell's Kitchen,Tier 4: Neighborhood Staple
453,MN,1402,30,163 East 67th Street,1014020030,Park East Synagogue,LP-01056,"Borough of Manhattan Tax Map Block 1402, Lot 30.",Designated,Congregation Zichron Ephraim,1/29/1980,Individual Landmark,,108,4,40.7669899,-73.9633794,1012000,MN0802,347.3797142,7310.531563,Religious,Greenwich Village,Tier 4: Neighborhood Staple
194,MN,392,5,151 Avenue B,1003920005,Charlie Parker Residence,LP-02032,"Borough of Manhattan Tax Map Block 392, Lot 5.",Designated,,5/18/1999,Individual Landmark,,103,2,40.726498,-73.9798644,1002800,MN0303,236.6544426,2266.413711,Residential,Hell's Kitchen,Tier 5: Ultra Niche / Insider Knowledge
1366,BK,2446,63,177-185 South 5th Street,3024460063,Williamsburgh Trust Company Building (Later Fifth District Magistrates' Court / Later Holy Trinity Cathedral),LP-00163,"Borough of Brooklyn Tax Map Block 2446, Lot 63",Designated,,8/10/2016,Individual Landmark,,301,34,40.7107383,-73.9611234,3052300,BK0102,340.2028622,7024.53664,Commercial,Williamsburg,Tier 4: Neighborhood Staple
1316,MN,1988,1,3320-3328 Broadway,1019880001,Claremont Theater Building,LP-02198,"Borough of Manhattan Tax Map Block 1988/1, in part, consisting of the property on which the 1913-14 structure is located.",Designated,,6/6/2006,Individual Landmark,,109,7,40.8195815,-73.9549684,1022301,MN0902,309.4250726,5780.587225,Commercial,Upper East Side,Tier 4: Neighborhood Staple
1305,MN,1010,25,109-113 West 57th Street,1010100025,Steinway Hall,LP-02100,"Borough of Manhattan Tax Map Block 1010, Lot 25.",Designated,,11/13/2001,Individual Landmark,,105,6,40.7649515,-73.9775713,1013700,MN0502,631.3176257,17515.96768,Other,Hell's Kitchen,Tier 3: Local Favorite / Regional Gem
1296,MN,2078,0,3560-3568 Broadway,0,Hamilton Theater,LP-02052,"Borough of Manhattan Tax Map Block Lot 2078, Lot 1 in part consisting of the land on which the described building and alleyway are situated.",Designated,,2/8/2000,Individual Landmark,,109,7,40.8269898,-73.9491134,1023300,MN0903,650.6413894,22646.98763,Other,Harlem,Tier 5: Ultra Niche / Insider Knowledge
1255,MN,1016,15,221-233 West 44th Street,1010160015,Shubert Theater,LP-01378,"Borough of Manhattan Tax Map Block 1016, Lot 15 in part consisting of the land on which the described building is situated.",Designated,,12/15/1987,Individual Landmark,,105,3,40.7582338,-73.9871679,1011900,MN0502,440.441578,12186.94734,Other,Hell's Kitchen,Tier 5: Ultra Niche / Insider Knowledge
1254,MN,995,33,124-130 West 43rd Street,1009950033,Henry Miller's Theater,LP-01357,"Borough of Manhattan Tax Map Block 995, Lot 45.",Designated,,12/8/1987,Individual Landmark,,105,4,40.7555629,-73.9847139,1011900,MN0502,371.6205344,8569.965961,Other,Harlem,Tier 5: Ultra Niche / Insider Knowledge
1253,MN,997,10,139-141 West 44th Street,1009970010,Hudson Theater,LP-01340,"Borough of Manhattan Tax Map Block 997, Lot 15.",Designated,,11/17/1987,Individual Landmark,,105,4,40.7571548,-73.984645,1011900,MN0502,575.1709105,12916.38507,Other,Harlem,Tier 5: Ultra Niche / Insider Knowledge
1252,MN,1016,15,222-232 West 45th Street,1010160015,Booth Theater,LP-01321,"Borough of Manhattan Tax Map Block 1016, Lot 15 in part consisting of the land on which the described building is situated.",Designated,,11/4/1987,Individual Landmark,,105,3,40.7582338,-73.9871679,1011900,MN0502,403.5334472,10041.45842,Other,Harlem,Tier 5: Ultra Niche / Insider Knowledge
1158,BK,5103,10,in the courtyard of Erasmus Hall High School,3051030010,Erasmus Hall Academy,LP-00171,"Borough of Brooklyn Tax Map Block 5103, Lot 10 in part, consisting of the land on which the described building is situated.",Designated,designated as Erasmus Hall Museum,3/15/1966,Individual Landmark,,314,40,40.649597,-73.9571661,3079400,BK1701,299.0208435,4096.278423,Other,DUMBO,Tier 5: Ultra Niche / Insider Knowledge
1154,BK,2292,1,Driggs Avenue at North 12th Street,3022920001,Russian Orthodox Cathedral of the Transfiguration of Our Lord,LP-00162,"Borough of Brooklyn Tax Map Block 2292, Lot 6.",Designated,,11/19/1969,Individual Landmark,,301,33,40.7193787,-73.953539,3051900,BK0102,356.8412401,7780.783554,Other,Park Slope,Tier 5: Ultra Niche / Insider Knowledge
1151,BK,0,0,209 Joralemon Street,0,Brooklyn City Hall,LP-00147,"Borough of Brooklyn Tax Map Block 139, Lot 1 in part, consisting of the land on which the described building is situated.",Designated,now Brooklyn Borough Hall,4/19/1966,Individual Landmark,,302,33,40.69365,-73.9899714,3001100,BK0202,577.1790042,16756.3364,Other,Park Slope,Tier 2: National Draw
1129,MN,15,7501,17 Battery Place,1000157501,Whitehall Building,LP-02056,"Borough of Manhattan Tax Map Block 15, Lot 7501, in part, consisting of the land on which 17 Battery Place (aka 1-17 West Street) is situated.",Designated,,10/17/2000,Individual Landmark,,101,1,40.7056,-74.0158373,1001300,MN0101,1082.582275,36017.52536,Commercial,Upper East Side,Tier 4: Neighborhood Staple
1122,BK,1183,1,1000 Washington Avenue,3011830001,"Laboratory Administration Building, Brooklyn Botanic Garden",LP-02214,"Borough of Brooklyn Tax Map Block 1183, Lot 1, in part consisting of the land on which the described building is situated.",Designated,,3/13/2007,Individual Landmark,,355,35,40.667671,-73.9639025,3017700,BK5591,755.5062623,18097.22698,Commercial,Brooklyn Heights,Tier 2: National Draw
1034,MN,340,1,130 Pitt Street,1003400001,Hamilton Fish Park Play Center,LP-01264,"Borough of Manhattan Tax Map Block 340, Lot 1 in part, consisting of the land on which the described building is situated.",Designated,,12/21/1982,Individual Landmark,,103,2,40.7197351,-73.9808513,1002201,MN0302,396.6793618,5787.929957,Commercial,Greenwich Village,Tier 4: Neighborhood Staple
909,BK,5103,93,35 Snyder Avenue,3051030093,Flatbush Town Hall,LP-00770,"Borough of Brooklyn Tax Map Block 5103, Lot 93.",Designated,,10/16/1973,Individual Landmark,,314,40,40.6489464,-73.9569323,3079400,BK1701,698.5342856,29939.29619,Other,DUMBO,Tier 5: Ultra Niche / Insider Knowledge
861,BK,7064,16,1301 Surf Avenue,3070640016,Coney Island Theater Building,LP-02408,"Borough of Brooklyn Tax map Block 7064, Lot 16.",Designated,later Shore Theater,12/14/2010,Individual Landmark,,313,47,40.5759552,-73.9816881,3034800,BK1302,609.9531672,21188.14446,Commercial,Williamsburg,Tier 1: Global Icon
772,MN,1831,33,"1910 Adam Clayton Powell, Jr. Boulevard",1018310033,Regent Theater,LP-01841,"Borough of Manhattan Tax Map Block 1831, Lot 33.",Designated,now First Corinthian Baptist Church,3/8/1994,Individual Landmark,,110,9,40.8031756,-73.953159,1021800,MN1001,492.6112674,14784.56979,Other,Harlem,Tier 5: Ultra Niche / Insider Knowledge
725,MN,509,1,Mott Street at Prince Street,1005090001,Saint Patrick's Old Cathedral,LP-00187,"Borough of Manhattan Tax Map Block 509, Lot 1.",Designated,,6/21/1966,Individual Landmark,,102,1,40.7236588,-73.9951115,1004300,MN0201,1113.759709,60506.215,Other,Greenwich Village,Tier 5: Ultra Niche / Insider Knowledge
712,MN,1019,12,243-251 West 47th Street,1010190012,Barrymore Theater,LP-01313,"Borough of Manhattan Tax Map Block 1019, lot 12.",Designated,,11/4/1987,Individual Landmark,,105,3,40.7601001,-73.9861568,1012500,MN0502,406.4971337,10318.89772,Other,Harlem,Tier 5: Ultra Niche / Insider Knowledge
609,MN,1024,7,243-259 West 52nd Street,1010240007,Guild Theater,LP-01309,"Borough of Manahttan Tax Map Block 1024, Lot 7.",Designated,"later the ANTA Theater, now the Virginia Theater",8/6/1985,Individual Landmark,,105,3,40.7633689,-73.9841995,1013100,MN0502,475.4304505,14001.70024,Other,Tribeca,Tier 5: Ultra Niche / Insider Knowledge
594,MN,467,31,189 Second Avenue,1004670031,Louis N. Jaffe Art Theater (Yiddish Art Theater/Yiddish Folks Theater),LP-01764,"Borough of Manhattan Tax Map Block 467, Lot 31.",Designated,now Village East City Cinemas,2/9/1993,Individual Landmark,,103,2,40.7309701,-73.9863937,1004002,MN0303,445.5551965,12369.36388,Other,Hell's Kitchen,Tier 5: Ultra Niche / Insider Knowledge
571,MN,1286,1,Fifth Avenue between East 50th and 51st Street,1012860001,Saint Patrick's Cathedral Complex,LP-00267,"Borough of Manhattan Tax Map Block 1286, Lot 1.",Designated,,10/19/1966,Individual Landmark,,105,4,40.7585038,-73.9761585,1010200,MN0502,1260.745617,87605.26275,Other,Hell's Kitchen,Tier 5: Ultra Niche / Insider Knowledge
557,MN,1603,11,15 East 97th Street,1016030011,Saint Nicholas Russian Orthodox Cathedral,LP-00834,"Borough of Manhattan Tax Map Block 1603, Lot 11.",Designated,,12/18/1973,Individual Landmark,,111,8,40.7883215,-73.9540795,1016002,MN1101,356.8446266,7748.927547,Other,Hell's Kitchen,Tier 5: Ultra Niche / Insider Knowledge
525,MN,1448,16,321 East 73rd Street,1014480016,Bohemian National Hall,LP-01914,"Borough of Manhattan Tax Map Block 1448, Lot 16.",Designated,(Národní Budova),7/19/1994,Individual Landmark,,108,5,40.7691257,-73.9564249,1012601,MN0801,362.6323022,7949.672191,Other,Greenwich Village,Tier 5: Ultra Niche / Insider Knowledge
496,MN,1871,22,2624-2626 Broadway,1018710022,Midtown Theater,LP-01710,"Borough of Manhattan Tax Map Block 1871, Lot 22.",Designated,later the Metro Theater,7/11/1989,Individual Landmark,,107,7,40.7966816,-73.9698027,1018700,MN0703,316.6833607,5519.475813,Other,Upper East Side,Tier 5: Ultra Niche / Insider Knowledge
482,MN,235,13,165-171 Grand Street,1002350013,Odd Fellows Hall,LP-01293,"Borough of Manhattan Tax Map Block 235, Lot 13.",Designated,,8/24/1982,Individual Landmark,,102,1,40.7194759,-73.9984307,1004100,MN0201,392.5372747,8715.606071,Other,Upper East Side,Tier 5: Ultra Niche / Insider Knowledge
467,MN,1015,54,246-256 West 44th Street,1010150054,Erlanger Theater,LP-01374,"Borough of Manhattan Tax Map Block 1015, Lot 54.",Designated,now the Saint James Theater,12/15/1987,Individual Landmark,,105,3,40.7579951,-73.9881569,1011900,MN0502,456.836407,12884.60056,Other,Hell's Kitchen,Tier 5: Ultra Niche / Insider Knowledge
465,MN,1000,49,138-146 West 48th Street,1010000049,Cort Theater,LP-01328,"Borough of Manhattan Tax Map Block 1000, Lot 49.",Designated,,11/17/1987,Individual Landmark,,105,4,40.7591336,-73.9830996,1012500,MN0502,391.3812626,9565.091407,Other,Hell's Kitchen,Tier 5: Ultra Niche / Insider Knowledge
464,MN,872,78,100-102 East 17th Street,1008720078,Tammany Hall,LP-02490,"Borough of Manhattan Tax Map Block 872, Lot 78",Designated,,10/29/2013,Individual Landmark,,105,2,40.7362376,-73.988749,1005000,MN0602,496.9968209,13370.00449,Other,Greenwich Village,Tier 5: Ultra Niche / Insider Knowledge
445,MN,873,34,190 Third Avenue,1008730034,Scheffel Hall,LP-01959,"Borough of Manhattan Tax Map Block 873, Lot 34.",Designated,,6/24/1997,Individual Landmark,,106,2,40.735488,-73.9859887,1005000,MN0602,251.6041572,2375.193977,Other,Tribeca,Tier 5: Ultra Niche / Insider Knowledge
435,MN,1023,11,217-239 West 51st Street,1010230011,Hollywood Theater,LP-01338,"Borough of Manhattan Tax Map Block 1023, Lot 11.",Designated,"later the Mark Hellinger Theater, now Times Square Church",1/5/1988,Individual Landmark,,105,3,40.7626333,-73.9843405,1013100,MN0502,857.1531779,24369.9948,Other,Harlem,Tier 1: Global Icon
403,MN,1016,51,236 West 45th Street,1010160051,Plymouth Theater,LP-01368,"Borough of Manhattan Tax Map Block 1016, Lot 51.",Designated,now the Gerard Schoenfeld Theater,12/8/1987,Individual Landmark,,105,3,40.7585056,-73.9874277,1011900,MN0502,401.6762414,10074.56124,Other,Harlem,Tier 5: Ultra Niche / Insider Knowledge
379,MN,998,8,149-157 West 45th Street,1009980008,Lyceum Theater,LP-00803,"Borough of Manhattan Tax Map Block 998, Lot 8.",Designated,,11/26/1974,Individual Landmark,,105,4,40.7578191,-73.9845185,1011900,MN0502,589.4661559,10323.54475,Other,Harlem,Tier 5: Ultra Niche / Insider Knowledge
376,MN,1017,11,239-247 West 45th Street,1010170011,Music Box Theater,LP-01359,"Borough of Manhattan Tax Map Block 1017, Lot 11.",Designated,,12/8/1987,Individual Landmark,,105,3,40.7588843,-73.9871425,1011900,MN0502,403.0691948,10152.14862,Other,Upper East Side,Tier 5: Ultra Niche / Insider Knowledge
370,MN,1017,48,223-236 West 46th Street,1010170048,Forty-Sixth Street Theater,LP-01333,"Borough of Manhattan Tax Map Block 1017, Lot 48.",Designated,now the Richard Rodgers Theater,11/17/1987,Individual Landmark,,105,3,40.759038,-73.9867454,1011900,MN0502,437.7028446,11925.48615,Other,Hell's Kitchen,Tier 5: Ultra Niche / Insider Knowledge
354,MN,124,10,23 Park Place,1001240010,23 Park Place Building,LP-02217,"Borough of Manhattan, Tax Map Block 124, Lot 10.",Designated,,3/13/2007,Individual Landmark,,101,1,40.713352,-74.0086284,1002100,MN0102,381.0206727,4736.229827,Commercial,Tribeca,Tier 4: Neighborhood Staple
344,MN,90,7501,15 Park Row,1000907501,Park Row Building,LP-02024,"Borough of Manhattan Tax Map Block 90, Lot 4.",Designated,,6/15/1999,Individual Landmark,,101,1,40.7111727,-74.0077912,1001501,MN0101,619.1210783,15288.47324,Commercial,Harlem,Tier 4: Neighborhood Staple
341,MN,556,68,119-125 East 11th Street,1005560068,Webster Hall and Annex,LP-02273,"Borough of Manhattan Tax Map Block 556, Lot 68.",Designated,,3/18/2008,Individual Landmark,,103,2,40.7317719,-73.9890961,1004200,MN0303,380.2176192,9007.837518,Other,Hell's Kitchen,Tier 5: Ultra Niche / Insider Knowledge
339,MN,1016,58,252-256 West 45th Street,1010160058,Theater Masque,LP-01335,"Borough of Manhattan Tax Map Block 1016, Lot 58.",Designated,now the Golden Theater,11/17/1987,Individual Landmark,,105,3,40.7587197,-73.9879763,1011900,MN0502,345.5017348,6196.335427,Other,Greenwich Village,Tier 5: Ultra Niche / Insider Knowledge
322,MN,51,13,86 Trinity Place,1000510013,"New York Curb Exchange, incorporating the New York Curb Market Building",LP-02515,"Borough of Manhattan Tax Map Block 51, Lot 13",Designated,later known as the American Stock Exchange,6/26/2012,Individual Landmark,,101,1,40.7087569,-74.0128298,1001300,MN0101,693.5315846,27182.21483,Commercial,Greenwich Village,Tier 4: Neighborhood Staple
318,MN,1013,39,214 West 42nd Street,1010130039,New Amsterdam Theater,LP-01026,"Borough of Manhattan Tax Map Block 1013, Lot 39.",Designated,,10/23/1979,Individual Landmark,,105,3,40.7559201,-73.9880454,1011300,MN0502,720.4600573,18201.56456,Other,Tribeca,Tier 5: Ultra Niche / Insider Knowledge
311,MN,1016,5,245-257 West 44th Street,1010160005,Majestic Theater,LP-01355,"Borough of Manhattan Tax Map Block 1016, Lot 5.",Designated,,12/8/1987,Individual Landmark,,105,3,40.7584178,-73.9880125,1011900,MN0502,485.9687357,13909.33846,Other,Upper East Side,Tier 5: Ultra Niche / Insider Knowledge
301,MN,1018,57,256-262 West 47th Street,1010180057,Mansfield Theater,LP-01311,"Borough of Manhattan Tax Map Block 1018, Lot 57.",Designated,now the Brooks Atkinson Theater,11/4/1987,Individual Landmark,,105,3,40.7599548,-73.9869834,1012500,MN0502,407.5241721,10355.32755,Other,Harlem,Tier 5: Ultra Niche / Insider Knowledge
299,MN,122,1,City Hall Park,1001220001,City Hall,LP-00080,"Borough of Manhattan Tax Map Block 122, Lot 1.",Designated,,2/1/1966,Individual Landmark,,101,1,40.7128032,-74.0061574,1003100,MN0102,2679.765811,410762.8491,Other,Greenwich Village,Tier 2: National Draw
245,MN,1016,11,235-243 West 44th Street,1010160011,Broadhurst Theater,LP-01323,"Borough of Manhattan Tax Map Block 1016, Lot 11.",Designated,,11/10/1987,Individual Landmark,,105,3,40.7582613,-73.9876263,1011900,MN0502,423.8864594,11226.81716,Other,Upper East Side,Tier 5: Ultra Niche / Insider Knowledge
242,MN,1016,55,242-250 West 45th Street,1010160055,Royale Theater,LP-01372,"Borough of Manhattan Tax Map Block 1016, Lot 55.",Designated,now the Bernard B. Jacobs Theater,12/15/1987,Individual Landmark,,105,3,40.7586291,-73.9877309,1011900,MN0502,389.7936999,9787.234636,Other,Harlem,Tier 5: Ultra Niche / Insider Knowledge
227,MN,1023,54,244-254 West 52nd Street,1010230054,Alvin Theater,LP-01305,"Borough of Manhattan Tax Map Block 1023, Lot 54.",Designated,now the Neil Simon Theater,8/6/1985,Individual Landmark,,105,3,40.7630149,-73.9845281,1013100,MN0502,454.9704248,12798.89771,Other,Harlem,Tier 5: Ultra Niche / Insider Knowledge
221,MN,997,23,111-121 West 44th Street,1009970023,Belasco's Stuyvesant Theater,LP-01317,"Borough of Manhattan Tax Map Block 997, Lot 23.",Designated,now the Belasco Theater,11/4/1987,Individual Landmark,,105,4,40.7566497,-73.9837896,1011900,MN0502,476.0493561,13910.358,Other,Greenwich Village,Tier 5: Ultra Niche / Insider Knowledge
220,MN,862,29,2 Park Avenue,1008620029,2 Park Avenue Building,LP-02186,"Borough of Manhattan Tax Map Block 862, Lot 29.",Designated,,4/18/2006,Individual Landmark,,105,4,40.746332,-73.9826012,1007400,MN0501,833.5328982,43422.76359,Commercial,Hell's Kitchen,Tier 4: Neighborhood Staple
187,MN,541,18,51-54 Washington Square South,1005410018,Judson Hall,LP-00230,"Borough of Manhattan Tax Map Block 541, Lot 18.",Designated,,5/17/1966,Individual Landmark,,102,2,40.7303287,-73.9986975,1006500,MN0202,432.5872574,10718.19023,Other,Greenwich Village,Tier 5: Ultra Niche / Insider Knowledge
177,MN,1018,20,203-217 West 46th Street,1010180020,Globe Theater,LP-01350,"Borough of Manhattan Tax Map Block 1018, Lot 20.",Designated,now the Lunt-Fontanne Theater,12/8/1987,Individual Landmark,,105,3,40.7591779,-73.9859187,1012500,MN0502,483.0025806,14247.9164,Other,Tribeca,Tier 5: Ultra Niche / Insider Knowledge
174,MN,1015,51,238 West 44th Street,1010150051,Little Theater,LP-01346,"Borough of Manhattan Tax Map Block 1015, Lot 51.",Designated,now the Helen Hayes Theater,11/17/1987,Individual Landmark,,105,3,40.7578606,-73.9878393,1011900,MN0502,355.9667036,7759.862187,Other,Greenwich Village,Tier 5: Ultra Niche / Insider Knowledge
172,MN,1035,37,302-314 West 45th Street,1010350037,Martin Beck Theater,LP-01315,"Borough of Manhattan Tax Map Block 1035, Lot 37.",Designated,now the Al Hirschfeld Theater,11/4/1987,Individual Landmark,,104,3,40.7592578,-73.9892143,1012101,MN0402,471.1597637,13626.20142,Other,Tribeca,Tier 5: Ultra Niche / Insider Knowledge
166,MN,124,11,25 Park Place,1001240011,25 Park Place Building,LP-02223,"Borough of Manhattan, Tax Map Block 124, Lot 11.",Designated,,3/13/2007,Individual Landmark,,101,1,40.713385,-74.0087402,1002100,MN0102,396.8658254,5552.070085,Commercial,Upper East Side,Tier 4: Neighborhood Staple
156,MN,1019,50,220-228 West 48th Street,1010190050,Longacre Theater,LP-01348,"Borough of Manhattan Tax Map Block 1019, Lot 50.",Designated,,12/8/1987,Individual Landmark,,105,3,40.7603471,-73.9859726,1012500,MN0502,403.6125978,10176.54791,Other,Tribeca,Tier 5: Ultra Niche / Insider Knowledge
153,MN,153,24,31 Chambers Street,1001530024,Hall of Records,LP-00082,"Borough of Manhattan Tax Map Block 153, Lot 24.",Designated,now Surrogate's Court-Hall of Records,2/15/1966,Individual Landmark,,101,1,40.7135938,-74.0042421,1003100,MN0102,708.0341128,31027.18207,Other,Greenwich Village,Tier 2: National Draw
127,MN,996,21,113-123 West 43rd Street,1009960021,Town Hall,LP-01011,"Borough of Manhattan Tax Map Block 996, Lot 21.",Designated,,11/28/1978,Individual Landmark,,105,4,40.7560871,-73.9843817,1011900,MN0502,455.4811402,12830.10938,Other,Tribeca,Tier 5: Ultra Niche / Insider Knowledge
1333,QN,3451,7,55-27 Myrtle Avenue,4034510007,Ridgewood Theater Building,LP-02325,Too long,Designated,,1/12/2010,Individual Landmark,,405,34,40.7003955,-73.9074002,4055100,QN0502,184.6800971,2051.051747,Commercial,Long Island City,Tier 4: Neighborhood Staple
1315,QN,898,1,19th Street between 22nd Drive and Hoyt Avenue North,4008980001,Astoria Park Pool and Play Center,LP-02196,Too long,Designated,,6/20/2006,Individual Landmark,,401,22,40.7788714,-73.9232143,4009900,QN0191,5426.494305,1345532.732,Commercial,Jamaica,Tier 4: Neighborhood Staple
105,QN,9795,3,165-11 Jamaica Avenue,4097950003,Loew's Valencia Theater,LP-02036,"Borough of Queens Tax Map Block 9795, Lot 3",Designated,now Tabernacle of Prayer for All People,5/25/1999,Individual Landmark,,412,27,40.7062634,-73.7946905,4046000,QN1201,919.6428241,32766.83567,Other,Jamaica,Tier 5: Ultra Niche / Insider Knowledge
88,QN,4960,1,137-35 Northern Boulevard,4049600001,Flushing Town Hall,LP-00139,"Borough of Queens Tax Map Block 4960, Lot 1.",Designated,"designated as Flushing Municipal Courthouse, now Flushing Council on Culture and the Arts",7/30/1968,Individual Landmark,,407,20,40.7638978,-73.8300127,4086900,QN0707,546.3725755,18541.65618,Other,Long Island City,Tier 5: Ultra Niche / Insider Knowledge
1155,BK,2687,1,bounded by Nassau and Driggs Avenues and Monitor and Russell Streets,3026870001,Winthrop Park Shelter Pavilion,LP-00167,"Borough of Brooklyn Tax Map Block 2687, Lot 1 in part, consisting of the land on which the described improvements are situated.",Designated,now Monsignor McGolrick Park,10/19/1966,Individual Landmark,,301,33,40.7244382,-73.9433543,3059100,BK0101,408.7867241,3606.403539,Public/Civic,DUMBO,Tier 4: Neighborhood Staple
1130,MN,2,2,11 South Street,1000020002,Whitehall Ferry Terminal,LP-00547,"Borough of Manhattan Tax Map Block 2, Lot 1, in part consisting of the area on which the described improvement is situated.",Designated,now the Battery Maritime Building,5/25/1967,Individual Landmark,,101,1,40.7005502,-74.0115876,1000900,MN0101,1088.362306,56371.97088,Public/Civic,Harlem,Tier 4: Neighborhood Staple
1089,BX,3273,1,"Fordham University, East Fordham Road and East 191st Street",2032730001,Saint John's Hall,LP-00118,"Borough of The Bronx Tax Map Block 3273, Lot 1 in part, consisting of the land on which the described building is situated.",Designated,,8/18/1970,Individual Landmark,,206,15,40.8616234,-73.8853325,2039700,BX0603,283.6586911,3847.908255,Other,Pelham Bay,Tier 5: Ultra Niche / Insider Knowledge
1084,BX,3272,1,"New York Botanical Garden, Kazimiroff Boulevard",2032720001,"Conservatory, New York Botanical Garden",LP-00481,"Borough of The Bronx Tax Map Block 3272, Lot 1 in part, consisting of the land on which the described improvement is situated.",Designated,now the Enid A. Haupt Conservatory,10/16/1973,Individual Landmark,,227,11,40.8643328,-73.8777103,2033400,BX2791,2409.675883,42887.83213,Other,Fordham,Tier 2: National Draw
1082,BX,4336,1,"New York Botanical Garden, Bronx River",2043360001,"Lorillard Snuff Mill, New York Botanical Garden",LP-00121,"Borough of The Bronx Tax Map Block 4336, Lot 1 in part, consisting of the land on which the described building is situated.",Designated,,4/19/1966,Individual Landmark,,227,15,40.8622446,-73.8730468,2033400,BX2791,290.5921169,3955.112769,Other,South Bronx,Tier 2: National Draw
1063,MN,0,0,Park Avenue from East 40th Street to Grand Central Terminal,0,Park Avenue Viaduct,LP-01127,Too long,Designated,also known as the Pershing Square Viaduct,9/23/1980,Individual Landmark,,105,4,40.7517631,-73.9779294,1008200,MN0502,1192.381361,23700.94049,Public/Civic,Greenwich Village,Tier 4: Neighborhood Staple
1020,BX,3222,62,2050 Sedgewick Avenue,2032220062,"Begrisch Hall, New York University",LP-02110,Too long,Designated,now Bronx Community College,1/8/2002,Individual Landmark,,205,14,40.8577282,-73.9130447,2024900,BX0501,474.0118028,7323.824035,Other,South Bronx,Tier 5: Ultra Niche / Insider Knowledge
1019,BX,3222,62,Hall of Fame Terrace at Sedgwick Avenue,2032220062,"Hall of Fame, New York University",LP-00113,"Borough of the Bronx, Tax Map Block 3222, Lot 62 in part, consisting of the land on which the described improvement is situated.",Designated,now Bronx Community College,2/15/1966,Individual Landmark,,205,14,40.8577282,-73.9130447,2024900,BX0501,1347.03996,10215.7722,Other,South Bronx,Tier 5: Ultra Niche / Insider Knowledge
1018,BX,3222,62,Hall of Fame Terrace at Sedgwick Avenue,2032220062,"Hall of Languages, New York University",LP-00114,"Borough of the Bronx, Tax Map Block 3222, Lot 62 in part, consisting of the land on which the described building is situated.",Designated,now Bronx Community College,2/15/1966,Individual Landmark,,205,14,40.8577282,-73.9130447,2024900,BX0501,304.2771667,5452.450572,Other,Pelham Bay,Tier 5: Ultra Niche / Insider Knowledge
1017,BX,3222,62,Hall of Fame Terrace at Sedgwick Avenue,2032220062,"Cornelius Baker Hall of Philosophy, New York University",LP-00115,"Borough of the Bonx Tax Map Block 3222, Lot 62 in part, consisting of the land on which the described building is situated.",Designated,now Bronx Community College,2/15/1966,Individual Landmark,,205,14,40.8577282,-73.9130447,2024900,BX0501,301.8467159,5365.802137,Other,Fordham,Tier 5: Ultra Niche / Insider Knowledge
953,BX,3165,44,2401-2419 Grand Concourse,2031650044,Loew's Paradise Theater,LP-01891,"Borough of the Bronx Tax Map Block 3165, Lot 44.",Designated,,4/15/1997,Individual Landmark,,205,14,40.8605629,-73.8988514,2023703,BX0503,804.1118462,38860.15941,Other,Fordham,Tier 5: Ultra Niche / Insider Knowledge
448,MN,1068,10,400 West 59th Street,1010680010,"Roosevelt Hospital, William J. Syms Operating Theater",LP-01578,Too long,Designated,,7/11/1989,Individual Landmark,,104,6,40.7691988,-73.9852379,1014500,MN0701,395.7456132,9523.809698,Public/Civic,Hell's Kitchen,Tier 4: Neighborhood Staple
391,MN,841,89,80 West 40th Street,1008410089,Bryant Park Studios,LP-01542,"Borough of Manhattan Tax Map Block 841, Lot 89.",Designated,,12/13/1988,Individual Landmark,,105,4,40.753282,-73.9848408,1008400,MN0502,328.7677733,6342.356617,Public/Civic,Harlem,Tier 4: Neighborhood Staple
279,MN,1114,7501,33-43 West 61st Street,1011147501,Kent Automatic Parking Garage,LP-01239,"Borough of Manhattan, Tax Map Block 1114, Lot 1.",Designated,"later the Sofia Brothers Warehouse, now the Sofia Apartments",4/12/1983,Individual Landmark,,107,6,40.7704969,-73.9833386,1014500,MN0701,486.999887,14452.48854,Public/Civic,Greenwich Village,Tier 5: Ultra Niche / Insider Knowledge
1176,SI,523,1,111 Canal Street in Tappan Park,5005230001,Edgewater Village Hall,LP-00350,"Borough of Richmond Tax Map Block 523, Lot 1 in part and Lot 2 in part, consisting of the land on which the described building is situated.",Designated,,7/30/1968,Individual Landmark,,501,49,40.6268251,-74.0767404,5002100,SI0102,274.7455739,3725.708771,Other,Tottenville,Tier 5: Ultra Niche / Insider Knowledge
1141,QN,3866,70,"within Forest Park, west of Woodhaven Boulevard and north of West Main Drive",4038660070,Forest Park Carousel,LP-02528,"Borough of Queens Tax Map Block 3866, Lot 70 in part consisting of the parcel occupied by the pavilion, as measured to the edge of the projecting roof.",Designated,,6/25/2013,Individual Landmark,,482,32,40.6992913,-73.8626425,4064102,QN8291,284.7825498,6363.595327,Public/Civic,Flushing,Tier 4: Neighborhood Staple
1081,QN,926,1,LaGuardia Airport,4009260001,Marine Air Terminal,LP-01109,"Borough of Queens Tax Map Block 926, Lot 1 in part, consisting of the land on which the described building is situated",Designated,,11/25/1980,Individual Landmark,,480,21,40.7747472,-73.8745206,4033100,QN8081,684.2234886,21458.50239,Public/Civic,Jamaica,Tier 4: Neighborhood Staple
8,SI,7,1,2-10 Richmond Terrace,5000070001,Staten Island Borough Hall,LP-01207,"Borough of Staten Island Tax Map Block 7, Lot 1.",Designated,,3/23/1982,Individual Landmark,,501,49,40.6423996,-74.0759584,5000300,SI0101,889.1849023,54479.51384,Other,Great Kills,Tier 5: Ultra Niche / Insider Knowledge
964,BX,2518,1,105-149 West 168th Street,2025180001,Noonan Plaza Apartments,LP-02400,"Borough of the Bronx Tax Map Block 2518, Lot 1.",Designated,,6/22/2010,Individual Landmark,,204,16,40.8388696,-73.925281,2021100,BX0402,1253.018346,84548.20025,Residential,South Bronx,Tier 5: Ultra Niche / Insider Knowledge
945,BX,2504,126,1005 Jerome Avenue,2025040126,Park Plaza Apartments,LP-01077,"Borough of the Bronx Tax Map Block 2504, Lot 126",Designated,,5/12/1981,Individual Landmark,,204,16,40.8317892,-73.9266476,2018900,BX0402,1246.096214,43991.13417,Residential,Pelham Bay,Tier 5: Ultra Niche / Insider Knowledge
61,SI,7899,9,7430 Amboy Road,5078990009,"New York Public Library, Tottenville Branch",LP-01867,"Borough of Staten Island Tax Map Block 7899, Lot 9.",Designated,,5/16/1995,Individual Landmark,,503,51,40.5095965,-74.2441487,5024401,SI0305,487.8422223,13625.65099,Public/Civic,St. George,Tier 2: National Draw
43,SI,1007,26,75 Bennett Street,5010070026,"New York Public Library, Port Richmond Branch",LP-01997,"Borough of Staten Island Tax Map Block 1007, Lot 26",Designated,,10/13/1998,Individual Landmark,,501,49,40.637563,-74.1311305,5020702,SI0106,418.0372711,10921.87624,Public/Civic,Tottenville,Tier 2: National Draw
1531,BX,2918,1,1866 Washington Avenue,2029180001,"New York Public Library, Tremont Branch",LP-02677,"Borough of the Bronx Tax Map Block 2918, Lot 1",Designated,,3/5/2024,Individual Landmark,,206,15,40.8460457,-73.8983494,2039500,BX0602,303.3152648,5725.597584,Public/Civic,Riverdale,Tier 2: National Draw
1283,BX,3981,2,9 Westchester Square,2039810002,Van Schaick Free Reading Room/Huntington Free Library and Reading Room,LP-01886,"Borough of The Bronx Tax Map Block 3981, Lot 2 in part, consisting of the land on which the described building is situated.",Designated,,4/5/1994,Individual Landmark,,210,18,40.8399272,-73.8438554,2020000,BX1001,236.6960577,3150.602529,Public/Civic,South Bronx,Tier 4: Neighborhood Staple
1016,BX,3222,62,Hall of Fame Terrace at Sedgwick Avenue,2032220062,"Gould Memorial Library, New York University",LP-00112,"Borough of the Bronx Tax Map Block 3332, Lot 62 in part, consisting of the land on which the described building is situated.",Designated,now Bronx Community College,2/15/1966,Individual Landmark,,205,14,40.8577282,-73.9130447,2024900,BX0501,539.6029139,13372.17815,Public/Civic,Pelham Bay,Tier 4: Neighborhood Staple
958,BX,2615,23,610 East 169th Street,2026150023,"New York Public Library, Morrisania Branch",LP-01996,"Borough of The Bronx Tax Map Block 2615, Lot 23.",Designated,originally the McKinley Square Branch,6/16/1998,Individual Landmark,,203,17,40.8312629,-73.9017941,2014900,BX0301,423.2396682,9238.421791,Public/Civic,South Bronx,Tier 2: National Draw
950,BX,2722,63,877 Southern Boulevard,2027220063,"New York Public Library, Hunts Point Branch",LP-02323,"Borough of the Bronx, Tax Map Block 2722, Lot 63",Designated,,4/14/2009,Individual Landmark,,202,17,40.8186854,-73.8941642,2008900,BX0201,377.9520183,8880.005471,Public/Civic,Fordham,Tier 2: National Draw
943,BX,2657,30,761 East 160th Street,2026570030,"New York Public Library, Woodstock Branch",LP-02322,"Borough of the Bronx, Tax Block 2657, Lot 30.",Designated,,4/14/2009,Individual Landmark,,201,17,40.8206899,-73.9046097,2007700,BX0102,392.4027931,7359.596974,Public/Civic,Fordham,Tier 2: National Draw
771,MN,1502,1,2 East 91st Street,1015020001,Andrew and Louise Carnegie House,LP-00674,"Borough of Manhattan Tax Map Block 1502, Lot 1.",Designated,"now the Cooper-Hewitt National Design Museum, Smithsonian Institution; incorporating the George L. McAlpin House",2/19/1974,Individual Landmark,,108,4,40.7841893,-73.9578198,1015002,MN0802,882.7993359,48457.70898,Residential,Harlem,Tier 5: Ultra Niche / Insider Knowledge
1536,MN,1389,50,945 Madison Avenue,1013890050,(Former) Whitney Museum of American Art,LP-02685,"Borough of Manhattan Tax Map Block 1289, Lot 50",Designated,,5/20/2025,Individual Landmark,,108,4,40.7734073,-73.963838,1013000,MN0802,470.4231359,13661.31617,Public/Civic,Tribeca,Tier 2: National Draw
1327,QN,5017,31,149-19 38th Avenue,4050170031,"Voelker Orth Museum, Bird Sanctuary and Victorian Garden",LP-02272,"Borough of Queens Tax Map Block 5017, Lot 31 in part, consisting of that portion of the lot bounded by a line beginning at the southeasterly corner, extending northerly along the eastern property line, westerly along part of the northern property line to",Designated,,10/30/2007,Individual Landmark,,407,20,40.764711,-73.8161917,4115700,QN0704,404.2184849,9077.823858,Public/Civic,Flushing,Tier 4: Neighborhood Staple
1169,MN,1130,1,Central Park West at West 77th Street,1011300001,American Museum of Natural History,LP-00282,"Borough of Manhattan Tax Map Block 1130, Lot 1 in part, consisting of the land on which the described building is situated.",Designated,,8/24/1967,Individual Landmark,,107,6,40.7813533,-73.9740596,1016500,MN0702,3479.306029,331134.6639,Public/Civic,Greenwich Village,Tier 2: National Draw
1101,SI,4441,1,303 Center Street,5044410001,"Historical Museum, Historic Richmond Town",LP-00397-D,"Borough of Richmond Tax Map Block 4443, Lot 1 in part, consisting of the land on which the described building is situated.",Designated,County Clerk's and Surrogate's Offices,8/26/1969,Individual Landmark,,503,50,40.5711106,-74.1454376,5027900,SI0203,356.3754737,4489.196108,Public/Civic,St. George,Tier 4: Neighborhood Staple
1083,BX,3272,1,"New York Botanical Garden, Watson Drive and Garden Way",2032720001,"Museum Building, Fountain of Life, and Tulip Tree Allee, New York Botanical Garden",LP-02311,"Landmark Site: Borough of the Bronx Tax Map 3272, Lot 1 in part, consisting of the property bounded by a line that corresponds to the outermost edges of the rear (eastern) portion of the original 1898-1901 Museum (now Library) Building (excluding the Int",Designated,,3/24/2009,Individual Landmark,,227,11,40.8643328,-73.8777103,2033400,BX2791,1677.38287,159854.4643,Commercial,South Bronx,Tier 2: National Draw
784,MN,1280,1,East 42nd Street at Park Avenue,1012800001,Grand Central Terminal,LP-00266,"Borough of Manhattan Tax Map Block 1280, Lot 1.",Designated,,8/2/1967,Individual Landmark,,105,4,40.7526413,-73.9772794,1009200,MN0604,1482.297559,136882.9444,Public/Civic,Greenwich Village,Tier 1: Global Icon
702,MN,1500,1,1071 Fifth Avenue,1015000001,Solomon R. Guggenheim Museum,LP-01774,"Borough of Manhattan Tax Map Block 1500, Lot 1.",Designated,,8/14/1990,Individual Landmark,,108,4,40.7829985,-73.9589038,1015002,MN0802,672.4227806,25120.15561,Public/Civic,Tribeca,Tier 2: National Draw
540,MN,1609,1,1220-1227 Fifth Avenue,1016090001,Museum of the City of New York,LP-00448,"Borough of Manhattan Tax Map Block 1609, Lot 1.",Designated,,1/24/1967,Individual Landmark,,111,8,40.7925063,-73.951917,1016800,MN1101,724.3060997,32194.4893,Public/Civic,Tribeca,Tier 4: Neighborhood Staple
516,MN,1456,12,421 East 61st Street,1014560012,Mount Vernon Hotel Museum,LP-00426,"Borough of Manhattan Block 1456, Lot 12.",Designated,designated as the Abigail Adams Smith House,1/24/1967,Individual Landmark,,108,5,40.7605468,-73.9597335,1010602,MN0801,452.624863,12670.08333,Public/Civic,Hell's Kitchen,Tier 5: Ultra Niche / Insider Knowledge
38,SI,2966,32,420 Tompkins Avenue,5029660032,Garibaldi-Meucci Museum,LP-00377,"Borough of Richmond Tax Map Block 2966, Lot 32.",Designated,,5/25/1967,Individual Landmark,,501,49,40.6152056,-74.0738131,5003600,SI0103,679.027442,27932.41095,Public/Civic,Tompkinsville,Tier 4: Neighborhood Staple
1482,MN,1291,10,"550 Madison Avenue (aka 550-570 Madison Avenue, 13-29 East 55th Street, 14-28 East 56th Street)",1012910010,"AT&T Corporate Headquarters Building (later Sony Plaza, now 550 Madison Avenue)",LP-02600,"Borough of Manhattan Tax Map Block 1291, Lot 10",Designated,,7/31/2018,Individual Landmark,,105,4,40.7614621,-73.9735042,1010200,MN0502,806.5817996,39370.54931,Commercial,Harlem,Tier 4: Neighborhood Staple
1168,MN,1009,1,West 57th Street at Seventh Avenue,1010090001,Carnegie Hall,LP-00278,"Borough of Manhattan Tax Map Block 1009, Lot 1.",Designated,,6/20/1967,Individual Landmark,,105,6,40.7650096,-73.9799213,1013700,MN0502,815.266922,41538.77161,Other,Tribeca,Tier 1: Global Icon
1165,MN,1274,7504,768 Fifth Avenue and 2 Central Park South,1012747504,Plaza Hotel,LP-00265,"Borough of Manhattan Tax Map Block 1274, Lot 25.",Designated,,12/9/1969,Individual Landmark,,105,4,40.764454,-73.9744452,1011201,MN0502,1004.179656,61393.06727,Other,Harlem,Tier 2: National Draw
880,BK,1183,2,Grand Army Plaza,3011830002,"Brooklyn Public Library, Central Building",LP-01963,"Borough of Brooklyn Tax Map Block 1183, Lot 2.",Designated,,6/17/1997,Individual Landmark,,355,35,40.6721709,-73.968071,3017700,BK5591,1641.445649,133395.8737,Commercial,Bed-Stuy,Tier 4: Neighborhood Staple
758,MN,44,1,1 Chase Manhattan Plaza,1000440001,One Chase Manhattan Plaza,LP-02294,"Borough of Manhattan Tax Map Block 44, Lot 1.",Designated,,2/10/2009,Individual Landmark,,101,1,40.7077691,-74.0091254,1000700,MN0101,1470.671524,107883.1747,Other,Greenwich Village,Tier 5: Ultra Niche / Insider Knowledge
622,MN,1931,10,253 West 125th Street,1019310010,Apollo Theater,LP-01299,"Borough of Manhattan Tax Map Block 1931, Lot 10.",Designated,originally Hurtig & Seamon's New (Burlesque) Theater,6/28/1983,Individual Landmark,,110,9,40.810143,-73.9498452,1022200,MN1001,657.1136931,17564.59599,Other,Hell's Kitchen,Tier 2: National Draw
589,MN,226,1,75 Varick Street,1002260001,Holland Plaza Building,LP-02537,"Borough of Manhattan Tax Map Block 226, Lot 1",Designated,,9/24/2013,Individual Landmark,,102,1,40.7234391,-74.0068186,1003700,MN0201,1115.906532,64117.17725,Commercial,Greenwich Village,Tier 4: Neighborhood Staple
1515,MN,1722,30,9 West 124th Street,1017220030,"New York Public Library, Harlem Branch",LP-02652,"Borough of Manhattan, Tax Map Block 1733, Lot 30",Designated,,6/15/2021,Individual Landmark,,110,9,40.8062095,-73.9432884,1020000,MN1001,298.7136837,4775.453754,Public/Civic,Upper East Side,Tier 2: National Draw
1342,BK,3794,18,581 Stone Avenue,3037940018,"Brooklyn Public Library, Stone Avenue Branch",LP-02568,"Borough of Brooklyn Tax Map Block 3794, Lot 18",Designated,,4/14/2015,Individual Landmark,,316,41,40.6644673,-73.905172,3091000,BK1602,414.0074092,10700.19535,Public/Civic,Brooklyn Heights,Tier 4: Neighborhood Staple
1292,BK,1919,1,224-228 Ryerson Street,3019190001,Pratt Institute Library,LP-02011,"Borough of Brooklyn, Tax Map Block 1919, Lot 1 in part consisting of the land on which the described building is situated.",Designated,,12/22/1981,Individual Landmark,,302,35,40.6908674,-73.9649357,3019300,BK0204,454.9789807,9650.096433,Public/Civic,Park Slope,Tier 4: Neighborhood Staple
1170,MN,197,1,North of the College Walk (West 116th Street) between Broadway and Amsterdam Avenue,1019730001,Low Memorial Library,LP-00304,"Borough of Manhattan Tax Map Block 1973, Lot 1 in part, consisting of the land on which the described building is situated.",Designated,,9/20/1966,Individual Landmark,,109,7,40.8086626,-73.961525,1020300,MN0901,760.5185718,32273.35237,Public/Civic,Hell's Kitchen,Tier 4: Neighborhood Staple
1041,MN,464,39,135 Second Avenue,1004640039,"New York Free Circulating Library, Ottendorfer Branch",LP-00969,"Borough of Manhattan, Tax Map Block 464, Lot 37 in part.",Designated,"now the New York Public Library, Ottendorfer Brance",9/20/1977,Individual Landmark,,103,2,40.7289502,-73.9878626,1003800,MN0303,178.962159,1353.418275,Public/Civic,Hell's Kitchen,Tier 2: National Draw
922,BK,2189,1,240 Division Avenue,3021890001,"Brooklyn Public Library, Williamsburgh Branch",LP-01995,"Borough of Brooklyn Tax Map Block 2189, Lot 1",Designated,,6/15/1999,Individual Landmark,,301,33,40.7069465,-73.9575801,3052900,BK0103,629.6265601,19510.18228,Public/Civic,Bed-Stuy,Tier 4: Neighborhood Staple
900,BK,3241,18,790 Bushwick Avenue,3032410018,"Brooklyn Public Library, DeKalb Branch",LP-02054,"Borough of Brooklyn Tax Map Block 3241, Lot 18.",Designated,,5/18/2004,Individual Landmark,,304,34,40.6948139,-73.9283742,3039300,BK0401,479.0917363,14142.97958,Public/Civic,Park Slope,Tier 4: Neighborhood Staple
853,BK,1006,1,431 6th Avenue,3010060001,"Brooklyn Public Library, Park Slope Branch",LP-01994,"Borough of Brooklyn Tax Map Block 1006, Lot 1.",Designated,,10/13/1998,Individual Landmark,,306,39,40.6682354,-73.9834074,3015300,BK0602,571.8203417,18684.49505,Public/Civic,Park Slope,Tier 4: Neighborhood Staple
662,MN,1831,26,203 West 115th Street,1018310026,"New York Public Library, 115th Street Branch",LP-00298,"Borough of Manhattan Tax Map Block 1831, Lot 26.",Designated,,7/12/1967,Individual Landmark,,110,9,40.803,-73.9535131,1021800,MN1001,305.0871632,5065.435252,Public/Civic,Tribeca,Tier 2: National Draw
660,MN,1980,22,518 West 125th Street,1019800022,"New York Public Library, George Bruce Branch",LP-02304,"Borough of Manhattan Tax Map Block 1980, Lot 22",Designated,,1/13/2009,Individual Landmark,,109,7,40.813769,-73.9570532,1021100,MN0901,351.649387,6270.15587,Public/Civic,Upper East Side,Tier 2: National Draw
631,MN,1920,26,103 West 135th Street,1019200026,"New York Public Library, Schomburg Collection for Research in Black Culture",LP-01133,"Borough of Manhattan Tax Map Block 1920, Lot 26.",Designated,originally 135th Street Branch,2/3/1981,Individual Landmark,,110,9,40.8147501,-73.9412146,1022800,MN1002,545.4776639,11602.24767,Public/Civic,Hell's Kitchen,Tier 2: National Draw
574,MN,1789,37,224 East 125th Street,1017890037,"New York Public Library, 125th Street Branch",LP-02305,"Borough of Manhattan Tax Map Block 1789, Lot 37.",Designated,,1/13/2009,Individual Landmark,,111,8,40.802991,-73.9348678,1024200,MN1102,313.9996858,5323.710944,Public/Civic,Harlem,Tier 2: National Draw
548,MN,2077,26,503 West 145th Street,1020770026,"New York Public Library, Hamilton Grange Branch",LP-00599,"Borough of Manhattan Tax Map Block 2077, Lot 26.",Designated,,3/31/1970,Individual Landmark,,109,7,40.8257075,-73.9480051,1022900,MN0903,327.8199037,6191.902801,Public/Civic,Greenwich Village,Tier 2: National Draw
541,MN,1637,141,174 East 110th Street,1016370141,"New York Public Library, Aguilar Branch",LP-01837,"Borough of Manhattan Tax Map Block 1637, Lot 141.",Designated,,6/25/1996,Individual Landmark,,111,8,40.7941685,-73.9434792,1017200,MN1101,311.4297685,5285.715206,Public/Civic,Upper East Side,Tier 2: National Draw
527,MN,1871,138,206 West 100th Street,1018710138,"New York Free Circulating Library, Bloomingdale Branch",LP-01616,"Borough of Manhattan Tax Map Block 1871, Lot 138.",Designated,now Ukrainian Academy of Arts and Sciences,8/29/1989,Individual Landmark,,107,7,40.7967116,-73.9691453,1018700,MN0703,196.9456203,2376.113408,Public/Civic,Hell's Kitchen,Tier 4: Neighborhood Staple
473,MN,1433,37,222 East 79th Street,1014330037,"New York Public Library, Yorkville Branch",LP-00425,"Borough of Manhattan Tax Map Block 1433, Lot 37.",Designated,,1/24/1967,Individual Landmark,,108,5,40.7735941,-73.9564112,1013400,MN0801,287.9807085,4124.526063,Public/Civic,Harlem,Tier 2: National Draw
380,MN,1257,1,476 Fifth Avenue,1012570001,"New York Public Library, Astor, Lenox and Tilden Foundations",LP-00246,"Borough of Manhattan Tax Map Block 1257, Lot 1.",Designated,,1/11/1967,Individual Landmark,,105,4,40.7532021,-73.9822674,1008400,MN0502,1872.955099,219005.132,Public/Civic,Harlem,Tier 2: National Draw
377,MN,404,39,331 East 10th Street,1004040039,"New York Public Library, Tompkins Square Branch",LP-01998,"Borough of Manhattan Tax Map Block 404, Lot 39.",Designated,,5/18/1999,Individual Landmark,,103,2,40.7273133,-73.9804017,1003400,MN0303,296.4030081,4938.580138,Public/Civic,Upper East Side,Tier 2: National Draw
323,MN,866,25,225 Madison Avenue,1008660025,Pierpont Morgan Library and Annex,LP-00239,"Borough of Manhattan Tax Map Block 866, Lot 25.",Designated,now the Morgan Library & Museum,5/17/1966,Individual Landmark,,106,4,40.7490189,-73.9813554,1008200,MN0502,951.8375965,28554.29177,Public/Civic,Hell's Kitchen,Tier 4: Neighborhood Staple
144,MN,280,44,31 East Broadway,1002800044,"New York Public Library, Chatham Square Branch",LP-02098,"Borough of Manhattan Tax Map Block 280, Lot 44.",Designated,,11/13/2001,Individual Landmark,,103,1,40.7133194,-73.9964902,1000800,MN0301,257.1930195,3924.964879,Public/Civic,Tribeca,Tier 2: National Draw
141,MN,544,16,425 Lafayette Street,1005440016,Astor Library,LP-00016,"Borough of Manhattan Tax Map Block 544, Lot 16.",Designated,now the Joseph Papp Public Theater,10/26/1965,Individual Landmark,,102,2,40.7289615,-73.9917557,1005700,MN0202,818.0250156,31273.05499,Public/Civic,Upper East Side,Tier 4: Neighborhood Staple
131,MN,311,31,192 East Broadway,1003110031,"New York Public Library, Seward Park Branch",LP-02531,"Borough of Manhattan Tax Map Block 311, Lot 31.",Designated,,6/25/2013,Individual Landmark,,103,1,40.7144524,-73.988547,1001401,MN0302,355.2824572,6773.532328,Public/Civic,Hell's Kitchen,Tier 2: National Draw
128,MN,773,38,209-211 West 23rd Street,1007730038,"New York Public Library, Muhlenberg Branch",LP-02060,"Borough of Manhattan Tax Map Block 773, Lot 38.",Designated,,1/30/2001,Individual Landmark,,104,3,40.7445272,-73.9959436,1009100,MN0401,306.0784148,4383.541792,Public/Civic,Harlem,Tier 2: National Draw
84,QN,4042,113,121-23 14th Avenue,4040420113,"Queens Borough Public Library, Poppenhusen Branch",LP-02045,"Borough of Queens Tax Map Block 4042, Lot 113.",Designated,,5/30/2000,Individual Landmark,,407,19,40.7862131,-73.8460181,4092900,QN0701,401.1616479,10035.42524,Public/Civic,Astoria,Tier 4: Neighborhood Staple
1363,SI,2832,12,1333 Bay Street,5028320012,St. John's P.E. Church Rectory,LP-00375,"Borough of Staten Island Tax Map Block 2832, Lot 12",Designated,,6/28/2016,Individual Landmark,,501,49,40.6111879,-74.0634431,5000600,SI0103,584.0858968,18347.50016,Religious,Great Kills,Tier 4: Neighborhood Staple
1338,SI,66,0,76 Franklin Avenue,0,Christ Church Complex,LP-02383,"Borough of Staten Island, Tax Map Block 66, Lot 158 and Lot 178.",Designated,,8/10/2010,Individual Landmark,,501,49,40.6434988,-74.0928956,5008100,SI0101,1237.058039,83937.75134,Religious,St. George,Tier 4: Neighborhood Staple
1297,SI,9,28,78 Richmond Terrace,5000090028,120th Police Precinct Station House,LP-02058,Too long,Designated,originally 66th Police Precinct Station House and Headquarters,6/27/2000,Individual Landmark,,501,49,40.6446657,-74.0774744,5000700,SI0101,726.5279867,15120.6257,Residential,St. George,Tier 5: Ultra Niche / Insider Knowledge
1281,SI,7400,0,19-25 Winant Place,0,Saint Peter's German Evangelical Reformed Church at Kreischerville,LP-01875,"Borough of Staten Island Tax Map Block 7400, Lots 171. and 166.",Designated,"now Free Magyar Reformed Church, Parish Hall, and Rectory",7/26/1994,Individual Landmark,,503,51,40.5368919,-74.2384921,5022602,SI0305,651.6253253,25382.86028,Religious,St. George,Tier 4: Neighborhood Staple
1243,SI,5239,48,76 Saint Alban's Place,5052390048,Saint Alban's Episcopal Church,LP-01113,"Borough of Staten Island, Tax Map Block 5239, Lot 48 in part, consisting of the land on which the described building is situated.",Designated,originally the Church of the Holy Comforter,9/9/1980,Individual Landmark,,503,51,40.5436205,-74.1604642,5015601,SI0302,286.7259862,2777.531997,Religious,St. George,Tier 4: Neighborhood Staple
1242,SI,1,60,1 Bay Street,5000010060,"U.S. Light-House Service, Third District, Staten Island Depot Office Building",LP-01112,"Borough of Staten Island Tax Map Block 1, Lot 55 in part, consisting of the land on which the described building is situated.",Designated,later the U.S. Coast Guard Station Administration Building,11/25/1980,Individual Landmark,,501,49,40.6412972,-74.0743321,5000300,SI0101,382.9289356,4556.216575,Residential,Great Kills,Tier 5: Ultra Niche / Insider Knowledge
1226,SI,516,0,217-225 St. Paul's Avenue,0,Saint Paul's Memorial Church and Rectory,LP-00891,"Borough of Staten Island Tax Map Block 516, Lots 21 and 24.",Designated,,7/22/1975,Individual Landmark,,501,49,40.6321294,-74.0788181,5002100,SI0102,839.45138,44086.87076,Religious,Great Kills,Tier 4: Neighborhood Staple
1181,SI,2100,0,1970 Richmond Avenue,0,Asbury Methodist Church,LP-00364,"Borough of Richmond Tax Map Block 2100, Lot 400.",Designated,now Sun-Rise Interfaith Charismatic Church,3/19/1968,Individual Landmark,,502,51,40.5998683,-74.1635487,5029106,SI0204,1164.054669,73379.77616,Religious,St. George,Tier 4: Neighborhood Staple
63,SI,7267,101,584 Bloomindale Road,5072670101,Rossville A.M.E. Zion Church,LP-02416,"Borough of Staten Island Tax Map Block 7267, Lot 101",Designated,,2/1/2011,Individual Landmark,,503,51,40.5394327,-74.2182708,5022601,SI0304,935.5043513,48167.47939,Religious,Tompkinsville,Tier 4: Neighborhood Staple
58,SI,6815,59,5475 Amboy Road,5068150059,Memorial Church of the Huguenots,LP-01772,"Borough of Staten Island Tax Map Block 6815, Lot 59.",Designated,now the Reformed Church of Huguenot Park,11/20/1990,Individual Landmark,,503,51,40.5318757,-74.1924348,5020804,SI0304,896.9697371,45261.51243,Religious,Tompkinsville,Tier 4: Neighborhood Staple
56,SI,4438,61,45 Saint Patrick's Place,5044380061,Saint Patrick's Church,LP-00400,"Borough of Richmond Tax Map Block 4438, Lot 61.",Designated,,2/20/1968,Individual Landmark,,503,50,40.5709235,-74.1436554,5013800,SI0301,761.9642578,32688.0558,Religious,Great Kills,Tier 4: Neighborhood Staple
50,SI,7092,22,Crabtree Avenue,5070920022,Rossville A.M.E. Zion Church Cemetery,LP-01399,"Borough of Staten Island Tax Map Block 7092, Lot 22.",Designated,,4/9/1985,Individual Landmark,,503,51,40.5412622,-74.2203815,5022601,SI0304,1057.997931,67527.69709,Religious,Tompkinsville,Tier 5: Ultra Niche / Insider Knowledge
46,SI,6110,1,1075 Woodrow Road,5061100001,Woodrow United Methodist Church,LP-00385,"Borough of Richmond Tax Map Block 6110, Lot 1.",Designated,,11/15/1967,Individual Landmark,,503,51,40.5432734,-74.2013511,5020806,SI0303,1419.775425,121455.859,Religious,Great Kills,Tier 4: Neighborhood Staple
24,SI,2832,18,1331 Bay Street,5028320018,Saint John's Church,LP-00373,"Borough of Richmond Tax Map Block 2832, Lot 18.",Designated,,2/19/1974,Individual Landmark,,501,49,40.6114815,-74.0636595,5000600,SI0103,597.9095255,19853.36941,Religious,Great Kills,Tier 4: Neighborhood Staple
14,SI,2294,70,Old Mill Road at Arthur Kill Road,5022940070,Saint Andrew's Church,LP-00399,"Borough of Richmond Tax Map Block 2515, Lot 10.",Designated,,11/15/1967,Individual Landmark,,502,51,40.5728925,-74.1472197,5027900,SI0203,959.1209265,55424.37629,Religious,Great Kills,Tier 4: Neighborhood Staple
1524,BX,3086,38,2225 Belmont Avenue,2030860038,"Firehouse, Engine Company 88 / Ladder Company 38",LP-02669,"Borough of The Bronx Tax Map Block 3086, Lot 38",Designated,,6/13/2023,Individual Landmark,,206,15,40.8519096,-73.8878109,2039100,BX0603,302.3762025,5079.722388,Residential,South Bronx,Tier 5: Ultra Niche / Insider Knowledge
1145,BX,5833,4265,5040 Henry Hudson Parkway,2058334265,Christ Church,LP-00126,"Borough of The Bronx Tax Map Block 5833, Lot 5265 in part, consisting of the land on which the described main church building is siuated.",Designated,,1/11/1967,Individual Landmark,,208,11,40.8991403,-73.906266,2033500,BX0803,314.2036079,4035.79277,Religious,Pelham Bay,Tier 4: Neighborhood Staple
1088,BX,3273,1,"Fordham University, East Forham Road and East 191st Street",2032730001,Saint John's Church,LP-00117,"Borough of The Bronx Tax Map Block 3273, Lot 1 in part, consisting of the land on which the described building is situated.",Designated,"now University Chapel, designated as Fordham University Chapel",8/18/1970,Individual Landmark,,206,15,40.8616234,-73.8853325,2039700,BX0603,572.0585303,12066.0423,Religious,Pelham Bay,Tier 4: Neighborhood Staple
1024,BX,2518,14,1272 Ogden Avenue,2025180014,Union Reformed Church of Highbridge,LP-02401,"Borough of the Bronx Tax Map Block 2518, Lot 14 in part, excluding the easternmost 50 feet of the lot.",Designated,now Highbridge Community Church,11/16/2010,Individual Landmark,,204,16,40.8394103,-73.9251755,2021100,BX0402,528.2609199,16991.31698,Religious,South Bronx,Tier 4: Neighborhood Staple
986,BX,5912,55,4765 Henry Hudson Parkway,2059120055,Riverdale Presbyterian Church Rectory,LP-00129,"Borough of The Bronx Tax Map Block 5912, Lot 55.",Designated,also known as Duff House,4/19/1966,Individual Landmark,,208,11,40.8957479,-73.9097974,2030701,BX0803,364.3724935,7368.383274,Religious,Fordham,Tier 5: Ultra Niche / Insider Knowledge
978,BX,3257,111,3101 Kingsbridge Terrace,2032570111,40th Police Precinct Station House,LP-01285,"Borough of the Bronx Tax Map Block 3257, Lot 111.",Designated,later the 50th Police Precinct Station House,7/15/1986,Individual Landmark,,208,14,40.8775761,-73.9007023,2027700,BX0801,485.4353422,14297.75394,Residential,South Bronx,Tier 5: Ultra Niche / Insider Knowledge
977,BX,3325,5,3016 Webster Avenue,2033250005,52nd Police Precinct Station House,LP-00771,"Borough of The Bronx Tax Map Block 3325, Lot 5.",Designated,,6/18/1974,Individual Landmark,,207,11,40.8685845,-73.8804395,2042500,BX0703,1808.178505,154272.0398,Residential,Pelham Bay,Tier 5: Ultra Niche / Insider Knowledge
976,BX,5912,13,4765 Henry Hudson Parkway,2059120013,Riverdale Presbyterian Church,LP-00128,"Borough of The Bronx Tax Map Block 5912, Lot 13.",Designated,,4/19/1966,Individual Landmark,,208,11,40.8958406,-73.9090305,2030701,BX0803,1434.198653,55139.53454,Religious,South Bronx,Tier 4: Neighborhood Staple
975,BX,3190,1,2500 Jerome Avenue,2031900001,Saint James Episcopal Church and Parish House,LP-01081,"Borough of The Bronx, Tax Map Block 3190, Lot 1.",Designated,,11/25/1980,Individual Landmark,,207,14,40.8639011,-73.8996201,2040100,BX0701,923.9777838,48220.09199,Religious,Riverdale,Tier 5: Ultra Niche / Insider Knowledge
959,BX,2550,28,618 East 138th Street,2025500028,"Firehouse, Engine Company 83 and Hook & Ladder 29",LP-02520,"Borough of the Bronx Tax Map Block 2550, Lot 28",Designated,,6/12/2012,Individual Landmark,,201,8,40.8058222,-73.9158252,2002701,BX0101,320.402594,5565.697926,Residential,Fordham,Tier 5: Ultra Niche / Insider Knowledge
957,BX,2331,33,330 East 150th Street,2023310033,"Firehouse, Engine Company 41",LP-02521,"Borough of the Bronx Tax Map Block 2331, Lot 33",Designated,,6/12/2012,Individual Landmark,,201,17,40.8172433,-73.920157,2006500,BX0102,257.369382,2646.686818,Residential,Riverdale,Tier 5: Ultra Niche / Insider Knowledge
956,BX,2675,33,655-659 and 661 Prospect Avenue,2026750033,"Firehouses, Engine Company 73 and Hook & Ladder Company 42",LP-02524,"Borough of the Bronx Tax Map Block 2675, Lot 33",Designated,,2/12/2013,Individual Landmark,,201,8,40.8152683,-73.9037432,2007900,BX0102,320.068508,5771.811994,Residential,South Bronx,Tier 5: Ultra Niche / Insider Knowledge
955,BX,2909,40,451-453 East 176th Street,2029090040,"Firehouse, Engine Company 46",LP-02523,"Borough of the Bronx Tax Map Block 2909, Lot 40",Designated,now Engine Company 45 and Hook & Ladder 17,2/12/2013,Individual Landmark,,206,15,40.8463703,-73.8992164,2039500,BX0602,319.9626005,5486.27334,Residential,Fordham,Tier 5: Ultra Niche / Insider Knowledge
949,BX,2267,44,295 Saint Ann's Avenue,2022670044,Saint Ann's Church and Graveyard,LP-00101,"Borough of the Bronx Tax Map Block 2267, Lot 44.",Designated,,6/9/1967,Individual Landmark,,201,8,40.8084363,-73.9173427,2003900,BX0101,1499.174196,94552.61634,Religious,Pelham Bay,Tier 5: Ultra Niche / Insider Knowledge
948,BX,2727,17,1086 Simpson Street,2027270017,62nd Police Precinct Station House,LP-01809,"Borough of The Bronx Tax Map Block 2727, Lot 17.",Designated,later 41st Police Precinct Station House,6/2/1992,Individual Landmark,,202,17,40.8256199,-73.8926536,2012701,BX0202,405.3143531,10267.445,Residential,Riverdale,Tier 5: Ultra Niche / Insider Knowledge
944,BX,3848,18,2500 Westchester Avenue,2038480018,"Saint Peter's Church, Chapel and Cemetery",LP-00917,"Tax Map Block 3848, Lots 18 and 6 in part (that portion of the lot extending to the western boundary of the cemetery which stretches from Westchester Avenue to Butler Place).",Designated,,3/23/1976,Individual Landmark,,210,18,40.8383161,-73.8439098,2009600,BX1001,1584.796217,139604.4197,Religious,South Bronx,Tier 5: Ultra Niche / Insider Knowledge
941,BX,2803,26,324 East Tremont Avenue,2028030026,Tremont Baptist Church,LP-02048,"Borough of the Bronx Tax Map Block 2803, Lot 26.",Designated,,2/8/2000,Individual Landmark,,205,15,40.8482147,-73.9023257,2023302,BX0502,401.928263,9673.227743,Religious,Fordham,Tier 4: Neighborhood Staple
1481,QN,15559,25,16-15 Central Avenue,4155590025,"Firehouse, Engine Companies 264 & 328 / Ladder Company 134",LP-02609,"Borough of Queens Tax Map Block 15559, Lot 25 in part",Designated,,5/29/2018,Individual Landmark,,414,31,40.6045047,-73.7523099,4103202,QN1401,315.4481095,6104.524323,Residential,Jamaica,Tier 5: Ultra Niche / Insider Knowledge
1480,QN,15557,4,16-12 Mott Avenue,4155570004,53rd (now 101st) Precinct Police Station,LP-02610,"Borough of Queens Tax Map Block 15557, Lot 4.",Designated,,5/29/2018,Individual Landmark,,414,31,40.6029433,-73.7499749,4103202,QN1401,402.2594803,10112.17306,Public/Civic,Astoria,Tier 4: Neighborhood Staple
1388,QN,5022,1,143-11 (143-19) Roosevelt Avenue,4050220001,Protestant Reformed Dutch Church of Flushing (Bowne Street Community Church),LP-02137,"Borough of Queens Tax Map Block 5022, Lot 1 in part",Designated,,12/13/2016,Individual Landmark,,407,20,40.7614734,-73.8240014,4086500,QN0707,589.1681668,20193.29969,Religious,Long Island City,Tier 4: Neighborhood Staple
1287,QN,10097,10,153-10 Jamaica Avenue,4100970010,First Reformed Church of Jamaica,LP-01939,Too long,Designated,,1/30/1996,Individual Landmark,,412,27,40.7024605,-73.8017206,4024000,QN1201,678.8988505,26628.55996,Religious,Jackson Heights,Tier 4: Neighborhood Staple
1236,QN,10103,16,94-20 160th Street,4101030016,Saint Monica's Church,LP-01017,"Borough of Queens Tax Map Block 10103, Lot 16 in part.",Designated,,3/13/1979,Individual Landmark,,412,27,40.7013339,-73.7978614,4024600,QN1201,330.1316422,5331.529682,Religious,Jamaica,Tier 4: Neighborhood Staple
1192,QN,9754,11,155-03 Jamaica Avenue,4097540011,Grace Episcopal Church and Graveyard,LP-00487,"Borough of Queens Tax Map Block 9754, Lot 1 in part, consisting of the land on which the described improvements are situated.",Designated,,5/25/1967,Individual Landmark,,412,27,40.703909,-73.8012619,4024000,QN1201,1545.163213,96879.56996,Religious,Long Island City,Tier 5: Ultra Niche / Insider Knowledge
1105,SI,4441,100,Center Street,0,Rezeau-Van Pelt Cemetery,LP-00397-H,"Borough of Richmond Tax Map Block 4442, Lot 11 in part, consisting of the land on which the described cemetery is situated.",Designated,,8/26/1969,Individual Landmark,,503,50,40.5708217,-74.1459877,5027900,SI0203,181.2023661,2019.739419,Public/Civic,Great Kills,Tier 5: Ultra Niche / Insider Knowledge
1015,QN,4975,1,38-02 Main Street,4049750001,"Saint George's Church, Old Parish House and Graveyard",LP-02053,Too long,Designated,,2/8/2000,Individual Landmark,,407,20,40.7603451,-73.8311986,4087100,QN0707,738.5339071,25224.17731,Religious,Flushing,Tier 5: Ultra Niche / Insider Knowledge
112,QN,16212,14,259 Beach 116th Street,4162120014,"Firehouse, Engine Company 268 and Hook & Ladder Company 137",LP-02527,"Borough of Queens Tax Map Block 16212, Lot 14",Designated,,2/12/2013,Individual Landmark,,414,32,40.5808493,-73.8381863,4093402,QN1403,325.3102368,6154.519944,Residential,Flushing,Tier 5: Ultra Niche / Insider Knowledge
79,QN,3294,20,111-02 Queens Boulevard,4032940020,"Firehouse, Engine Company 305 and Hook & Ladder 151",LP-02522,"Borough of Queens Tax Map Block 3294, Lot 20",Designated,,6/12/2012,Individual Landmark,,406,29,40.7182143,-73.8377482,4076901,QN0602,302.7726814,5215.408184,Residential,Astoria,Tier 5: Ultra Niche / Insider Knowledge
1545,MN,341,26,440 GRAND STREET,1003410026,Church of Saint Mary,LP-02694,"Borough of Manhattan, Tax Map Block 341, Lot 26",Designated,,4/7/2026,Individual,,103,1,40.7158766,-73.9852317,1001402,MN0302,536.004671,14664.75729,Religious,Upper East Side,Tier 4: Neighborhood Staple
1514,MN,2176,30,715 West 179th Street (aka 715-721 West 179th Street; 426-434 Fort Washington Avenue),1021760030,Holyrood Episcopal Church-Iglesia Santa Cruz,LP-02649,"Borough of Manhattan, Tax Map Block 2176, Lot 30",Designated,,5/18/2021,Individual Landmark,,112,10,40.8494253,-73.938408,1026500,MN1202,551.8818477,17872.86563,Religious,Tribeca,Tier 4: Neighborhood Staple
1503,BK,967,1,"153 2nd Street (aka 322 Third Avenue, 340 Third Avenue)",3009670001,Brooklyn Rapid Transit Company (BRT) Central Power Station Engine House,LP-02639,"Borough of Brookly Tax Map Block 967, Lot 1 in part",Designated,,10/29/2019,Individual Landmark,,306,39,40.6765856,-73.9885716,3011901,BK0601,590.1797164,19996.21649,Residential,DUMBO,Tier 5: Ultra Niche / Insider Knowledge
1502,BK,411,14,201 Douglass Street (aka 196 Butler Street),3004110014,Gowanus Canal Flushing Tunnel Pumping Station and Gate House,LP-02638,"Borough of Brooklyn Tax Map Block 411, Lot 14 in part",Designated,,10/29/2019,Individual Landmark,,306,39,40.681828,-73.9870419,3007100,BK0601,459.802799,12425.86966,Residential,Bed-Stuy,Tier 5: Ultra Niche / Insider Knowledge
1494,MN,501,30,99 Wooster Street,1005010030,Gay Activists Alliance Firehouse,LP-02632,"Borough of Manhattan Tax Map Block 501, Lot 30",Designated,,6/18/2019,Individual Landmark,,102,1,40.7245921,-74.0010823,1004900,MN0201,257.4415696,2661.262508,Residential,Tribeca,Tier 5: Ultra Niche / Insider Knowledge
1486,MN,1443,37,346 East 69th Street,1014430037,First Hungarian Reformed Church,LP-02601,"Borough of Manhattan Tax Map Block 1443, Lot 37",Designated,,6/11/2019,Individual Landmark,,108,5,40.7661155,-73.9585027,1011800,MN0801,223.5735756,2575.146927,Religious,Greenwich Village,Tier 4: Neighborhood Staple
1387,BK,3306,6,138 Bleecker Street,3033060006,St. Barbara's Roman Catholic Church,LP-01201,"Borough of Brooklyn Tax Map Block 3306, Lot 6 in part",Designated,,12/13/2016,Individual Landmark,,304,37,40.6957719,-73.9202339,3041900,BK0402,531.6202559,16706.45113,Religious,Bed-Stuy,Tier 4: Neighborhood Staple
1379,MN,1308,7501,601 Lexington Avenue,1013087501,Citicorp Center (now 601 Lexington Avenue) including Saint Peter's Church,LP-02582,"Borough of Manhattan Tax Map Block 1308, Lot 7501",Designated,,12/6/2016,Individual Landmark,,106,4,40.7583981,-73.9700366,1010000,MN0604,1252.398547,76225.83625,Religious,Upper East Side,Tier 4: Neighborhood Staple
1365,MN,137,25,160 Chambers Street,1001370025,"(Former) Firehouse, Engine Company 29",LP-02564,"Borough of Manhattan Tax Map Block 137, Lot 25",Designated,,6/28/2016,Individual Landmark,,101,1,40.7158139,-74.010371,1002100,MN0102,210.0352002,2055.295002,Residential,Upper East Side,Tier 5: Ultra Niche / Insider Knowledge
1361,MN,1645,7,121 (115 - 125) East 117th Street,1016450007,Saint Paul Roman Catholic Church,LP-00291,"Borough of Manhattan Tax Map Block 1645, Lot 7 in part. See designation report for entire site description",Designated,,6/28/2016,Individual Landmark,,111,8,40.7999782,-73.94169,1018200,MN1102,572.0822291,20128.6566,Religious,Harlem,Tier 4: Neighborhood Staple
1358,MN,1966,67,401-403 West 125th Street,1019660067,Church of St. Joseph of the Holy Family,LP-00303,"Borough of Manhattan Tax Map Block 1966, Lot 67 in part. See desgination report for entire site description",Designated,,6/28/2016,Individual Landmark,,109,7,40.8117752,-73.9541175,1020901,MN0901,404.0025665,8300.935466,Religious,Hell's Kitchen,Tier 4: Neighborhood Staple
1352,MN,1871,0,201 West 99th Street and 225 West 99th Street,0,"St. Michael's Episcopal Church, Parish House and Rectory",LP-02281,"Borough of Manhattan Tax Map Block 1871, Lots 24 and 29",Designated,,4/12/2016,Individual Landmark,,107,7,40.7964234,-73.9692177,1018700,MN0703,767.6328468,31361.06732,Religious,Greenwich Village,Tier 5: Ultra Niche / Insider Knowledge
1325,MN,1131,31,8 Columbus Avenue,1011310031,Church of Saint Paul the Apostle,LP-02260,"Borough of Manhattan Tax Map Block 1131, Lot 31",Amended,,6/25/2013,Individual Landmark,,107,6,40.769885,-73.9851006,1014500,MN0701,889.3351461,39388.88866,Religious,Greenwich Village,Tier 4: Neighborhood Staple
1324,MN,884,30,151 East 28th Street,1008840030,Saint Stephen's Church,LP-02259,"Borough of Manhattan Tax Map Block 884, lot 30 in part, consisting of the land on which the church is situated.",Designated,also known as the Church of Our Lady of the Scapular and Saint Stephen,10/28/2008,Individual Landmark,,106,2,40.7425743,-73.9814041,1007200,MN0603,632.0069367,15466.96341,Religious,Hell's Kitchen,Tier 4: Neighborhood Staple
1310,BK,6699,4,802 East 16th Street,3066990004,Avenue H Station House,LP-02158,"Borough of Brooklyn Tax Map Block 6699, Lot 119-431 in part, consisting of the land on which the building is situated.",Designated,,6/29/2004,Individual Landmark,,314,45,40.6296138,-73.9617002,3053200,BK1403,183.7212458,2109.579266,Residential,Bed-Stuy,Tier 5: Ultra Niche / Insider Knowledge
1295,MN,1991,32,490-498 Riverside Drive,1019910032,The Riverside Church,LP-02037,"Borough of Manhattan Tax Map Block 1991, lot 32, in part, consisting of the land on which the 1928-30 church, tower, chapel, and ""cloister"" passage extending to Claremont Avenue, are situated.",Designated,,5/16/2000,Individual Landmark,,109,7,40.8117537,-73.9630874,1020500,MN0901,999.9582625,31953.02874,Religious,Hell's Kitchen,Tier 4: Neighborhood Staple
1276,BK,1620,0,828 and 826 Greene Avenue,0,Antioch Baptist Church,LP-01790,"Borough of Brooklyn Tax Map Block 1620, Lots 25 and 24.",Designated,originally the Greene Avenue Baptist Church and Church House,11/20/1990,Individual Landmark,,303,36,40.6900282,-73.9349565,3029100,BK0302,442.1378271,12143.97446,Religious,Bed-Stuy,Tier 5: Ultra Niche / Insider Knowledge
1256,MN,2083,35,1854 Amsterdam Avenue,1020830035,32nd Police Precinct Station House,LP-01389,"Borough of Manhattan Tax Map Block 2083, Lot 33.",Amended,later the 30th Police Precinct Station House,7/15/1986,Individual Landmark,,109,7,40.8296419,-73.9447788,1023700,MN0903,412.117798,10605.61776,Residential,Hell's Kitchen,Tier 5: Ultra Niche / Insider Knowledge
1251,BK,345,0,358-366 Court Street and 253-269 President Street,0,South Congregational Church Complex,LP-01245,"Borough of Brooklyn Tax Map Block 345, Lot 31 and 40.",Designated,,3/23/1982,Individual Landmark,,306,39,40.6820208,-73.9964342,3006700,BK0601,575.0670215,19181.72736,Religious,Park Slope,Tier 4: Neighborhood Staple
1239,MN,865,0,205 and 209 Madison Avenue,0,Church of the Incarnation and Rectory,LP-01046,"Borough of Manhattan Tax Map Block 865, Lot 18 and 19.",Designated,,9/11/1979,Individual Landmark,,106,4,40.7484481,-73.9819871,1008200,MN0502,512.9913173,15703.5933,Religious,Harlem,Tier 4: Neighborhood Staple
1233,MN,34,37,100 Old Slip,1000340037,First Precinct Police Station,LP-00968,"Borough of Manhattan Tax Map Block 34, Lot 37.",Designated,now the New York City Police Museum,9/20/1977,Individual Landmark,,101,1,40.7036768,-74.0083566,1000700,MN0101,401.5855239,6126.061451,Public/Civic,Harlem,Tier 4: Neighborhood Staple
1191,MN,859,6,1 East 29th Street,1008590006,Church of the Transfiguration,LP-00470,"Borough of Manhattan Tax Map Block 859, Lot 6.",Amended,also known as the Little Church around the Corner,5/25/1967,Individual Landmark,,105,2,40.7451495,-73.9859073,1007400,MN0501,506.2763367,15472.50262,Religious,Greenwich Village,Tier 4: Neighborhood Staple
1190,MN,1495,33,980 Park Avenue,1014950033,Church of Saint Ignatius Loyola,LP-00431,"Borough of Manhattan Tax Map Block 1495, Lot 33 in part, consisting of the land on which the described building is situated.",Designated,,3/4/1969,Individual Landmark,,108,4,40.77895,-73.9589677,1014200,MN0802,610.8402298,17951.95055,Religious,Upper East Side,Tier 4: Neighborhood Staple
1188,MN,1400,20,869 Lexington Avenue and 141-151 East 65th Street,1014000020,Church of Saint Vincent Ferrer Complex,LP-00416,"Borough of Manhattan Tax Map Block 1400, Lot 20 in part, consisting of the land on which the described building is situated.",Designated,,2/28/1967,Individual Landmark,,108,4,40.7661011,-73.9647553,1012000,MN0802,685.2318388,22296.61738,Religious,Upper East Side,Tier 4: Neighborhood Staple
1161,MN,751,76,300 Ninth Avenue,1007510076,Church of the Holy Apostles,LP-00231,"Borough of Manhattan Tax Map Block 751, Lot 76.",Designated,,10/19/1966,Individual Landmark,,104,3,40.7492702,-73.9988198,1009700,MN0401,516.4201939,15013.04819,Religious,Tribeca,Tier 4: Neighborhood Staple
1160,BK,7812,1,Kings Highway at East 40th Street,3078120001,Flatlands Dutch Reformed Church,LP-00177,"Borough of Brooklyn Tax Map Block 7812, Lot 1 NW.",Designated,,7/19/1966,Individual Landmark,,318,45,40.6240608,-73.9362276,3073600,BK1801,1101.400854,43148.65715,Religious,Bed-Stuy,Tier 4: Neighborhood Staple
1159,BK,6327,10,"18th Avenue, from 83rd to 84th Streets",3063270010,New Utrecht Reformed Dutch Church,LP-00172,"Borough of Brooklyn Tax Map Block 6327, Lot 10 SE in part, consisting of the land on which the described building is situated.",Amended,,3/15/1966,Individual Landmark,,311,38,40.6083069,-74.0005402,3027800,BK1101,245.2049188,3438.3476,Religious,Park Slope,Tier 4: Neighborhood Staple
1157,BK,5102,1,890 Flatbush Avenue,3051020001,Flatbush Dutch Reformed Church,LP-00170,"Borough of Brooklyn Tax Map Block 5102, Lot 1 SE in part, consisting of the land on which the described building is situated.",Amended,,3/15/1966,Individual Landmark,,314,40,40.6498201,-73.9593102,3051002,BK1401,312.6216712,4928.711999,Religious,Brooklyn Heights,Tier 4: Neighborhood Staple
1156,BK,4307,1,630 New Lots Avenue,3043070001,New Lots Reformed Church,LP-00169,"Borough of Brooklyn Tax Map Block 4307, Lot 1 SE in part, consisting of the land on which the described building is situated.",Designated,now New Lots Community Church,7/19/1966,Individual Landmark,,305,42,40.6645597,-73.8860173,3112200,BK0503,209.4792476,2678.296607,Religious,Park Slope,Tier 4: Neighborhood Staple
1072,MN,2143,38,21 Wadsworth Avenue,1021430038,Fort Washington Presbyterian Church,LP-02337,"Borough of Manhattan Tax Map Block 2143, Lot 38 in part, excluding the Sunday School",Designated,,5/12/2009,Individual Landmark,,112,10,40.8453684,-73.9378696,1026300,MN1201,420.5136567,8614.398088,Religious,Hell's Kitchen,Tier 4: Neighborhood Staple
1064,BK,1909,47,230 Classon Avenue,3019090047,Saint Mary's Episcopal Church,LP-02013,"Borough of Brooklyn, Tax Map Block 1909, Lot 47, in part, consisting of the land on which the described building is situated.",Designated,,10/27/1981,Individual Landmark,,302,35,40.6927655,-73.9611122,3019300,BK0204,402.8534984,6457.405543,Religious,Brooklyn Heights,Tier 4: Neighborhood Staple
1057,MN,455,24,334 East 14th Street,1004550024,First German Baptist Church,LP-02475,"Manhattan Block 455, Lot 24 in part, beginning at a point at the northwest corner of lot 24, proceeding south along the western lot line for 69 feet 8 inches, then east at a 90 degree angle through the lot to the eastern lot line, then north along the ea",Designated,"later Ukranian Autocephalic Church of St. 
Volodymyr/later Congregation Tifereth Israel Town and Village Synagogue",10/28/2014,Individual Landmark,,103,2,40.7314995,-73.9836839,1004001,MN0303,257.9607595,4131.249898,Religious,Harlem,Tier 4: Neighborhood Staple
1050,MN,1131,31,8 Columbus Avenue,1011310031,Church of Saint Paul the Apostle,LP-02260A,"Borough of Manhattan Tax Map Block 1131, Lot 31 in part, consisting of the land beneath the Church of St. Paul the Apostle, including the West 60th Street areaway.",Designated,,7/23/2013,Individual Landmark,,107,6,40.769885,-73.9851006,1014500,MN0701,835.3797701,34614.71099,Religious,Greenwich Village,Tier 4: Neighborhood Staple
1043,MN,557,1,800 Broadway,1005570001,Grace Church,LP-00203,"Borough of Manhattan Tax Map Block 557, Lot 1.",Designated,,3/15/1966,Individual Landmark,,102,2,40.7319477,-73.990846,1006100,MN0202,933.893212,37727.40098,Religious,Upper East Side,Tier 4: Neighborhood Staple
1022,MN,1754,0,47 East 129th Street,0,Church of All Saints Complex,LP-02165,"Borough of Manhattan Tax Map Block 1754, Lots 20 and 24.",Designated,,1/30/2007,Individual Landmark,,111,9,40.8084192,-73.938334,1020600,MN1102,678.5044363,25162.69147,Religious,Greenwich Village,Tier 4: Neighborhood Staple
979,BX,3251,401,3205 Jerome Avenue,2032510401,High Pumping Station,LP-01080,"Borough of The Bronx, Tax Map Block 3251, Lot 401 in part.",Designated,,7/28/1981,Individual Landmark,,207,11,40.878151,-73.8871085,2040900,BX0702,1984.049483,120473.9977,Public/Civic,Riverdale,Tier 4: Neighborhood Staple
952,BX,3133,25,2103 Bryant Avenue,2031330025,Old West Farms Soldiers' Cemetery,LP-00624,"Borough of The Bronx Tax Map Block 3133, Lot 25.",Designated,,8/2/1967,Individual Landmark,,206,15,40.843675,-73.8792229,2036100,BX0601,690.5094472,29409.64131,Public/Civic,Riverdale,Tier 5: Ultra Niche / Insider Knowledge
927,BK,2139,37,179 South 9th Street,3021390037,New England Congregational Church,LP-02009,"Borough of Brooklyn Tax Map Block 2139, Lot 37.",Designated,now Light of the World Church,11/24/1981,Individual Landmark,,301,34,40.7086909,-73.9618424,3052500,BK0102,378.2399945,8421.308018,Religious,Brooklyn Heights,Tier 4: Neighborhood Staple
926,BK,2827,7503,43 Herbert Street,3028277503,19th Police Precinct Station House and Stable,LP-01703,"Borough of Brooklyn Tax Map Block 2827, Lot 36.",Designated,,9/21/1993,Individual Landmark,,301,34,40.7198849,-73.9437947,3047700,BK0104,346.7396926,7199.515826,Residential,Bed-Stuy,Tier 5: Ultra Niche / Insider Knowledge
913,BK,5102,143,2101-2103 Kenmore Terrace,3051020143,Flatbush Dutch Reformed Church Parsonage,LP-01013,"Borough of Brooklyn Tax Map Block 5102, Lot 143.",Designated,,1/9/1979,Individual Landmark,,314,40,40.6493975,-73.9595771,3051002,BK1401,373.8692578,8461.139695,Religious,DUMBO,Tier 4: Neighborhood Staple
912,BK,5285,21,1307-1309 Prospect Avenue,3052850021,"Firehouse, Engine Company 40 and Hook & Ladder Company 21",LP-02526,"Borough of Brooklyn Tax Map Block 5285, Lot 21",Designated,"now Engine Company 240, Battalion 48",2/12/2013,Individual Landmark,,307,39,40.6511998,-73.97544,3050401,BK0701,291.8986961,4220.834206,Residential,Williamsburg,Tier 5: Ultra Niche / Insider Knowledge
908,BK,5102,1,890 Flatbush Avenue,3051020001,"Flatbush Dutch Reformed Church, Expanded Site",LP-00170E,"Borough of Brooklyn Tax Map Block 5102, Lot 1.",Designated,,1/9/1979,Individual Landmark,,314,40,40.6498201,-73.9593102,3051002,BK1401,1259.433105,70312.7242,Religious,DUMBO,Tier 4: Neighborhood Staple
903,BK,3246,5,179 Wilson Avenue,3032460005,20th Precinct Police Station House and Stable,LP-00951,"Borough of Brooklyn Tax Map Block 3246, Lot 5.",Designated,"later the 83rd Precinct Police Station House, now Brooklyn North Task Force",3/8/1977,Individual Landmark,,304,37,40.6996799,-73.923421,3042900,BK0401,408.1895352,10413.57115,Residential,Bed-Stuy,Tier 5: Ultra Niche / Insider Knowledge
896,BK,3264,1,855-867 Bushwick Avenue,3032640001,Reformed Church of South Bushwick,LP-00168,"Borough of Brooklyn Tax Map Block 3264, Lot 36.",Designated,,3/19/1968,Individual Landmark,,304,34,40.6942826,-73.9259298,3039500,BK0402,504.2521122,15348.00479,Religious,Park Slope,Tier 4: Neighborhood Staple
895,BK,1933,121,298 Classon Avenue,3019330121,4th Police Precinct Station House,LP-02562,"Borough of Brooklyn Tax Map Block 1933, Lot 121",Designated,now 88th Police Precinct,1/14/2014,Individual Landmark,,302,35,40.6900727,-73.9605585,3019300,BK0204,421.9211575,11111.77263,Residential,Brooklyn Heights,Tier 5: Ultra Niche / Insider Knowledge
885,BK,2010,10,520 Clinton Avenue,3020100010,Saint Luke's Episcopal Church,LP-02014,"Borough of Brooklyn, Tax Map Block 2010, Lot 10.",Designated,now the Church of Saint Luke and Saint Matthew,5/12/1981,Individual Landmark,,302,35,40.6826804,-73.9672078,3019900,BK0204,729.9588629,27218.27183,Religious,Park Slope,Tier 4: Neighborhood Staple
877,BK,2004,33,88 Hanson Place,3020040033,Hanson Place Baptist Church,LP-00664,"Borough of Brooklyn Tax Map Block 2004, Lot 33.",Designated,now Hanson Place Seventh Day Adventist Church,10/13/1970,Individual Landmark,,302,35,40.6852485,-73.9739311,3017900,BK0203,510.6114625,14826.37273,Religious,Bed-Stuy,Tier 4: Neighborhood Staple
875,BK,1813,41,800 Marcy Avenue,3018130041,Saint George's Episcopal Church,LP-00946,"Borough of Brooklyn Tax Map Block 1813, Lot 41.",Designated,,1/11/1977,Individual Landmark,,303,36,40.6862716,-73.9477641,3025100,BK0301,502.0801132,15243.26366,Religious,DUMBO,Tier 4: Neighborhood Staple
870,BK,1200,16,1227 Pacific Street,3012000016,Saint Bartholomew's Church,LP-00820,"Borough of Brooklyn Tax Map Block 1200, Lot 16.",Designated,,3/19/1974,Individual Landmark,,308,36,40.6781517,-73.9520319,3031500,BK0802,655.89387,24583.34011,Religious,Williamsburg,Tier 4: Neighborhood Staple
867,BK,1932,42,279 Lafayette Avenue,3019320042,Emmanuel Baptist Church,LP-00160,"Borough of Brooklyn Tax Map Block 1932, Lot 42W.",Designated,,11/12/1968,Individual Landmark,,302,35,40.6885591,-73.965265,3019700,BK0204,556.3644621,16854.76689,Religious,DUMBO,Tier 4: Neighborhood Staple
866,BK,1957,28,40 Greene Avenue,3019570028,Saint Casimir's Roman Catholic Church,LP-02476,"Borough of Brooklyn, Tax Map Block 1957, Lot 28",Designated,now the Paul Robeson Theatre,10/25/2011,Individual Landmark,,302,35,40.6858928,-73.9708913,3017900,BK0203,287.0885247,4277.943508,Religious,DUMBO,Tier 4: Neighborhood Staple
857,BK,6325,1,"adjacent to 16th Avenue, from 84th to 85th Streets",3063250001,New Utrecht Reformed Dutch Church Cemetery,LP-01978,"Borough of Brookly Tax Map Block 6325, Lot 1.",Designated,,1/13/1998,Individual Landmark,,311,47,40.6107716,-74.0059895,3018000,BK1102,841.3512607,43518.24151,Religious,Brooklyn Heights,Tier 5: Ultra Niche / Insider Knowledge
854,BK,6327,10,"18th Avenue, from 83rd to 84th Streets",3063270010,"New Utrecht Reformed Dutch Church and Parish House, Expanded Landmark Site",LP-00172E,"Borough of Brooklyn Tax Map Block 6327, Lot 10.",Designated,,1/13/1998,Individual Landmark,,311,38,40.6083069,-74.0005402,3027800,BK1101,930.5114215,47619.67495,Religious,Bed-Stuy,Tier 5: Ultra Niche / Insider Knowledge
845,BK,2047,7,311 Bridge Street,3020470007,First Free Congregational Church,LP-02004,"Borough of Brooklyn Tax Map Block 2047, Lot 7.",Designated,"later the Bridge Street African Wesleyan Methodist Episcopal Church, now part of Polytechnic Institute of New York University, Wunsch Student Center",11/24/1981,Individual Landmark,,302,33,40.6943246,-73.984883,3001502,BK0202,357.9926885,7782.494512,Religious,DUMBO,Tier 4: Neighborhood Staple
841,BK,709,19,436 39th Street,3007090019,"Firehouse, Engine Company 28",LP-02525,"Borough of Brooklyn Tax Map Block 709, Lot 19",Designated,now Engine Company 228,2/12/2013,Individual Landmark,,307,38,40.6518227,-74.0052941,3008400,BK0702,250.3160262,2436.58672,Residential,Park Slope,Tier 5: Ultra Niche / Insider Knowledge
832,BK,127,1,271-301 Cadman Plaza East (Washington Street),3001270001,"United States Post Office and Court House, Brooklyn Central Office",LP-00146,"Borough of Brooklyn Tax Map Block 127, Lot 1.",Designated,,7/19/1966,Individual Landmark,,302,33,40.695563,-73.9895131,3001300,BK0202,1133.366529,78646.72681,Residential,Brooklyn Heights,Tier 5: Ultra Niche / Insider Knowledge
814,BK,728,36,4302 4th Avenue,3007280036,18th Police Precinct Station House and Stable,LP-01129,"Borough of Brooklyn Tax Map Block 728, Lot 36.",Designated,"designated as the 68th Police Precinct Station House and Stable, now the Sunset Park School of Music",4/12/1983,Individual Landmark,,307,38,40.6504226,-74.0090202,3008200,BK0702,414.3910464,10730.89887,Residential,Brooklyn Heights,Tier 5: Ultra Niche / Insider Knowledge
749,MN,1938,124,209-217 West 132nd Street,1019380124,Saint Aloysius Roman Catholic Church,LP-02164,"Borough of Manhattan Tax Map Block 1938, Lot 124.",Designated,,1/30/2007,Individual Landmark,,110,9,40.8138712,-73.9456589,1022600,MN1002,410.7142773,9587.776659,Religious,Tribeca,Tier 4: Neighborhood Staple
746,MN,1720,67,230 Lenox Avenue,1017200067,Saint Martin's Episcopal Church,LP-00293,"Borough of Manhattan Tax Map Block 1720, Lot 67.",Designated,,7/19/1966,Individual Landmark,,110,9,40.8054508,-73.9465833,1020000,MN1001,507.6474573,14535.73913,Religious,Hell's Kitchen,Tier 4: Neighborhood Staple
743,MN,1402,25,153-155 East 67th Street,1014020025,19th Police Precinct Station House,LP-02018,"Borough of Manhattan Tax Map Block 1402, Lot 25.",Designated,originally 25th Police Precinct,2/23/1999,Individual Landmark,,108,4,40.7671685,-73.9638052,1012000,MN0802,344.7974225,7180.830094,Residential,Harlem,Tier 5: Ultra Niche / Insider Knowledge
733,MN,805,82,134-138 West 30th Street,1008050082,23rd Police Precinct Station House,LP-02019,"Borough of Manhattan Tax Map Block 805, Lot 82.",Designated,,12/15/1998,Individual Landmark,,105,3,40.7478069,-73.9914574,1009500,MN0501,387.2711813,9310.702383,Residential,Harlem,Tier 5: Ultra Niche / Insider Knowledge
720,MN,2006,52,132 West 138th Street,1020060052,Abyssinian Baptist Church and Community House,LP-01851,"Borough of Manhattan Tax Map Block 2006, Lot 52.",Designated,,7/13/1993,Individual Landmark,,110,9,40.8166331,-73.9414875,1022800,MN1002,497.8018777,14944.61683,Religious,Upper East Side,Tier 3: Local Favorite / Regional Gem
717,MN,1632,30,177-179 East 104th Street,1016320030,28th Police Precinct Station House,LP-02034,"Borough of Manahttan Tax Map Block 1632, Lot 30.",Designated,,2/23/1999,Individual Landmark,,111,8,40.7907224,-73.946122,1016600,MN1101,307.7279065,5152.656096,Residential,Tribeca,Tier 5: Ultra Niche / Insider Knowledge
708,MN,1908,9,147 West 123rd Street,1019080009,Saint Paul's German Evangelical Lutheran Church,LP-01844,"Borough of Manhattan Tax Map Block 1908, Lot 9.",Designated,now Greater Metropolitan Baptist Church,3/8/1994,Individual Landmark,,110,9,40.8074717,-73.9482361,1022200,MN1001,357.7676631,7792.659017,Religious,Greenwich Village,Tier 4: Neighborhood Staple
701,MN,437,25,288 East 10th Street,1004370025,Saint Nicholas of Myra Orthodox Church,LP-02312,"Borough of Manhattan Tax Block 437, Lot 25.",Designated,originally the Memorial Chapel of Saint Mark's Parish,12/16/2008,Individual Landmark,,103,2,40.7278351,-73.9826277,1003400,MN0303,341.1849682,6356.046594,Religious,Harlem,Tier 4: Neighborhood Staple
692,MN,1402,29,157-159 East 67th Street,1014020029,Fire Engine Company 39 and Ladder Company 16 Station House,LP-01988,"Borough of Manhattan Tax Map Block 1402, Lot 29.",Designated,,6/16/1998,Individual Landmark,,108,4,40.7672398,-73.9635489,1012000,MN0802,615.9686801,14560.4275,Residential,Hell's Kitchen,Tier 5: Ultra Niche / Insider Knowledge
682,MN,1305,1,Park Avenue at East 50th Street,1013050001,Saint Bartholomew's Church and Community House,LP-00275,"Borough of Manhattan Tax Map Block 1305, Lot 1.",Designated,,3/16/1967,Individual Landmark,,105,4,40.7572488,-73.9731522,1010000,MN0604,908.4929748,48414.15742,Religious,Upper East Side,Tier 5: Ultra Niche / Insider Knowledge
651,MN,2058,33,467 West 142nd Street,1020580033,Our Lady of Lourdes Roman Catholic Church,LP-00892,"Borough of Manhattan Tax Map Block 2058, Lot 33.",Designated,,7/22/1975,Individual Landmark,,109,7,40.8232456,-73.94826,1022700,MN0903,358.2992598,7831.022698,Religious,Tribeca,Tier 4: Neighborhood Staple
624,MN,1550,34,332 East 88th Street,1015500034,Parsonage of the Church of the Holy Trinity,LP-00447,"Borough of Manhattan Tax Map Block 1550, Lot 34.",Designated,,2/15/1967,Individual Landmark,,108,5,40.7783615,-73.9492769,1014602,MN0803,165.2515275,1404.189077,Religious,Hell's Kitchen,Tier 4: Neighborhood Staple
618,MN,1939,40,214 West 134th Street,1019390040,Saint Philip's Protestant Episcopal Church,LP-01846,"Borough of Manhattan Tax Map Block 1939, Lot 40.",Designated,,7/13/1993,Individual Landmark,,110,9,40.8146533,-73.945279,1022600,MN1002,614.9193016,18075.28413,Religious,Upper East Side,Tier 4: Neighborhood Staple
614,MN,1948,41,308 West 122nd Street,1019480041,Mount Olive Fire Baptized Holiness Church,LP-02320,"Borough of Manhattan Tax Map Block 1948, Lot 41.",Designated,formerly the Second Reformed Presbyterian Church,6/23/2009,Individual Landmark,,110,9,40.8084154,-73.9535924,1025700,MN1001,305.0106598,5056.846355,Religious,Hell's Kitchen,Tier 4: Neighborhood Staple
603,MN,1259,29,7 West 43rd Street,1012590029,Century Association Clubhouse,LP-00257,"Borough of Manhattan Tax Map Block 1259, Lot 29.",Designated,,1/11/1967,Individual Landmark,,105,4,40.7546429,-73.9809712,1009600,MN0502,398.6961409,9927.770313,Residential,Tribeca,Tier 5: Ultra Niche / Insider Knowledge
558,MN,1720,66,18 West 122nd Street,1017200066,Rectory of Saint Martin's Episcopal Church,LP-00292,Borough of Manhattan Tax Map Block 1720 Lot 66.,Designated,,7/19/1966,Individual Landmark,,110,9,40.8054178,-73.9463088,1020000,MN1001,141.2450785,873.934123,Religious,Hell's Kitchen,Tier 4: Neighborhood Staple
533,MN,1234,7502,540 West End Avenue,1012347502,Saint Paul's Methodist Episcopal Church and Parish House,LP-01126,"Borough of Manhattan Tax Map Block 1234, Lot 1.",Designated,now the Church of Saint Paul and Saint Andrew,11/24/1981,Individual Landmark,,107,6,40.7889514,-73.9772959,1017500,MN0702,519.3124314,16129.93367,Religious,Upper East Side,Tier 5: Ultra Niche / Insider Knowledge
515,MN,1832,29,1 West 96th Street,1018320029,"First Church of Christ, Scientist",LP-00833,"Borough of Manhattan Tax Map Block 1832, Lot 29",Designated,,7/23/1974,Individual Landmark,,107,7,40.7920526,-73.964904,1018100,MN0702,523.6757276,16622.85307,Religious,Tribeca,Tier 4: Neighborhood Staple
513,MN,1921,51,140 West 137th Street,1019210051,Mother African Methodist Episcopal Zion Church,LP-01849,"Borough of Manhattan Tax Map Block 1921, Lot 51.",Designated,,7/13/1993,Individual Landmark,,110,9,40.8159388,-73.9418133,1022800,MN1002,426.986279,10394.21629,Religious,Upper East Side,Tier 4: Neighborhood Staple
511,MN,1269,30,Fifth Avenue at West 53rd Street,1012690030,Saint Thomas Church and Parish House,LP-00260,"Borough of Manhattan Tax Map Block 1269, Lot 30.",Designated,,10/19/1966,Individual Landmark,,105,4,40.7608424,-73.9762551,1010400,MN0502,710.7970175,24459.96781,Religious,Upper East Side,Tier 5: Ultra Niche / Insider Knowledge
510,MN,1322,107,211 East 48th Street,1013220107,William Lescaze House and Office,LP-00898,"Borough of Manhattan Tax Map Block 1322, Lot 107.",Designated,,1/27/1976,Individual Landmark,,106,4,40.7544651,-73.9708469,1009000,MN0604,236.6208041,1729.233011,Residential,Greenwich Village,Tier 5: Ultra Niche / Insider Knowledge
506,MN,1633,61,120 East 106th Street,1016330061,Saint Cecilia's Church,LP-00933,"Borough of Manhattan Tax Map Block 1633, Lot 61.",Designated,,9/14/1976,Individual Landmark,,111,8,40.7922654,-73.9470995,1017200,MN1101,506.6305554,11779.05334,Religious,Greenwich Village,Tier 4: Neighborhood Staple
498,MN,1752,1,2067 Fifth Avenue,1017520001,Saint Andrew's Church,LP-00294,"Borough of Manhattan Tax Map Block 1752, Lot 1.",Designated,,4/12/1967,Individual Landmark,,111,9,40.8077234,-73.9407729,1020600,MN1102,527.4108437,16568.37518,Religious,Harlem,Tier 4: Neighborhood Staple
494,MN,2083,35,1854 Amsterdam Avenue,1020830035,32nd Police Precinct Station House,LP-02121,"Borough of Manhattan Tax Map Block 2083, Lot 35.",Designated,later the 30th Police Precinct Station House,8/13/2002,Individual Landmark,,109,7,40.8296419,-73.9447788,1023700,MN0903,313.7384884,5393.130156,Residential,Tribeca,Tier 5: Ultra Niche / Insider Knowledge
491,MN,1550,35,312-316 East 88th Street,1015500035,Church of the Holy Trinity and Saint Christopher House,LP-00446,"Borough of Manhattan Tax Map Block 1550, Lot 35.",Designated,,2/15/1967,Individual Landmark,,108,5,40.7784688,-73.9497282,1014602,MN0803,805.7787416,27813.74457,Religious,Tribeca,Tier 5: Ultra Niche / Insider Knowledge
481,MN,1913,1,151 West 128th Street,1019130001,Metropolitan Baptist Church,LP-01134,"Borough of Manhattan Tax Map Block 1913, Lot 1.",Designated,originally the New York Presbyterian Church,2/3/1981,Individual Landmark,,110,9,40.8109127,-73.9463983,1022400,MN1002,410.2615866,10519.24048,Religious,Upper East Side,Tier 4: Neighborhood Staple
477,MN,164,37,25 Mott Street,1001640037,Zion English Lutheran Church,LP-00085,"Borough of Manhattan Tax Map Block 164, Lot 37.",Designated,now the Church of the Transfiguration,2/1/1966,Individual Landmark,,103,1,40.7147055,-73.9990838,1002902,MN0301,460.1374977,12197.26199,Religious,Greenwich Village,Tier 4: Neighborhood Staple
471,MN,1410,53,1067-1071 Lexington Avenue,1014100053,Saint Jean Baptiste Church,LP-00420,"Borough of Manhattan Tax Map Block 1410, Lot 53.",Designated,,11/19/1969,Individual Landmark,,108,4,40.7726375,-73.960033,1012800,MN0802,608.0211365,20808.7843,Religious,Greenwich Village,Tier 4: Neighborhood Staple
410,MN,541,23,55 Washington Square South,1005410023,Judson Memorial Church,LP-00196,"Borough of Manhattan Tax Map Block 541, Lot 23.",Designated,,5/17/1966,Individual Landmark,,102,2,40.7302079,-73.998416,1006500,MN0202,378.7656929,7779.788468,Religious,Upper East Side,Tier 4: Neighborhood Staple
390,MN,53,3,103 Washington Street,1000530003,Saint George's Syrian Catholic Church,LP-02167,"Borough of Manhattan Tax Map Block 53, Lot 3",Designated,,7/14/2009,Individual Landmark,,101,1,40.7083725,-74.0140814,1001300,MN0101,236.7377084,2350.890117,Religious,Harlem,Tier 4: Neighborhood Staple
388,MN,336,17,7-13 Bialystoker Place,1003360017,Willett Street Methodist Episcopal Church,LP-00181,"Borough of Manhattan Tax Map Block 336, Lot 17.",Designated,now Bialystoker Synagogue,4/19/1966,Individual Landmark,,103,1,40.7155497,-73.9833127,1001200,MN0302,350.8951141,7498.627679,Religious,Hell's Kitchen,Tier 4: Neighborhood Staple
381,MN,859,5,1 East 29th Street,1008590005,Rectory of the Church of the Transfiguration,LP-00471,"Borough of Manhattan Tax Map Block 859, Lot 5.",Designated,also known as the Little Church around the Corner,5/25/1967,Individual Landmark,,105,2,40.7452675,-73.9862032,1007400,MN0501,253.8483479,2449.687849,Religious,Hell's Kitchen,Tier 4: Neighborhood Staple
374,MN,279,69,12 Oliver Street,1002790069,Oliver Street Baptist Church,LP-00093,"Borough of Manhattan Tax Map Block 279, Lot 69.",Designated,now Mariners' Temple,2/1/1966,Individual Landmark,,103,1,40.7129653,-73.9977239,1002700,MN0301,448.5907614,11602.15713,Religious,Upper East Side,Tier 4: Neighborhood Staple
346,MN,49,1,Broadway at Wall Street,1000490001,Trinity Church and Graveyard,LP-00048,"Borough of Manhattan Tax Map Block 49, Lot 1.",Designated,,8/16/1966,Individual Landmark,,101,1,40.7081476,-74.0120578,1001300,MN0101,1315.616966,101840.9373,Religious,Harlem,Tier 2: National Draw
342,MN,88,11,22 Barclay Street,1000880011,Saint Peter's Roman Catholic Church,LP-00078,"Borough of Manhattan Tax Map Block 88, Lot 11.",Designated,,12/21/1965,Individual Landmark,,101,1,40.7123638,-74.0095553,1002100,MN0102,459.9861585,12993.59848,Religious,Hell's Kitchen,Tier 4: Neighborhood Staple
337,MN,831,33,272 Fifth Avenue,1008310033,Marble Collegiate Church,LP-00234,"Borough of Manhattan, Tax Map Block 831, Lot 33.",Designated,,1/11/1967,Individual Landmark,,105,3,40.7456547,-73.9870945,1007600,MN0501,518.755866,16318.88751,Religious,Tribeca,Tier 4: Neighborhood Staple
326,MN,279,25,32 James Street,1002790025,Saint James Roman Catholic Church,LP-00092,"Borough of Manhattan Tax Map Block 279, Lot 25.",Designated,,1/18/1966,Individual Landmark,,103,1,40.712227,-73.9985139,1002700,MN0301,461.982168,11067.31339,Religious,Greenwich Village,Tier 4: Neighborhood Staple
268,MN,280,22,61 Henry Street,1002800022,Northern Reformed Church,LP-00094,"Borough of Manhattan Tax Map Block 280, Lot 22.",Designated,"also known as the Market Street Reformed Church, later the Sea and Land Church, now the First Chinese Presbyterian Church",1/18/1966,Individual Landmark,,103,1,40.7132122,-73.9948057,1000800,MN0301,439.8402643,12019.79624,Religious,Tribeca,Tier 4: Neighborhood Staple
236,MN,822,8,47 West 20th Street,1008220008,Church of the Holy Communion Rectory,LP-00217,"Borough of Manhattan Tax Map Block 822, Lot 8.",Designated,,4/19/1966,Individual Landmark,,105,3,40.7408985,-73.9933276,1005400,MN0501,270.8317766,2887.937622,Religious,Upper East Side,Tier 4: Neighborhood Staple
223,MN,877,89,281 Park Avenue South,1008770089,Church Missions House,LP-01044,"Borough of Manhattan Tax Map Block 877, Lot 89.",Designated,now the Protestant Welfare Agencies Building,9/11/1979,Individual Landmark,,105,2,40.7392456,-73.9867168,1006800,MN0602,315.9448419,6223.295005,Religious,Upper East Side,Tier 5: Ultra Niche / Insider Knowledge
209,MN,822,1,Sixth Avenue at West 20th Street,1008220001,Church of the Holy Communion Complex,LP-00216,"Borough of Manhattan Tax Map Block 822, Lot 1.",Designated,,4/19/1966,Individual Landmark,,105,3,40.7410303,-73.9936307,1005400,MN0501,516.6377113,14590.11437,Religious,Tribeca,Tier 4: Neighborhood Staple
195,MN,859,6,11-13 East 29th Street,1008590006,Expanded Site of the Church of the Transfiguration,LP-02133,"Amended Landmark Site to include Borough of Manhattan Tax Map Block 859, Lot 12 in part, consisting of the land under the chancel.",Designated,also known as the Little Church around the Corner,7/26/2005,Individual Landmark,,105,2,40.7451495,-73.9859073,1007400,MN0501,548.0962487,16509.64719,Religious,Hell's Kitchen,Tier 4: Neighborhood Staple
179,MN,557,8,804 Broadway,1005570008,Grace Church Rectory,LP-00204,"Borough of Manhattan Tax Map Block 557, Lot 8.",Designated,,3/15/1966,Individual Landmark,,102,2,40.7322908,-73.9908965,1006100,MN0202,425.8065195,8492.455897,Religious,Upper East Side,Tier 4: Neighborhood Staple
178,MN,466,26,East 10th Street at Second Avenue,1004660026,Saint Mark's-in-the-Bowery Church,LP-00229,"Borough of Manhattan, Tax Map Block 466, Lot 26.",Designated,,4/19/1966,Individual Landmark,,103,2,40.730317,-73.9870902,1004002,MN0303,758.3868607,34394.73105,Religious,Upper East Side,Tier 4: Neighborhood Staple
167,MN,67,30,44 John Street,1000670030,John Street Methodist Church,LP-00055,"Borough of Manhattan Tax Map Block 67, Lot 30.",Designated,,12/21/1965,Individual Landmark,,101,1,40.7090949,-74.0081481,1001502,MN0101,255.8330232,3667.256394,Religious,Upper East Side,Tier 4: Neighborhood Staple
165,MN,441,12,414 East 14th Street,1004410012,Grace Chapel Hospital,LP-00227,"Borough of Manhattan Tax Map Block 441, Lot 12.",Designated,now Immaculate Conception Church Clergy House,6/7/1966,Individual Landmark,,103,2,40.730835,-73.9819702,1003400,MN0303,260.8716627,4249.248845,Religious,Greenwich Village,Tier 5: Ultra Niche / Insider Knowledge
154,MN,463,15,12 Saint Mark's Place,1004630015,German-American Shooting Society Clubhouse,LP-02094,"Borough of Manhattan Tax Map Block 463, Lot 15.",Designated,,6/26/2001,Individual Landmark,,103,2,40.729008,-73.9893094,1003800,MN0303,296.1906986,3174.477299,Residential,Harlem,Tier 5: Ultra Niche / Insider Knowledge
151,MN,267,19,290 Henry Street,1002670019,All Saints' Free Church,LP-00088,"Borough of Manhattan Tax Map Block 267, Lot 19.",Designated,"later Saint Augustine's Chapel, now Saint Augustine's Episcopal Church",8/16/1966,Individual Landmark,,103,1,40.713653,-73.9831256,1000202,MN0302,579.3050073,18600.78475,Religious,Greenwich Village,Tier 4: Neighborhood Staple
132,MN,999,12,133-145 West 46th Street,1009990012,Church of Saint Mary-the-Virgin Complex,LP-01562,"Borough of Manhattan Tax Map Block 999, Lot 12.",Designated,,12/19/1989,Individual Landmark,,105,4,40.7583487,-73.9836051,1012500,MN0502,666.5658532,22679.31777,Religious,Upper East Side,Tier 4: Neighborhood Staple
129,MN,1067,24,417-419 West 57th Street,1010670024,Catholic Apostolic Church,LP-02077,"Borough of Manhattan Tax Map Block 1067, Lot 24.",Designated,now Church for All Nations,2/27/2001,Individual Landmark,,104,6,40.7684799,-73.9863355,1013900,MN0402,313.4975931,5322.637532,Religious,Upper East Side,Tier 4: Neighborhood Staple
123,MN,897,53,Rutherford Place at East 16th Street,1008970053,Saint George's Church,LP-00244,"Borough of Manhattan Tax Map Block 897, Lot 53.",Designated,,6/20/1967,Individual Landmark,,106,2,40.7343515,-73.9850039,1004800,MN0602,563.9413493,17979.66384,Religious,Harlem,Tier 4: Neighborhood Staple
1504,BK,405,51,233 Butler Street (aka 231-237 Butler Street),3004050051,"American Society for the Prevention of Cruelty to Animals (ASPCA) Brooklyn Office, Shelter, and Garage",LP-02637,"Borough of Brooklyn Tax Map Block 405, Lot 51 in part, and a portion of the Butler Street sidewalk in front of said lot",Designated,,10/29/2019,Individual Landmark,,306,39,40.6822122,-73.9865191,3007100,BK0601,389.4803093,9145.243086,Commercial,Bed-Stuy,Tier 4: Neighborhood Staple
1469,BK,2447,36,"209 Havemeyer Street, Brooklyn (aka 257 South 5th Street)",3024470036,The Dime Savings Bank of Williamsburgh,LP-02598,"Borough of Brooklyn Tax Map Block 2447, Lot 36 in part",Designated,,3/27/2018,Individual Landmark,,301,34,40.7095981,-73.9579247,3052500,BK0102,334.6763819,6809.975122,Commercial,Bed-Stuy,Tier 4: Neighborhood Staple
1371,MN,1279,28,50 Vanderbilt Avenue,1012790028,Yale Club of New York City,LP-02579,"Borough of Manhattan Tax Map Block 1279, Lot 28",Designated,,11/22/2016,Individual Landmark,,105,4,40.754,-73.9775244,1009400,MN0502,411.9720171,10582.41696,Other,Upper East Side,Tier 5: Ultra Niche / Insider Knowledge
1349,BK,1390,44,1117 Eastern Parkway,3013900044,East New York Savings Bank Building,LP-02472,"Borough of Brooklyn Tax Map Block 1390, Lot 44",Designated,,3/8/2016,Individual Landmark,,308,35,40.6692893,-73.9313107,3035101,BK0802,447.2290004,10667.87879,Commercial,Brooklyn Heights,Tier 4: Neighborhood Staple
1340,BK,1909,0,580 and 582-584 Myrtle Avenue,0,M. H. Renken Dairy Company Office Building and Engine Room Building,LP-02519,Too long,Designated,,6/16/2015,Individual Landmark,,302,35,40.6938058,-73.9612306,3019300,BK0204,275.0643741,4609.373121,Commercial,DUMBO,Tier 4: Neighborhood Staple
1284,BK,0,0,9 DeKalb Avenue,0,Dime Savings Bank,LP-01907,Too long,Designated,,7/19/1994,Individual Landmark,,302,33,40.690402,-73.9823922,3001502,BK0202,739.0341057,29776.31093,Commercial,Bed-Stuy,Tier 4: Neighborhood Staple
1262,MN,153,18,51 Chambers Street,1001530018,Emigrant Industrial Savings Bank Building,LP-01438,"Borough of Manhattan, Tax Map Block 153, Lot 1 in part consisting of the land on which the described building is situated.",Designated,,7/9/1985,Individual Landmark,,101,1,40.714,-74.0051367,1003100,MN0102,536.9640319,17880.05472,Commercial,Harlem,Tier 4: Neighborhood Staple
1234,BK,2111,7501,1 Hanson Place,3021117501,Williamsburgh Savings Bank Building,LP-00971,"Borough of Brooklyn Tax Map Block 2111, Lot 1 in part.",Designated,,11/15/1977,Individual Landmark,,302,35,40.68551,-73.9777242,3003500,BK0203,579.687429,17842.79205,Commercial,Bed-Stuy,Tier 4: Neighborhood Staple
1196,MN,1,10,"Nolan Park, west of Barry Road",1000010010,Commanding Officer's Quarters,LP-00546,"Borough of Manhattan Tax Map Block 1, Lot 10 in part, consisting of the land on which the described building is situated.",Designated,,9/19/1967,Individual Landmark,,101,1,40.6887742,-74.0187035,1000500,MN0191,256.5019826,3863.96691,Commercial,Tribeca,Tier 4: Neighborhood Staple
1164,MN,1260,20,27 West 44th Street,1012600020,Harvard Club of New York City,LP-00259,"Borough of Manhattan Tax Map Block 1260, Lot 20.",Designated,,1/11/1967,Individual Landmark,,105,4,40.7556969,-73.9811622,1009600,MN0502,634.8057175,21885.81092,Other,Hell's Kitchen,Tier 5: Ultra Niche / Insider Knowledge
1153,BK,1183,51,35 Empire Boulevard,3011830051,"Brooklyn Central Office, Bureau of Fire Communications",LP-00156,"Borough of Brooklyn Tax Map Block 1183, Lot 51.",Designated,,4/19/1966,Individual Landmark,,355,35,40.6637094,-73.9613923,3017700,BK5591,790.0839143,22435.69037,Commercial,Williamsburg,Tier 4: Neighborhood Staple
1035,MN,202,18,58 Bowery,1002020018,Citizens Savings Bank,LP-02466,"Borough of Manhattan Tax Map Block 202, Lot 18 in part consisting of the land underneath the 1922-24 building.",Designated,,8/9/2011,Individual Landmark,,103,1,40.716141,-73.996573,1002902,MN0301,342.8760931,6508.640149,Commercial,Hell's Kitchen,Tier 4: Neighborhood Staple
1032,MN,509,1,266 Mulberry Street,1005090001,Saint Patrick's Chancery Office,LP-00961,"Borough of Manhattan, Tax Map Block 509, Lot 1 in part.",Designated,"later Saint Michael's Chapel, now Saint Michael's Russian Catholic Church",7/12/1977,Individual Landmark,,102,1,40.7236588,-73.9951115,1004300,MN0201,136.2527131,1062.989809,Commercial,Hell's Kitchen,Tier 4: Neighborhood Staple
932,BK,2457,28,175 Broadway,3024570028,Williamsburgh Savings Bank,LP-00164,"Borough of Brooklyn Tax Map Block 2457, Lot 28.",Designated,,5/17/1966,Individual Landmark,,301,34,40.7102556,-73.9624943,3054900,BK0102,464.6962128,13356.50775,Commercial,Park Slope,Tier 4: Neighborhood Staple
921,BK,2457,45,135 Broadway,3024570045,Kings County Savings Bank,LP-00165,"Borough of Brooklyn Tax Map Block 2457, Lot 45.",Designated,,3/15/1966,Individual Landmark,,301,34,40.7105991,-73.963569,3054900,BK0102,269.0441438,4082.737478,Commercial,Bed-Stuy,Tier 4: Neighborhood Staple
902,BK,3105,26,47-49 Graham Avenue,3031050026,"Williamsburg Branch, Public National Bank of New York Building",LP-02471,"Borough of Brooklyn Tax Map Block 3105, Lot 26",Designated,,1/17/2012,Individual Landmark,,301,34,40.7031661,-73.9428422,3049100,BK0104,317.5384564,5672.161604,Commercial,Bed-Stuy,Tier 4: Neighborhood Staple
871,BK,1984,78,65 Putnam Avenue,3019840078,Lincoln Club,LP-02015,"Borough of Brooklyn, Tax Map Block 1984, Lot 78.",Designated,"now Mechanics Temple, Independent Order of Mechanics of the Western Hemisphere",5/12/1981,Individual Landmark,,302,35,40.6832104,-73.9593583,3023100,BK0204,350.3226392,5288.999052,Other,Bed-Stuy,Tier 5: Ultra Niche / Insider Knowledge
804,MN,1296,7501,110 East 42nd Street,1012967501,Bowery Savings Bank Building,LP-01912,"Borough of Manhattan Tax Map Block 1296, Lots 1001 through 1005.",Designated,,9/17/1996,Individual Landmark,,105,4,40.7514473,-73.9770705,1008000,MN0603,726.0400179,26933.42325,Commercial,Upper East Side,Tier 4: Neighborhood Staple
803,MN,1376,69,2 East 62nd Street,1013760069,Knickerbocker Club Building,LP-01025,"Borough of Manhattan Tax Map Block 1376, Lot 69.",Designated,,9/11/1979,Individual Landmark,,108,4,40.7658449,-73.9714412,1011401,MN0802,410.2175743,8656.774813,Commercial,Greenwich Village,Tier 4: Neighborhood Staple
786,MN,1288,33,370 Park Avenue,1012880033,Racquet and Tennis Club Building,LP-01000,"Borough of Manhattan Tax Map Block 1288, Lot 33.",Designated,,5/8/1979,Individual Landmark,,105,4,40.7588984,-73.9732165,1010200,MN0502,631.5598872,22093.52407,Commercial,Upper East Side,Tier 4: Neighborhood Staple
776,MN,1531,1,1511 Third Avenue,1015310001,Yorkville Bank Building,LP-02510,"Borough of Manhattan, Tax Map Block 1531, Lot 1.",Designated,,6/12/2012,Individual Landmark,,108,5,40.7781549,-73.9539963,1014601,MN0803,474.0420786,10989.75904,Commercial,Greenwich Village,Tier 4: Neighborhood Staple
765,MN,27,7501,55 Wall Street,1000277501,National City Bank Building,LP-00040,"Borough of Manhattan Tax Map Block 27, Lot 1.",Designated,incorporating the Merchants' Exchange,12/21/1965,Individual Landmark,,101,1,40.7059301,-74.0093415,1000700,MN0101,763.1776098,35679.00337,Commercial,Greenwich Village,Tier 4: Neighborhood Staple
763,MN,15,7502,19 West Street,1000157502,Downtown Athletic Club Building,LP-02075,"Borough of Manhattan Tax Map Block 15, Lot 19",Designated,,11/14/2000,Individual Landmark,,101,1,40.706182,-74.0156102,1001300,MN0101,524.9609791,14367.18883,Commercial,Hell's Kitchen,Tier 4: Neighborhood Staple
727,MN,629,7504,77-79 Eighth Avenue,1006297504,New York County National Bank,LP-01633,"Borough of Manhattan Tax Map Block 629, Lot 35.",Designated,designated as the Manufacturers Hanover Trust Company Building,6/7/1988,Individual Landmark,,102,3,40.739669,-74.0029879,1007700,MN0203,367.6346752,8285.375225,Commercial,Harlem,Tier 4: Neighborhood Staple
674,MN,915,26,243 East 34th Street,1009150026,Civic Club,LP-00980,"Borough of Manhattan Tax Map Block 915, Lot 26.",Designated,now Estonian House,3/28/1978,Individual Landmark,,106,4,40.7452,-73.9761488,1007800,MN0603,253.0196606,2493.80339,Other,Harlem,Tier 5: Ultra Niche / Insider Knowledge
653,MN,1851,1,743 Amsterdam Avenue,1018510001,East River Savings Bank,LP-01980,"Borough of Manhattan Tax Map Block 1851, Lot 1.",Designated,,2/10/1998,Individual Landmark,,107,7,40.7941757,-73.9698833,1018100,MN0702,438.4888301,10999.95616,Commercial,Tribeca,Tier 4: Neighborhood Staple
629,MN,1750,34,81-85 East 125th Street,1017500034,Mount Morris Bank Building,LP-01839,"Borough of Manhattan Tax Map Block 1750, Lot 34.",Designated,,1/5/1993,Individual Landmark,,111,9,40.8053813,-73.9392687,1019800,MN1102,290.9802638,4969.730678,Commercial,Greenwich Village,Tier 4: Neighborhood Staple
611,MN,40,14,48 Wall Street,1000400014,Bank of New York & Trust Company Building,LP-02025,"Borough of Manhattan Tax Map Block 40, Lot 14.",Designated,,10/13/1998,Individual Landmark,,101,1,40.7064764,-74.0091216,1000700,MN0101,475.204128,13244.5757,Commercial,Upper East Side,Tier 4: Neighborhood Staple
591,MN,1375,1,1-11 East 60th Street,1013750001,Metropolitan Club Building,LP-01020,"Borough of Manhattan Tax Map Block 1375, Lot 1.",Designated,,9/11/1979,Individual Landmark,,108,4,40.7648652,-73.9719325,1011401,MN0802,682.2484282,25022.49417,Commercial,Hell's Kitchen,Tier 4: Neighborhood Staple
583,MN,294,8,54 Canal Street,1002940008,S. Jarmulowsky Bank Building,LP-02363,"Borough of Manhattan Tax Map Block 294, Lot 8.",Designated,,10/13/2009,Individual Landmark,,103,1,40.7147821,-73.9922192,1001600,MN0301,287.5460148,5158.110578,Commercial,Harlem,Tier 4: Neighborhood Staple
544,MN,996,46,128 West 44th Street,1009960046,Lambs Club,LP-00859,"Borough of Manhattan Tax Map Block 996, Lot 46.",Designated,,9/24/1974,Individual Landmark,,105,4,40.7564934,-73.9845874,1011900,MN0502,357.3989796,7833.797878,Other,Greenwich Village,Tier 5: Ultra Niche / Insider Knowledge
486,MN,563,20,34 1/2 East 12th Street,1005630020,Police Athletic League Building,LP-02020,"Borough of Manhattan Tax Map Block 563, Lot 20.",Designated,originally Grammar School 47,9/15/1998,Individual Landmark,,102,2,40.7335096,-73.9923938,1006100,MN0202,401.651357,10330.86281,Commercial,Hell's Kitchen,Tier 4: Neighborhood Staple
483,MN,530,7507,330 Bowery,1005307507,Bond Street Savings Bank,LP-00192,"Borough of Manhattan Tax Map Block 530, Lot 41.",Designated,now the Bouwerie Lane Theatre,1/11/1967,Individual Landmark,,102,2,40.7259094,-73.9923694,1005502,MN0202,273.6560079,2964.03274,Commercial,Upper East Side,Tier 4: Neighborhood Staple
456,MN,1270,34,1 West 54th Street,1012700034,University Club,LP-00263,"Borough of Manhattan Tax Map Block 1270, Lot 34.",Designated,,1/11/1967,Individual Landmark,,105,4,40.7614708,-73.9756737,1010400,MN0502,805.8071256,25191.72014,Other,Upper East Side,Tier 5: Ultra Niche / Insider Knowledge
416,MN,871,1,20 Union Square East,1008710001,Union Square Savings Bank,LP-01945,"Borough of Manhattan Tax Map Block 871, Lot 1.",Designated,,2/13/1996,Individual Landmark,,105,2,40.7353072,-73.989377,1005000,MN0602,527.3580506,9946.0235,Commercial,Hell's Kitchen,Tier 4: Neighborhood Staple
392,MN,46,9,14 Wall Street,1000460009,Bankers Trust Building,LP-01949,"Borough of Manhattan Tax Map Block 46, Lot 9.",Designated,14 Wall Street Building,1/14/1997,Individual Landmark,,101,1,40.7076263,-74.0107629,1000700,MN0101,779.7114055,36024.7983,Commercial,Tribeca,Tier 4: Neighborhood Staple
327,MN,866,42,38 East 37th Street,1008660042,Union League Club,LP-02389,"Borough of Manhattan Tax Map Block 866, Lot 42",Designated,,10/25/2011,Individual Landmark,,106,4,40.7489804,-73.9805036,1008200,MN0502,473.0720593,13413.99096,Other,Tribeca,Tier 5: Ultra Niche / Insider Knowledge
306,MN,738,33,81 Eighth Avenue,1007380033,New York Savings Bank,LP-01634,"Borough of Manhattan Tax Map Block 738, Lot 33.",Designated,,6/8/1988,Individual Landmark,,104,3,40.7401219,-74.0027678,1008300,MN0401,474.3437675,9200.680506,Commercial,Harlem,Tier 4: Neighborhood Staple
297,MN,377,72,106 Avenue C,1003770072,Public National Bank of New York Building,LP-02263,"Borough of Manhattan Tax Map Block 377, Lot 72.",Designated,later Public National Bank & Trust Company of New York Building,9/16/2008,Individual Landmark,,103,2,40.7241318,-73.9785952,1002602,MN0303,179.6879362,1975.074762,Commercial,Tribeca,Tier 4: Neighborhood Staple
291,MN,470,61,130 Bowery,1004700061,Bowery Savings Bank,LP-00184,"Borough of Manhattan, Tax Map Block 470, Lot 61.",Designated,,4/19/1966,Individual Landmark,,102,1,40.7188939,-73.995249,1004100,MN0201,623.0058353,16046.57698,Commercial,Tribeca,Tier 4: Neighborhood Staple
281,MN,812,29,1352-1362 Broadway,1008120029,Greenwich Savings Bank,LP-01766,"Borough of Manhattan Tax Map Block 812, Lot 29.",Designated,,3/3/1992,Individual Landmark,,105,4,40.7514543,-73.9871511,1010900,MN0502,576.5913977,18543.05963,Commercial,Greenwich Village,Tier 4: Neighborhood Staple
270,MN,862,25,29 East 32nd Street,1008620025,Grolier Club,LP-00597,"Borough of Manhattan Tax Map Block 862, Lot 25.",Designated,,8/18/1970,Individual Landmark,,105,4,40.7464611,-73.9832905,1007400,MN0501,262.7252757,2636.762083,Other,Greenwich Village,Tier 5: Ultra Niche / Insider Knowledge
249,MN,841,69,32 East 40th Street,1008410069,Engineers' Club Building,LP-02429,"Borough of Manhattan Tax Map Block 841, Lot 69.",Designated,,3/22/2011,Individual Landmark,,105,4,40.752667,-73.9835271,1008400,MN0502,303.4950998,5110.48959,Commercial,Upper East Side,Tier 4: Neighborhood Staple
233,MN,1260,16,37 West 44th Street,1012600016,New York Yacht Club Building,LP-01019,"Borough of Manhattan Tax Map Block 1260, Lot 16.",Designated,,9/11/1979,Individual Landmark,,105,4,40.7557161,-73.9815773,1009600,MN0502,360.225456,7960.647423,Commercial,Hell's Kitchen,Tier 4: Neighborhood Staple
215,MN,66,1,33 Liberty Street,1000660001,Federal Reserve Bank of New York,LP-00054,"Borough of Manhattan Tax Map Block 66, Lot 1.",Designated,,12/21/1965,Individual Landmark,,101,1,40.7083922,-74.0086818,1001502,MN0101,1079.702969,49292.84258,Commercial,Tribeca,Tier 4: Neighborhood Staple
211,MN,1165,7505,2100-2108 Broadway,1011657505,Central Savings Bank,LP-00856,"Borough of Manhattan Tax Map Block 1165, Lot 36.",Designated,now Apple Bank for Savings and apartments,1/28/1975,Individual Landmark,,107,6,40.7797655,-73.9812059,1015900,MN0701,641.116846,22289.94168,Commercial,Greenwich Village,Tier 4: Neighborhood Staple
210,MN,463,1,9 East 7th Street,1004630001,Metropolitan Savings Bank,LP-00183,"Borough of Manhattan Tax Map Block 463, Lot 1.",Designated,now the First Ukrainian Evangelical Pentecostal Church,11/19/1969,Individual Landmark,,103,2,40.7289339,-73.9900058,1003800,MN0303,241.7549591,3389.470296,Commercial,Tribeca,Tier 4: Neighborhood Staple
206,MN,860,16,120 Madison Avenue,1008600016,Colony Club,LP-00236,"Borough of Manhattan Tax Map Block 860, Lot 16.",Designated,now the American Academy of Dramatic Arts,5/17/1966,Individual Landmark,,105,2,40.745572,-73.9849003,1007400,MN0501,344.2772456,7258.555685,Other,Tribeca,Tier 5: Ultra Niche / Insider Knowledge
198,MN,875,70,15 Gramercy Park South,1008750070,The National Arts Club,LP-00223,"Borough of Manhattan Tax Map Block 875, Lot 70.",Designated,designated as the National Arts Club,3/15/1966,Individual Landmark,,106,2,40.7375768,-73.9868687,1005000,MN0602,507.8310278,11578.04007,Other,Tribeca,Tier 5: Ultra Niche / Insider Knowledge
197,MN,1259,54,30-32 West 44th Street,1012590054,Yale Club of New York City Building,LP-02379,"Borough of Manhattan Tax Map Block 1259, Lot 54.",Designated,now Penn Club of New York,2/9/2010,Individual Landmark,,105,4,40.7552907,-73.9817398,1009600,MN0502,307.2857395,5172.635325,Commercial,Tribeca,Tier 4: Neighborhood Staple
185,MN,470,64,124 Bowery,1004700064,Bowery Bank of New York Building,LP-02518,"Borough of Manhattan Tax Map Block 470, Lot 64",Designated,,6/26/2012,Individual Landmark,,102,1,40.7187265,-73.9950542,1004100,MN0201,309.1446641,5238.806346,Commercial,Hell's Kitchen,Tier 4: Neighborhood Staple
170,MN,844,17,31 Union Square West,1008440017,Bank of the Metropolis,LP-01537,"Borough of Manhattan Tax Map Block 844, Lot 17.",Designated,,7/12/1988,Individual Landmark,,105,2,40.7368663,-73.9911413,1005200,MN0501,612.5143178,10057.51805,Commercial,Tribeca,Tier 4: Neighborhood Staple
149,MN,755,40,Eighth Avenue at West 31st Street,1007550040,United States General Post Office,LP-00232,"Borough of Manhattan Tax Map Block 755, Lot 40.",Designated,now the James A. Farley Building,5/17/1966,Individual Landmark,,104,3,40.7515181,-73.9958385,1010300,MN0401,2532.686783,369155.6011,Commercial,Hell's Kitchen,Tier 4: Neighborhood Staple
134,MN,492,38,190 Bowery,1004920038,Germania Bank Building,LP-02162,"Borough of Manhattan Tax Map Block 492, Lot 38.",Designated,,3/29/2005,Individual Landmark,,102,1,40.721194,-73.9940727,1004300,MN0201,313.9501676,5426.676336,Commercial,Tribeca,Tier 4: Neighborhood Staple
124,MN,472,7501,240 Centre Street,1004727501,New York City Police Headquarters,LP-00999,"Borough of Manhattan Tax Map Block 472, Lot 31.",Designated,now the Police Building Apartments,9/26/1978,Individual Landmark,,102,1,40.7201593,-73.9979148,1004100,MN0201,954.044304,28965.85817,Other,Harlem,Tier 5: Ultra Niche / Insider Knowledge
120,MN,11,15,70 Broad Street,1000110015,American Bank Note Company Office Building,LP-01955,"Borough of Manhattan Tax Map Block 11, Lot 15.",Designated,,6/24/1997,Individual Landmark,,101,1,40.70481,-74.0117651,1000900,MN0101,243.8970893,3621.832499,Commercial,Harlem,Tier 4: Neighborhood Staple
117,MN,27,7502,20 Exchange Place,1000277502,City Bank-Farmers Trust Company Building,LP-01941,"Borough of Manhattan Tax Map Block 27, Lot 27.",Designated,,6/25/1996,Individual Landmark,,101,1,40.7054608,-74.0095687,1000700,MN0101,682.819169,26353.68877,Commercial,Harlem,Tier 4: Neighborhood Staple
116,MN,29,7502,1 Hanover Square,1000297502,Hanover Bank,LP-00042,"Borough of Manhattan Tax Map Block 29, Lot 33.",Designated,now India House,12/21/1965,Individual Landmark,,101,1,40.704511,-74.0098355,1000900,MN0101,395.2127536,9199.40477,Commercial,Greenwich Village,Tier 5: Ultra Niche / Insider Knowledge
115,MN,13,5,5-11 Broadway,1000130005,Bowling Green Offices Building,LP-01927,"Borough of Manhattan Tax Map Block 13, Lot 5.",Designated,,9/19/1995,Individual Landmark,,101,1,40.7052819,-74.0142719,1001300,MN0101,709.6318977,30686.04047,Commercial,Upper East Side,Tier 4: Neighborhood Staple
1529,QN,522,29,12-12 33rd Avenue,4005220029,"Barkin, Levin & Company Office Pavilion",LP-02675,"Borough of Queens Tax Map Block 522, Lot 29 in part",Designated,,12/19/2023,Individual Landmark,,401,22,40.7656219,-73.9356625,4004500,QN0105,547.5812825,18398.90097,Commercial,Jamaica,Tier 4: Neighborhood Staple
1346,QN,403,9,29-27 Queens Plaza North,4004030009,"Bank of the Manhattan Company Building, Long Island City",LP-02570,"Borough of Queens Tax Map Block 403, Lot 9.",Designated,,5/12/2015,Individual Landmark,,401,26,40.7500102,-73.9363453,4003301,QN0105,317.7987749,5425.629485,Commercial,Astoria,Tier 4: Neighborhood Staple
1299,QN,2216,1,107-55 Queens Boulevard,4022160001,"Ridgewood Savings Bank, Forest Hills Branch",LP-02066,Too long,Designated,,5/30/2000,Individual Landmark,,406,29,40.7220111,-73.844294,4073900,QN0602,291.6481015,5351.162495,Commercial,Jackson Heights,Tier 4: Neighborhood Staple
1219,QN,5917,1,208 Totten Avenue,4059170001,Fort Totten Officer's Club,LP-00827,"Borough of Queens Tax Map Block 5917, Lot 1, in part, consisting of the land on which the described building is situated.",Designated,,9/24/1974,Individual Landmark,,407,19,40.7913966,-73.7750816,4099900,QN0761,425.006625,6163.765459,Commercial,Astoria,Tier 4: Neighborhood Staple
108,QN,10101,9,161-02 Jamaica Avenue,4101010009,Jamaica Savings Bank,LP-02109,"Borough of Queens Tax Map Block 10101, Lot 9.",Designated,,2/12/2008,Individual Landmark,,412,27,40.7035692,-73.7984461,4044601,QN1201,510.7665987,7712.701778,Commercial,Jamaica,Tier 4: Neighborhood Staple
100,QN,9676,37,146-21 Jamaica Avenue,4096760037,Jamaica Savings Bank,LP-02393,"Borough of Queens Tax Map Block 9676, Lot 37",Designated,,10/26/2010,Individual Landmark,,412,27,40.7019884,-73.8082102,4024000,QN1201,304.4354881,4789.938176,Commercial,Flushing,Tier 4: Neighborhood Staple
98,QN,9273,89,86-15 Lefferts Boulevard,4092730089,Richmond Hill Republican Club,LP-02126,"Borough of Queens Tax Map Block 9273, Lot 89.",Designated,,12/17/2002,Individual Landmark,,409,29,40.7009071,-73.8310137,4014400,QN0902,359.3951652,7886.571755,Other,Astoria,Tier 5: Ultra Niche / Insider Knowledge
1522,BX,4333,1,1129 East 180th Street,2043330001,"Fire Alarm Telegraph Bureau, Bronx Central Office",LP-02668,"Borough of The Bronx Tax Map Block 4333, Lot 1 in part",Designated,,6/13/2023,Individual Landmark,,227,15,40.8495632,-73.8722614,2033400,BX2791,439.4838313,7757.287479,Commercial,Riverdale,Tier 4: Neighborhood Staple
1195,MN,1,10,northwest of Barry Road,1000010010,Post Hospital,LP-00544,"Borough of Manhattan Tax Map Block 1, Lot 10 in part, consisting of the land on which the described building is situated.",Designated,designated as the Block House,9/19/1967,Individual Landmark,,101,1,40.6887742,-74.0187035,1000500,MN0191,216.2781027,2922.25626,Public/Civic,Harlem,Tier 5: Ultra Niche / Insider Knowledge
1140,MN,1373,1,"Roosevelt Island, located approximately opposite East 52nd Street",1013730001,Smallpox Hospital,LP-00908,"Tax Map Block 1373, Lot 1 in part consisting of the land on which the described structure is situated.",Designated,,3/23/1976,Individual Landmark,,108,5,40.7661789,-73.9459217,1023804,MN0801,681.2253596,11808.25787,Public/Civic,Greenwich Village,Tier 4: Neighborhood Staple
1123,BK,902,1,5th Avenue at 25th Street,3009020001,Green-Wood Cemetery Gate,LP-00149,"Borough of Brooklyn Tax Map Block 902, Lot 1 in part, consisting of the land on which the described building is situated.",Designated,,4/19/1966,Individual Landmark,,307,38,40.652138,-73.9902551,3008400,BK0771,477.1637343,3799.783518,Public/Civic,Williamsburg,Tier 2: National Draw
1054,MN,1866,1,401 West 113th Street and 400 West 114th Street,1018660001,"Plant and Scrymser Pavilions for Private Patients, Saint Luke's Hospital",LP-02113,Too long,Designated,,6/18/2002,Individual Landmark,,109,7,40.8045343,-73.9607002,1019701,MN0901,727.5224152,24993.84711,Public/Civic,Tribeca,Tier 4: Neighborhood Staple
987,BK,2023,150,Hospital Road,3020230150,"Old United States Naval Hospital, Brooklyn Navy Yard",LP-00003,"Borough Brooklyn Tax Map Block 2023 in part, consisting of the land on which the described building is situated,",Designated,,10/14/1965,Individual Landmark,,302,33,40.6991925,-73.965667,3054300,BK0261,778.0721799,19715.6446,Public/Civic,Williamsburg,Tier 4: Neighborhood Staple
963,BX,2443,400,560 Grand Concourse,2024430400,Bronx Post Office,LP-00837,"Borough of the Bronx Tax Map Block 2443, Lot 400.",Designated,,11/25/1975,Individual Landmark,,204,17,40.8189137,-73.9265643,2006100,BX0401,959.710162,55533.20967,Commercial,Riverdale,Tier 4: Neighborhood Staple
940,BX,2307,54,2792 Third Avenue,2023070054,Dollar Savings Bank,LP-02370,"Borough of the Bronx Tax Map Block 2307, Lot 54",Designated,,1/12/2010,Individual Landmark,,201,8,40.8150605,-73.9189602,2004300,BX0101,378.6442548,8213.027872,Commercial,Fordham,Tier 4: Neighborhood Staple
939,BX,2739,15,1201 Lafayette Avenue,2027390015,American Bank Note Company Printing Plant,LP-02298,"Borough of the Bronx, Tax Map Block 2739, Lot 15.",Designated,,2/5/2008,Individual Landmark,,202,17,40.8171069,-73.8909332,2009301,BX0201,1711.3976,186438.1075,Commercial,Riverdale,Tier 4: Neighborhood Staple
938,BX,3154,7501,2516-2530 Grand Concourse,2031547501,Dollar Savings Bank,LP-01889,"Borough of The Bronx Tax Map Block 3154, Lots 1001-1002",Designated,later Emmigrant Savings Bank,7/19/1994,Individual Landmark,,207,15,40.8630965,-73.896053,2039901,BX0701,589.487769,19541.11882,Commercial,South Bronx,Tier 4: Neighborhood Staple
919,BK,7146,1,Gravesend Neck Road at McDonald Avenue,3071460001,Gravesend Cemetery,LP-00921,"Tax Map Block 7146, Lot 1.",Designated,,3/23/1976,Individual Landmark,,315,44,40.5945993,-73.9745606,3039800,BK1501,1486.154541,72389.66779,Public/Civic,Brooklyn Heights,Tier 5: Ultra Niche / Insider Knowledge
686,MN,1841,7503,455 Central Park West,1018417503,New-York Cancer Hospital,LP-00938,"Borough of Manhattan Tax Map Block 1841, Lot 25.",Designated,later the Towers Nursing Home,8/17/1976,Individual Landmark,,107,7,40.7978783,-73.9607727,1018900,MN0703,847.1024675,44835.2264,Public/Civic,Hell's Kitchen,Tier 4: Neighborhood Staple
217,MN,458,30,"interior of the block bounded by East 2nd and East 3rd Streets, Second Avenue, and the Bowery",1004580030,New York Marble Cemetery,LP-00466,"Borough of Manhattan Tax Map Block 458, Lot 30.",Designated,,3/4/1969,Individual Landmark,,103,2,40.7256101,-73.9909479,1003602,MN0303,873.5252012,21833.77045,Public/Civic,Upper East Side,Tier 5: Ultra Niche / Insider Knowledge
173,MN,444,49,52-74 East 2nd Street,1004440049,New York City Marble Cemetery,LP-00464,"Borough of Manhattan Tax Map Block 444, Lot 49.",Designated,,3/4/1969,Individual Landmark,,103,2,40.7245998,-73.9889169,1003602,MN0303,975.7897142,39630.64142,Public/Civic,Greenwich Village,Tier 5: Ultra Niche / Insider Knowledge
1323,SI,1107,55,2589 Richmond Terrace,5011070055,Standard Varnish Works Factory Office Building,LP-02250,"Borough of Staten Island Tax Map Block 1107, Lot 55 in part consisting of the land on which the described building is situated.",Designated,,10/30/2007,Individual Landmark,,501,49,40.6382424,-74.1480052,5022300,SI0107,280.482472,3979.714929,Commercial,Tompkinsville,Tier 4: Neighborhood Staple
1303,QN,7135,0,69-65 to 69-73 182nd Street,0,Brinckerhoff Cemetery,LP-02087,"Borough of Queens Tax Map Block 7135, Lots 54 and 60",Designated,,8/14/2012,Individual Landmark,,408,24,40.732047,-73.7882101,4134100,QN0803,386.1134141,9146.700711,Public/Civic,Long Island City,Tier 5: Ultra Niche / Insider Knowledge
110,QN,10099,36,159th Street at Beaver Road,4100990036,Prospect Cemetery,LP-00945,"Borough of Queens Tax Map Block 10099, Lot 36.",Designated,,1/11/1977,Individual Landmark,,412,27,40.7014028,-73.7995454,4024600,QN1201,1961.061356,152643.506,Public/Civic,Jackson Heights,Tier 5: Ultra Niche / Insider Knowledge
78,QN,3178,44,adjacent to 69-43 Trotting Course Lane,4031780044,Remsen Cemetery,LP-01177,"Borough of Queens Tax Map Block 3178, Lot 44.",Designated,,5/26/1981,Individual Landmark,,406,30,40.71242,-73.8584997,4070300,QN0601,351.9237762,7062.683638,Public/Civic,Astoria,Tier 5: Ultra Niche / Insider Knowledge
73,QN,1131,12,51st to 54th Streets between 31st and 32nd Avenues,4011310012,Moore-Jackson Cemetery,LP-01956,"Borough of Queens Tax Map Block 1131, Lot 12.",Designated,,3/18/1997,Individual Landmark,,401,25,40.7559935,-73.9076622,4029500,QN0104,639.5941981,22697.21155,Public/Civic,Jamaica,Tier 5: Ultra Niche / Insider Knowledge
51,SI,521,28,81 Water Street,5005210028,Staten Island Savings Bank Building,LP-02201,"Staten Island Borough Tax Map Block 521, Lot 28.",Designated,,9/19/2006,Individual Landmark,,501,49,40.6272997,-74.0771012,5002100,SI0102,622.0752758,15812.24989,Commercial,Tompkinsville,Tier 4: Neighborhood Staple
1498,SI,516,32,207 St. Paul's Avenue,5005160032,Audre Lorde Residence,LP-02642,"Borough of Staten Island Tax Map Block 516, Lot 32",Designated,,6/18/2019,Individual Landmark,,501,49,40.6325493,-74.0788655,5002100,SI0102,346.4939638,5851.822648,Residential,Tompkinsville,Tier 5: Ultra Niche / Insider Knowledge
1360,SI,1338,166,234 Bard Avenue,5001380166,George William and Anna Curtis House,LP-00339,"Borough of Staten Island Tax Map Block 138, Lot 166",Designated,,6/28/2016,Individual Landmark,,501,49,40.6386769,-74.1078131,5009701,SI0104,644.1603165,25284.73783,Residential,Tompkinsville,Tier 5: Ultra Niche / Insider Knowledge
1359,SI,531,1,92 Harrison Street,5005310001,92 Harrison Street House,LP-01218,"Borough of Staten Island Tax Map Block 531, Lot 1",Designated,,6/28/2016,Individual Landmark,,501,49,40.623347,-74.0774965,5002700,SI0102,499.4364666,15585.91208,Residential,Tottenville,Tier 5: Ultra Niche / Insider Knowledge
1344,SI,3299,10,1476 Richmond Road,5032990010,Pierre Billiou House,LP-00380,"Borough of Richmond Tax Map Block 3299, Lot 10.",Designated,also known as the Billiou-Stillwell-Perine House,2/28/1967,Individual Landmark,,502,50,40.5933071,-74.0999228,5009602,SI0201,686.1179469,30108.41286,Residential,Tottenville,Tier 5: Ultra Niche / Insider Knowledge
1300,SI,587,1,79 Howard Avenue,5005870001,Louis A. and Laura Stirn House,LP-02069,"Borough of Staten Island Tax Map Block 587, Lot 1 in part, excluding the recorded easement that runs along the south lot line or 15 feer from the south lot line, whichever is narrower.",Designated,,1/30/2001,Individual Landmark,,501,49,40.6284994,-74.0882022,5003300,SI0104,890.3256189,48772.07088,Residential,Tompkinsville,Tier 5: Ultra Niche / Insider Knowledge
1280,SI,7590,0,81-83 Kreischer Street,0,Kreischerville Workers' Houses,LP-01872,"Borough of Staten Island Tax Map Block 7590, Lots 136 and 137 and the portions of the sidewalk and tree lawn immediately adjacent to these buildings, extending to the roadbed of Kreischer Street.",Designated,,7/26/1994,Individual Landmark,,503,51,40.5347277,-74.239132,5022602,SI0305,509.3892051,10390.85144,Residential,Tompkinsville,Tier 5: Ultra Niche / Insider Knowledge
1271,SI,247,0,1213 Clove Road,0,John Frederick Smith House,LP-01640,Too long,Designated,later the Dorothy Valentine Smith House,10/6/1987,Individual Landmark,,501,49,40.6169257,-74.1034484,5005901,SI0104,856.3883583,33693.50481,Residential,St. George,Tier 5: Ultra Niche / Insider Knowledge
1258,SI,534,25,131 Bay Street,5005340025,"Seaman's Retreat, Physician-in-Chief's Residence",LP-01396,"Borough of Staten Island Tax Map Block 534, Lot 1 in part, consisting of the land on which the described building is situated.",Designated,,4/9/1985,Individual Landmark,,501,49,40.6240214,-74.0745326,5002700,SI0102,193.8770856,2125.53464,Residential,St. George,Tier 5: Ultra Niche / Insider Knowledge
1249,SI,528,0,710 Bay Street,0,Dr. James R. Boardman House,LP-01217,"Borough of Staten Island Tax Map Block 528, Lots 12 and 50.",Designated,designated as the 710 Bay Street House,10/12/1982,Individual Landmark,,501,49,40.6246662,-74.0748647,5002700,SI0102,520.1976852,11595.47352,Residential,St. George,Tier 5: Ultra Niche / Insider Knowledge
1185,SI,6694,173,440 Seguine Avenue,5066940173,Joseph H. Seguine House,LP-00389,"Borough of Richmond Tax Map Block 6694, Lot 173 in part, consisting of the land on which the described building is situated.",Designated,,5/25/1967,Individual Landmark,,503,51,40.51452,-74.1973911,5019800,SI0304,219.3241309,2639.147243,Residential,Tompkinsville,Tier 5: Ultra Niche / Insider Knowledge
1178,SI,891,0,209 Flagg Place,0,"Ernest Flagg House, Expanded Site",LP-01400,Too long,Designated,now the Scalabrini Fathers of Saint Charles and the Copperflagg Residential Development,6/28/1983,Individual Landmark,,502,50,40.5871774,-74.1066571,5018100,SI0203,3366.130196,516025.7907,Residential,St. George,Tier 5: Ultra Niche / Insider Knowledge
1175,SI,795,16,3961 Arthur Kill Road,5007950016,Christopher House,LP-00346,"Borough of Richmond Tax Map Block 795, Lot 1.",Moved,,8/26/1969,Individual Landmark,,502,50,40.6058306,-74.1468277,5018902,SI0203,739.087744,30043.30583,Residential,St. George,Tier 5: Ultra Niche / Insider Knowledge
1174,SI,137,51,69 Delafield Place,5001370051,69 Delafield Place House,LP-00338,"Borough of Richmond Tax Map Block 137, Lot 51.",Designated,also known as the Samuel MacKenzie Elliot House,4/12/1967,Individual Landmark,,501,49,40.6442113,-74.1097103,5009701,SI0104,452.728699,11437.42663,Residential,Tompkinsville,Tier 5: Ultra Niche / Insider Knowledge
1173,SI,76,200,982 Richmond Terrace,5000760200,"Sailors' Snug Harbor, North Gatehouse",LP-00742,"Borough of Richmond Tax Map Block 76, Lot 1 in part consisting of the land on which the described improvement is situated.",Designated,,5/15/1973,Individual Landmark,,501,49,40.6440512,-74.1017572,5009702,SI0191,139.6453339,926.582143,Residential,St. George,Tier 2: National Draw
1134,SI,7966,0,70 Satterlee Street,0,Henry Hogg Biddle House,LP-01707,"The property consisting of Staten Island Tax Map Block 7966, Lot 75 and the adjacent mapped roadbed of Pittsville Avenue extending to the norther boundary of Conference hOuse Park (formerly Tax Map Block 7960, Lot 100, now Block 7857, Lot 100).",Designated,,5/1/1990,Individual Landmark,,503,51,40.5056109,-74.2542784,5024401,SI0305,2031.23108,156292.5476,Residential,Great Kills,Tier 5: Ultra Niche / Insider Knowledge
1116,SI,2287,37,Edinboro Road,5022870037,Staten Island Lighthouse,LP-00367,"Borough of Richmond Tax Map Block 2287, Lot 37.",Designated,,1/17/1968,Individual Landmark,,502,50,40.5761004,-74.1412619,5027900,SI0203,379.0186977,8203.020177,Residential,Great Kills,Tier 5: Ultra Niche / Insider Knowledge
1115,SI,2359,1,Latourette Park,5023590001,David Latourette House,LP-00368,"Borough of Richmond Tax Map Block 2320, Lot 50 in part, consisting of the land on which the described building is situated.",Designated,now the Latourette Park Golf Course Club House,7/30/1968,Individual Landmark,,502,50,40.5780583,-74.1492902,5027900,SI0203,324.8854952,4306.09028,Residential,Tottenville,Tier 5: Ultra Niche / Insider Knowledge
1113,SI,4441,1,3742 Richmond Road,5044410001,Edwards-Barton House,LP-02093,Too Long,Designated,,6/26/2001,Individual Landmark,,503,50,40.5711106,-74.1454376,5027900,SI0203,742.4095457,23529.91417,Residential,Great Kills,Tier 5: Ultra Niche / Insider Knowledge
1112,SI,4444,1,3961 Arthur Kill Road,5044440001,Christopher House,LP-00346,"Proposed Site: Borough of Staten Island Tax Map Block 4444, Lot 1 in part, consisting of the land on which the described building is situated.",Proposed,,8/26/1969,Individual Landmark,,502,51,40.5719587,-74.147646,5027900,SI0203,132.4756149,950.9844287,Residential,Tottenville,Tier 5: Ultra Niche / Insider Knowledge
1110,SI,2359,1,3711 Richmond Road,5023590001,Guyon-Lake-Tysen House,LP-00397-M,"Borough of Richmond Tax Map Block 2278, Lot 1 in part, consisting of the land on which the described building is situated.",Designated,,8/26/1969,Individual Landmark,,502,50,40.5780583,-74.1492902,5027900,SI0203,248.422962,2419.754805,Residential,Great Kills,Tier 5: Ultra Niche / Insider Knowledge
1109,SI,2359,1,3741 Richmond Road,5023590001,Basketmaker's House,LP-00397-L,"Borough of Richmond Tax Map Block 2278, Lot 1 in part, consisting of the land on which the described building is situated.",Designated,,8/26/1969,Individual Landmark,,502,50,40.5780583,-74.1492902,5027900,SI0203,93.20077481,541.8547634,Residential,Tottenville,Tier 5: Ultra Niche / Insider Knowledge
1108,SI,2359,1,3749 Richmond Road,5023590001,Kruser-Finley House,LP-00397-K,"Borough of Richmond Tax Map Block 2278, Lot 1 in part, consisting of the land on which the described building is sitauted.",Designated,,8/26/1969,Individual Landmark,,502,50,40.5780583,-74.1492902,5027900,SI0203,141.9605028,1002.444277,Residential,Tompkinsville,Tier 5: Ultra Niche / Insider Knowledge
1106,SI,4444,1,43 Arthur Kill Road,5044440001,Boehm-Frost House,LP-00397-I,"Borough of Richmond Tax Map Block 2278, Lot 1 in part, consisting of the land on which the described building is situated.",Designated,now Boehm House,8/26/1969,Individual Landmark,,502,51,40.5719587,-74.147646,5027900,SI0203,141.3603552,1193.532537,Residential,St. George,Tier 5: Ultra Niche / Insider Knowledge
1104,SI,4441,1,3728 Richmond Road,5044410001,Bennett House,LP-00397-G,"Borough of Richmond Tax Map Block 4441, Lot 4 in part, consisting of the land on which the described building is situated.",Designated,,8/26/1969,Individual Landmark,,503,50,40.5711106,-74.1454376,5027900,SI0203,157.7689083,1226.833334,Residential,Tottenville,Tier 5: Ultra Niche / Insider Knowledge
1103,SI,4441,1,249 Center Street,5044410001,Stephens-Black House,LP-00397-F,"Borough of Richmond Tax Map Block 4441, Lot 4 in part, consisting of the land on which the described building is situated.",Designated,,8/26/1969,Individual Landmark,,503,50,40.5711106,-74.1454376,5027900,SI0203,258.5569414,1965.619684,Residential,St. George,Tier 5: Ultra Niche / Insider Knowledge
1102,SI,4441,1,302 Center Street,5044410001,Third County Courthouse,LP-00397-E,"Borough of Richmond Tax Map Block 4442, Lot 11 in part, consisting of the land on which the described building is situated.",Designated,now Visitors Center,8/26/1969,Individual Landmark,,503,50,40.5711106,-74.1454376,5027900,SI0203,305.3777782,3929.499664,Residential,Tottenville,Tier 5: Ultra Niche / Insider Knowledge
1100,SI,4444,1,37-39 Arthur Kill Road,5044440001,Treasure House,LP-00397-B,"Borough of Richmond Tax Map Block 2278, Lot 1 in part, consisting of the land on which the described building is situated.",Designated,,8/26/1969,Individual Landmark,,502,51,40.5719587,-74.147646,5027900,SI0203,170.3653915,1618.485804,Residential,St. George,Tier 5: Ultra Niche / Insider Knowledge
1099,SI,4444,1,59 Arthur Kill Road,5044440001,Voorlezer's House,LP-00397-A,"Borough of Richmond Tax Map Block 2278, Lot 1 in part, consisting of the land on which the described building is situated.",Designated,,8/26/1969,Individual Landmark,,502,51,40.5719587,-74.147646,5027900,SI0203,112.3517407,773.8617156,Residential,Great Kills,Tier 5: Ultra Niche / Insider Knowledge
1076,SI,2830,49,30 Hylan Boulevard,5028300049,Henry McFarlane House,LP-01213,"Borough of Staten Island Tax Map Block 2830, Lot 49 in part, consisting of the land which formerly comprised Lot 40.",Designated,"later the New York Yacht Club, also known as the McFarlane-Bredt House",10/12/1982,Individual Landmark,,501,49,40.6158298,-74.0625723,5000600,SI0103,1636.810562,81527.13009,Residential,Tompkinsville,Tier 5: Ultra Niche / Insider Knowledge
1075,SI,2830,49,2 Hylan Boulevard,5028300049,Alice Austen House,LP-00371,"Borough of Richmond Tax Map Block 2830, Lot 49, excluding that portion of the lot lying behind a straight line parallel to the rear lot line and located forty feet behind the Alice Austen House",Designated,,5/13/1969,Individual Landmark,,501,49,40.6158298,-74.0625723,5000600,SI0103,831.253612,37087.56816,Residential,Tottenville,Tier 3: Local Favorite / Regional Gem
995,SI,76,200,912 Richmond Terrace,5000760200,"Sailors' Snug Harbor, Chapel",LP-00027,"Tax Map Block 76, Lot 1 in part, consisting of the land on which the described building is situated.",Designated,now Veterans Memorial Hall,10/14/1965,Individual Landmark,,501,49,40.6440512,-74.1017572,5009702,SI0191,291.6614387,4086.910887,Religious,Tottenville,Tier 2: National Draw
66,SI,7465,115,4500 Arthur Kill Road,5074650115,Charles Kreischer House,LP-00391,"Borough of Richmond Tax Map Block 7465, Lot 115.",Designated,,2/20/1968,Individual Landmark,,503,51,40.5325565,-74.2378075,5022602,SI0305,1201.513439,84671.78729,Residential,St. George,Tier 5: Ultra Niche / Insider Knowledge
65,SI,7900,5,7484 Amboy Road,5079000005,James L. and Lucinda Bedell House,LP-02180,"Borough of Staten Island, Tax Map Block 7900, Lot 5",Designated,,4/12/2005,Individual Landmark,,503,51,40.5091956,-74.2454958,5024401,SI0305,454.1595562,11192.97408,Residential,Tottenville,Tier 5: Ultra Niche / Insider Knowledge
64,SI,6751,310,90 Bayview Avenue,5067510310,John H. and Elizabeth J. Elsworth House,LP-02249,"Borough of Staten Island, Tax Map Block 6751 Lot 310",Designated,,1/13/2009,Individual Landmark,,503,51,40.5230751,-74.2055346,5019800,SI0304,639.6837293,22589.71152,Residential,St. George,Tier 5: Ultra Niche / Insider Knowledge
62,SI,7020,123,1482 Woodrow Road,5070200123,Reverend Isaac Coleman and Rebecca Gray Coleman House,LP-02414,"Borough of Staten Island Tax Map Block 7020, Lot 123",Designated,,2/1/2011,Individual Landmark,,503,51,40.541078,-74.2147322,5020803,SI0304,417.0505703,10314.53658,Residential,Tottenville,Tier 5: Ultra Niche / Insider Knowledge
60,SI,6724,25,5910 Amboy Road,5067240025,Abraham J. Wood House,LP-00841,"Borough of Richmond Tax Map Block 6724, Lot 25.",Designated,also known as the 5910 Amboy Road House,3/19/1974,Individual Landmark,,503,51,40.5254268,-74.2043189,5019800,SI0304,599.9067989,20024.06681,Residential,Tottenville,Tier 5: Ultra Niche / Insider Knowledge
59,SI,7590,138,85-87 Kreischer Street,5075900138,Kreischerville Workers' Houses,LP-01873,"Borough of Staten Island Tax Map Block 7590, Lot 138 and the portions of the sidewalk and tree lawn immediately adjacent to these buildings, extending to the roadbed of Kreischer Street.",Designated,,7/26/1994,Individual Landmark,,503,51,40.5348237,-74.2391611,5022602,SI0305,503.3842373,7608.89035,Residential,St. George,Tier 5: Ultra Niche / Insider Knowledge
57,SI,8028,63,134 Main Street,5080280063,Theodore H. and Elizabeth DeHart House,LP-02181,"Borough of Richmond, Tax Map Block 8028, Lot 63",Designated,,5/16/2006,Individual Landmark,,503,51,40.5114646,-74.2497729,5024800,SI0305,572.2312921,16531.88871,Residential,St. George,Tier 5: Ultra Niche / Insider Knowledge
54,SI,7857,90,7455 Hylan Boulevard,5078570090,Conference House,LP-00393,"Borough of Richmond Tax Map Block 7960, Lot 16",Designated,"also known as Bentley Manor, the Christopher Billopp House",2/28/1967,Individual Landmark,,503,51,40.5028676,-74.2535919,5024401,SI0305,1879.564051,162631.5409,Residential,Tottenville,Tier 3: Local Favorite / Regional Gem
53,SI,5378,30,4515 Hylan Boulevard,5053780030,Frederick Law Olmsted House,LP-00384,"Borough of Richmond Tax Map Block 5378, Lot 30.",Designated,also known as the Poillon House,2/28/1967,Individual Landmark,,503,51,40.5319391,-74.1580979,5015602,SI0302,1035.051211,68577.13969,Residential,Tottenville,Tier 5: Ultra Niche / Insider Knowledge
49,SI,6666,1,509 Seguine Avenue,5066660001,Abraham Manee House,LP-01398,"Tax Map Block 6666, Lot 1.",Designated,also known as the Manee-Seguine Homestead,9/11/1984,Individual Landmark,,503,51,40.5133717,-74.1963699,5019800,SI0304,591.082292,21463.13573,Residential,Tompkinsville,Tier 5: Ultra Niche / Insider Knowledge
48,SI,7590,134,75-77 Kreischer Street,5075900134,Kreischerville Workers' Houses,LP-01871,"Borough of Staten Island Tax Map Block 7590, Lot 134 and the portions of the sidewalk and tree lawn immediately adjacent to these buildings, extending to the roadbed of Kreischer Street.",Designated,,7/26/1994,Individual Landmark,,503,51,40.5345574,-74.2391637,5022602,SI0305,509.6117772,10182.63817,Residential,St. George,Tier 5: Ultra Niche / Insider Knowledge
47,SI,897,1,1929 Richmond Road,5008970001,Ernest Flagg Estate Cottage: McCall's Demonstration House,LP-01407,"Borough of Staten Island Tax Map Block 897, Lot 1.",Designated,,2/10/1987,Individual Landmark,,502,50,40.5839921,-74.1079876,5018100,SI0203,408.6703057,10407.30967,Residential,Tompkinsville,Tier 5: Ultra Niche / Insider Knowledge
45,SI,7590,131,71-73 Kreischer Street,5075900131,Kreischerville Workers' Houses,LP-01870,"Borough of Staten Island Tax Map Block 7590, Lot 131 and the portions of the sidewalk and tree lawn immediately adjacent to these buildings, extending to the roadbed of Kreischer Street.",Designated,,7/26/1994,Individual Landmark,,503,51,40.5344119,-74.2392028,5022602,SI0305,520.5045361,12069.73261,Residential,Tottenville,Tier 5: Ultra Niche / Insider Knowledge
44,SI,8050,13,7647 Amboy Road,5080500013,Rutan Journeay House,LP-02221,"Borough of Richmond, Tax Map Block 8050 Lot 13.",Designated,,3/24/2009,Individual Landmark,,503,51,40.5084553,-74.2502076,5024800,SI0305,555.7562688,14589.29883,Residential,St. George,Tier 5: Ultra Niche / Insider Knowledge
42,SI,4437,26,249 Center Street,5044370026,Stephens-Prier House,LP-02022,"Borough of Staten Island Tax Map Block 4437, Lot 26.",Designated,,5/25/1999,Individual Landmark,,503,50,40.5717056,-74.1438047,5013800,SI0301,684.8129498,27809.05317,Residential,Tompkinsville,Tier 5: Ultra Niche / Insider Knowledge
41,SI,571,242,141 Nixon Avenue,5005710242,Caleb T. Ward Mansion,LP-01002,"Borough of Staten Island Tax Map Block 571, Lot 242.",Designated,,8/22/1978,Individual Landmark,,501,49,40.6324269,-74.0812612,5001700,SI0102,1235.923712,52324.94082,Residential,Great Kills,Tier 5: Ultra Niche / Insider Knowledge
40,SI,439,45,308 Saint John Avenue,5004390045,Peter Housman House,LP-00345,"Borough of Richmond Tax Map Block 439, Lot 45.",Designated,,10/13/1970,Individual Landmark,,501,50,40.6159726,-74.1356805,5019700,SI0105,431.9588332,10570.29829,Residential,St. George,Tier 5: Ultra Niche / Insider Knowledge
39,SI,866,377,103 Circle Road,5008660377,Gillett-Tyler House,LP-02231,"Borough of Staten Island Tax Map Block 866, Lot 377 (Tentative Lot 377, approved April 4, 2007)",Designated,,10/30/2007,Individual Landmark,,502,50,40.5983306,-74.1054938,5017701,SI0203,714.6538153,26984.35064,Residential,Great Kills,Tier 5: Ultra Niche / Insider Knowledge
37,SI,7,12,12-24 Richmond Terrace,5000070012,Richmond County Courthouse,LP-01206,"Borough of Staten Island Tax Map Block 7, Lot 12.",Designated,,3/23/1982,Individual Landmark,,501,49,40.6429674,-74.0763878,5000300,SI0101,891.1415935,49608.11599,Residential,St. George,Tier 5: Ultra Niche / Insider Knowledge
36,SI,25,3,415 Westervelt Avenue,5000250003,"415 Westervelt Avenue House, Horton's Row",LP-02381,"Borough of Staten Island Tax Map Block 25, Lot 3.",Designated,,9/15/2009,Individual Landmark,,501,49,40.6380397,-74.0815995,5001100,SI0101,254.3667847,2256.831258,Residential,Tompkinsville,Tier 5: Ultra Niche / Insider Knowledge
35,SI,314,1,665 Clove Road,5003140001,Mark W. Allen House,LP-02190,"Borough of Richmond Tax Map Block 314, Lot 1.",Designated,,6/13/2006,Individual Landmark,,501,49,40.6253217,-74.1180044,5012500,SI0104,465.8055107,13325.95819,Residential,St. George,Tier 5: Ultra Niche / Insider Knowledge
34,SI,27,5,327 Westervelt Avenue,5000270005,Vanderzee-Harper House,LP-02349,"Borough of Staten Island Tax Map Block 27, Lot 5",Designated,,11/17/2009,Individual Landmark,,501,49,40.6401229,-74.0817318,5000900,SI0101,275.3040062,4408.10888,Residential,St. George,Tier 5: Ultra Niche / Insider Knowledge
33,SI,25,4,413 Westervelt Avenue,5000250004,"413 Westervelt Avenue House, Horton's Row",LP-02378,"Borough of Staten Island Tax Map Block 25, Lot 4.",Designated,,9/15/2009,Individual Landmark,,501,49,40.6380946,-74.0815851,5001100,SI0101,250.4802177,2083.79495,Residential,St. George,Tier 5: Ultra Niche / Insider Knowledge
32,SI,70,24,806 Richmond Terrace,5000700024,Tysen-Neville House,LP-00334,"Borough of Richmond Tax Map Block 70, Lot 24.",Designated,also known as the Neville House and the Old Stone Jug,11/15/1967,Individual Landmark,,501,49,40.6444405,-74.0991273,5008100,SI0101,529.7416117,16484.8241,Residential,Tottenville,Tier 5: Ultra Niche / Insider Knowledge
31,SI,2286,18,48 Manor Court,5022860018,"William and Catherine Cass House, The Crimson Beech",LP-01773,"Borough of Staten Island Tax Map Block 2286, Lot 18.",Designated,,8/14/1990,Individual Landmark,,502,50,40.575078,-74.1423397,5027900,SI0203,890.7043652,32792.2574,Residential,Tottenville,Tier 5: Ultra Niche / Insider Knowledge
30,SI,25,1,417 Westervelt Avenue,5000250001,"417 Westervelt Avenue House, Horton's Row",LP-02382,"Borough of Staten Island Tax Map Block 25, Lot 1.",Designated,,9/15/2009,Individual Landmark,,501,49,40.637982,-74.0816535,5001100,SI0101,246.0769022,2400.881473,Residential,Tompkinsville,Tier 5: Ultra Niche / Insider Knowledge
29,SI,63,50,1 Pendleton Place,5000630050,1 Pendleton Place House,LP-02189,"Borough of Staten Island Tax Map Block 63, Lot 50",Designated,,3/14/2006,Individual Landmark,,501,49,40.6414628,-74.0920856,5008100,SI0101,750.0407742,33660.00014,Residential,Tottenville,Tier 5: Ultra Niche / Insider Knowledge
28,SI,149,1,1262 Richmond Terrace,5001490001,Cornelius Cruser House,LP-00341,"Borough of Richmond Tax Map Block 149, Lot 1.",Designated,also known as the Kreuzer-Pelton House,8/24/1967,Individual Landmark,,501,49,40.643671,-74.1121453,5009701,SI0104,455.1933937,9432.995918,Residential,St. George,Tier 5: Ultra Niche / Insider Knowledge
26,SI,942,37,2475 Richmond Road,5009420037,Gustave A. Mayer House,LP-01652,"Borough of Staten Island Tax Map Block 942, Lot 37",Designated,originally the David R. Ryers House,3/21/1989,Individual Landmark,,502,50,40.5758161,-74.1209839,5018100,SI0203,650.6107023,22549.83101,Residential,St. George,Tier 5: Ultra Niche / Insider Knowledge
25,SI,1012,10,29 Cottage Place,5010120010,29 Cottage Place House,LP-02447,"Borough of Staten Island, Tax Map Block 1012, Lot 10.",Designated,,10/25/2011,Individual Landmark,,501,49,40.6362903,-74.1303569,5020702,SI0106,220.9166977,2881.919683,Residential,Tottenville,Tier 5: Ultra Niche / Insider Knowledge
23,SI,305,76,27 Tyler Street,5003050076,Julia Gardiner Tyler House,LP-00344,"Borough of Richmond Tax Map Block 305, Lot 76.",Designated,"originally the Elizabeth Racey House, also known as the Gardiner-Tyler House",4/12/1967,Individual Landmark,,501,49,40.6235928,-74.1122088,5012100,SI0104,500.3461437,15142.85665,Residential,Tottenville,Tier 5: Ultra Niche / Insider Knowledge
22,SI,38,35,344 Westervelt Avenue,5000380035,August and Augusta Schoverling House,LP-02073,"Borough of Staten Island Tax Map Block 38, Lot 35.",Designated,,1/30/2001,Individual Landmark,,501,49,40.6396779,-74.0822537,5001100,SI0101,512.5099628,15640.6797,Residential,Tottenville,Tier 5: Ultra Niche / Insider Knowledge
21,SI,3105,1,45 McClean Avenue,5031050001,H. H. Richardson House,LP-02141,Too long,Designated,,3/30/2004,Individual Landmark,,502,50,40.599311,-74.0636515,5002002,SI0201,514.8933403,15718.83926,Residential,Tompkinsville,Tier 5: Ultra Niche / Insider Knowledge
20,SI,25,5,411 Westervelt Avenue,5000250005,"411 Westervelt Avenue House, Horton's Row",LP-02377,"Borough of Staten Island Tax Map Block 25, Lot 5.",Designated,,9/15/2009,Individual Landmark,,501,49,40.6381495,-74.0815708,5001100,SI0101,251.1495516,2150.704726,Residential,St. George,Tier 5: Ultra Niche / Insider Knowledge
19,SI,518,7,390 Van Duzer Street,5005180007,390 Van Duzer Street House,LP-00773,"Borough of Richmond Tax Map Block 518, Lot 7.",Designated,,12/18/1973,Individual Landmark,,501,49,40.628755,-74.0803561,5003300,SI0104,404.471444,7490.343147,Residential,Tompkinsville,Tier 5: Ultra Niche / Insider Knowledge
17,SI,246,56,1197 Clove Road,5002460056,John King Vanderbilt House,LP-01639,"Borough of Staten Island Tax Map Block 246, Lot 56.",Designated,,10/6/1987,Individual Landmark,,501,49,40.6174387,-74.103723,5005901,SI0104,709.2870348,22260.61255,Residential,Tottenville,Tier 5: Ultra Niche / Insider Knowledge
16,SI,58,77,66 Harvard Avenue,5000580077,66 Harvard Avenue House,LP-00331,"Borough of Richmond Tax Map Block 58, Lot 77.",Designated,also known as the Pritchard House,3/19/1968,Individual Landmark,,501,49,40.6418512,-74.090335,5008100,SI0101,803.2510735,21463.36016,Residential,Tompkinsville,Tier 5: Ultra Niche / Insider Knowledge
15,SI,1211,87,2876 Richmond Terrace,5012110087,Stephen D. Barnes House,LP-00930,"Borough of Staten Island, Tax Map Block 1211, Lot 87.",Designated,,7/13/1976,Individual Landmark,,501,49,40.6365765,-74.1561768,5022300,SI0107,457.2140456,10718.5554,Residential,St. George,Tier 5: Ultra Niche / Insider Knowledge
13,SI,188,40,1674 Richmond Terrace,5001880040,John DeGroot House,LP-02179,"Borough of Staten Island Tax Map Block 188, Lot 40.",Designated,,6/28/2005,Individual Landmark,,501,49,40.6388029,-74.1218115,5013302,SI0106,475.4292906,12006.89568,Residential,Tottenville,Tier 5: Ultra Niche / Insider Knowledge
12,SI,9,22,100 Richmond Terrace,5000090022,Staten Island Family Courthouse,LP-02057,"Borough of Staten Island Tax Map Block 9, Lot 22, in part excluding the portion of the lot between the western elecation and the western lot line.",Designated,originally Staten Island Children's Courthouse,1/30/2001,Individual Landmark,,501,49,40.6450388,-74.0777884,5000700,SI0101,443.8768227,12222.58624,Residential,Tompkinsville,Tier 5: Ultra Niche / Insider Knowledge
11,SI,515,39,364 Van Duzer Street,5005150039,364 Van Duzer Street House,LP-00772,"Borough of Richmond Tax Map Block 515, Lot 39.",Designated,,12/18/1973,Individual Landmark,,501,49,40.6293511,-74.0796687,5002100,SI0102,276.649846,3749.606096,Residential,Great Kills,Tier 5: Ultra Niche / Insider Knowledge
10,SI,64,155,22 Pendleton Place,5000640155,22 Pendleton Place House,LP-00332,"Borough of Richmond Tax Map Block 64, Lot 155.",Designated,also known as the W. S. Pendleton House,3/4/1969,Individual Landmark,,501,49,40.6417121,-74.0926841,5008100,SI0101,575.2055475,20375.87832,Residential,Tompkinsville,Tier 5: Ultra Niche / Insider Knowledge
9,SI,2268,180,190 Meisner Avenue,5022680180,Nathaniel J. and Ann C. Wyeth House,LP-02253,"Borough of Staten Island Tax Map Block 2268, Lot 180",Designated,,5/15/2007,Individual Landmark,,502,50,40.5786049,-74.1333654,5027900,SI0203,720.8464428,30706.29944,Residential,St. George,Tier 5: Ultra Niche / Insider Knowledge
7,SI,514,30,63 William Street,5005140030,Mary and David Burgher House,LP-02367,"Borough of Staten Island Tax Map Block 514, Lot 30",Designated,,1/12/2010,Individual Landmark,,501,49,40.6313611,-74.0783849,5002100,SI0102,319.0233166,5612.601597,Residential,Tottenville,Tier 5: Ultra Niche / Insider Knowledge
5,SI,2281,155,3531 Richmond Road,5022810155,Reverend David Moore House,LP-00366,"Borough of Richmond Tax Map Block 2282, Lot 155.",Designated,also known as the Moore-McMillen House,8/24/1967,Individual Landmark,,502,50,40.5730924,-74.1387286,5027900,SI0203,775.7789365,34036.91184,Residential,St. George,Tier 5: Ultra Niche / Insider Knowledge
4,SI,1015,9,121 Heberton Avenue,5010150009,121 Heberton Avenue House,LP-02120,"Borough of the Staten Island Tax Map Block 1015, Lot 9.",Designated,,12/17/2002,Individual Landmark,,501,49,40.6370693,-74.1308304,5020702,SI0106,329.1678374,6515.861133,Residential,St. George,Tier 5: Ultra Niche / Insider Knowledge
2,SI,2390,194,435 Richmond Hill Road,5023900194,Decker Farmhouse,LP-00369,"Borough of Richmond Tax Map Block 2390, Lot 194.",Designated,,12/13/1967,Individual Landmark,,502,51,40.5826363,-74.1537034,5027704,SI0204,2797.209417,484779.7478,Residential,Tompkinsville,Tier 5: Ultra Niche / Insider Knowledge
1,SI,58,27,105 Franklin Avenue,5000580027,105 Franklin Avenue House,LP-00330,"Borough of Richmond Tax Map Block 58, Lot 27.",Designated,also known as Hamilton Park Cottage,10/13/1970,Individual Landmark,,501,49,40.6429563,-74.0917094,5008100,SI0101,446.2811286,11078.25,Residential,Tompkinsville,Tier 5: Ultra Niche / Insider Knowledge
1523,BX,2293,46,436-442 East 149th Street,2022930046,Bronx Opera House,LP-02667,"Borough of The Bronx Tax Map Block 2293, Lot 46 in part",Designated,,6/13/2023,Individual Landmark,,201,17,40.8149404,-73.9161497,2004300,BX0101,304.9294577,5576.544733,Residential,Riverdale,Tier 5: Ultra Niche / Insider Knowledge
1353,BX,5628,146,65 Schofield Street,2056280146,William H. Schofield House,LP-02395,"Borough of the Bronx, Tax Map Block 5628, Lot 146.",Designated,,4/12/2016,Individual Landmark,,210,13,40.8448739,-73.7876159,2051601,BX1003,361.0211057,7671.890442,Residential,Fordham,Tier 5: Ultra Niche / Insider Knowledge
1298,BX,5825,1513,5122 Post Road,2058251513,Hadley House,LP-02059,Too long,Designated,,6/20/2000,Individual Landmark,,208,11,40.8965368,-73.8979865,2035100,BX0803,364.4978332,8107.992077,Residential,Riverdale,Tier 5: Ultra Niche / Insider Knowledge
1213,BX,5937,459,5225 Sycamore Avenue,2059370459,"William D. and Ann Cromwell House, Stonehurst",LP-00673,"Borough of The Bronx Tax Map Block 5937, Lot 458.",Designated,later the Robert Colgate House,10/13/1970,Individual Landmark,,208,11,40.9015743,-73.9126509,2030900,BX0803,1156.97425,50608.39618,Residential,Pelham Bay,Tier 5: Ultra Niche / Insider Knowledge
1147,BX,5958,1,West 261st Street at Palisade Avenue,2059580001,"Fonthill, the Edwin Forrest House",LP-00133,"Borough of The Bronx Tax Map Block 5958, Lot 1 part, consisting of the land on which the described building is situated.",Designated,now the Admissions Office of the College of Mount Saint Vincent,3/15/1966,Individual Landmark,,208,11,40.9130123,-73.9068217,2031900,BX0803,308.5080897,3671.390495,Residential,Fordham,Tier 5: Ultra Niche / Insider Knowledge
1146,BX,5937,440,675 West 252nd Street,2059370440,"Wave Hill, William Lewis Morris House",LP-00131,"Borough of The Bronx Tax Map Block 5937, Lot 440.",Designated,,6/21/1966,Individual Landmark,,208,11,40.8988844,-73.9124374,2030900,BX0803,4623.241588,913519.3019,Residential,South Bronx,Tier 2: National Draw
1144,BX,5650,1,"Shore Road, Pelham Bay Park",2056500001,Robert and Marie Lorillard Bartow House,LP-00125,"Borough of The Bronx Tax Map Block 5650, Lot 1 in part, consisting of the land on which the described building is situated.",Amended,now the Bartow-Pell Mansion Museum,2/15/1966,Individual Landmark,,228,13,40.8683436,-73.7981419,2050400,BX2891,380.6700556,5530.115544,Residential,South Bronx,Tier 3: Local Favorite / Regional Gem
1094,BX,3343,500,3266 Bainbridge Avenue,2033430500,Isaac Valentine House,LP-00119,"Borough of The Bronx Tax Map Block 3343, Lot 500 in part, consisting of the land on which the described building is situated.",Designated,now the Valentine-Varian House,3/15/1966,Individual Landmark,,207,11,40.8773555,-73.8794437,2042300,BX0703,159.4824575,1557.08984,Residential,South Bronx,Tier 5: Ultra Niche / Insider Knowledge
1092,BX,5650,1,Pelham Bay Park,2056500001,Orchard Beach Bath House and Promenade,LP-02197,Too Long,Designated,,6/20/2006,Individual Landmark,,228,13,40.8683436,-73.7981419,2050400,BX2891,12126.4106,768726.0675,Residential,Fordham,Tier 5: Ultra Niche / Insider Knowledge
1091,BX,3273,1,"Fordham University, East Fordham Road and East 191st Street",2032730001,Horatio Shepheard Moat House,LP-00116,"Borough of The Bronx Tax Map Block 3273, Lot 1 in part consisting of the land on which the described building is situated.",Designated,"now Forham University Administration Building, designated as Rose Hill",8/18/1970,Individual Landmark,,206,15,40.8616234,-73.8853325,2039700,BX0603,626.667439,12490.93349,Residential,Fordham,Tier 5: Ultra Niche / Insider Knowledge
1090,BX,3273,1,"Fordham University, East Fordham Road and East 191st Street",2032730001,Alumni House,LP-01084,"Borough of the Bronx Tax Map Block 3273, Lot 1 in part consisting of the land on which the described building is situated.",Designated,,2/3/1981,Individual Landmark,,206,15,40.8616234,-73.8853325,2039700,BX0603,135.5575106,1133.121791,Residential,Fordham,Tier 5: Ultra Niche / Insider Knowledge
1078,BX,5900,150,"Van Cortlandt Park, Broadway at West 242nd Street",2059000150,Frederick and Frances Jay Van Cortlandt House,LP-00127,"Borough of The Bronx Tax Map Block 5900, Lot 150 in part, consisting of the land on which the described building is situated.",Designated,also known as the Van Cortlandt Mansion,3/15/1966,Individual Landmark,,226,11,40.8999926,-73.8922188,2043503,BX2691,384.8210553,3987.046861,Residential,Fordham,Tier 3: Local Favorite / Regional Gem
1077,BX,5650,1,"Shore Road, Pelham Bay Park",2056500001,"Robert and Marie Lorillard Bartow House, expanded site",LP-00125E,Too long,Designated,now the Bartow-Pell Mansion Museum,1/10/1978,Individual Landmark,,228,13,40.8683436,-73.7981419,2050400,BX2891,8939.599698,3427743.787,Residential,Fordham,Tier 3: Local Favorite / Regional Gem
985,BX,5924,480,4695 Independence Avenue,2059240480,Greyston Gatehouse,LP-02396,"Borough of the Bronx Tax Map Block 5924, Lot 480.",Designated,,3/22/2011,Individual Landmark,,208,11,40.894764,-73.9116579,2030900,BX0803,548.348729,17398.26227,Residential,Riverdale,Tier 5: Ultra Niche / Insider Knowledge
983,BX,5925,411,690 West 247th Street,2059250411,"William E. and Melissa Phelps Dodge House, Greystone",LP-00672,"Borough of The Bronx Tax Map Block 5925, Lot 411.",Designated,,10/13/1970,Individual Landmark,,208,11,40.894897,-73.9132709,2030900,BX0803,1462.000593,112908.8814,Residential,South Bronx,Tier 5: Ultra Niche / Insider Knowledge
982,BX,3343,185,3400 Resevoir Oval,2033430185,Williamsbridge Reservoir Keeper's House,LP-02047,"Borough of the Bronx Tax Map Block 3343, Lot 185.",Designated,,2/8/2000,Individual Landmark,,207,11,40.8790011,-73.875698,2042300,BX0703,325.7753333,4612.4464,Residential,Pelham Bay,Tier 5: Ultra Niche / Insider Knowledge
980,BX,5633,36,21 Tier Street,2056330036,21 Tier Street House,LP-02063,"Borough of the Bronx Tax Map Block 5633, Lot 36.",Designated,,6/20/2000,Individual Landmark,,210,13,40.848089,-73.7911732,2051601,BX1003,756.547301,23933.63733,Residential,South Bronx,Tier 5: Ultra Niche / Insider Knowledge
974,BX,5637,125,175 Belden Street,2056370125,175 Belden Street House,LP-01082,"Borough of the Bronx, Tax Map Block 5637, Lot 125.",Designated,,7/28/1981,Individual Landmark,,210,13,40.838752,-73.7810797,2051601,BX1003,526.7979786,11390.92523,Residential,Pelham Bay,Tier 5: Ultra Niche / Insider Knowledge
973,BX,5940,455,4970 Independence Avenue,2059400455,Spaulding Estate Coachman's House,LP-01083,"Borough of the Bronx Tax Map Block 5940, Lot 355.",Designated,,7/28/1981,Individual Landmark,,208,11,40.8984301,-73.9106655,2030701,BX0803,872.6929888,44740.04316,Residential,Pelham Bay,Tier 5: Ultra Niche / Insider Knowledge
971,BX,5926,76,4715 Independence Avenue,2059260076,Alderbrook House,LP-02399,"Borough of the Bronx Tax Map Block 5926, Lot 76",Designated,,12/14/2010,Individual Landmark,,208,11,40.8957361,-73.9122498,2030900,BX0803,698.2144816,26398.84944,Residential,Fordham,Tier 5: Ultra Niche / Insider Knowledge
968,BX,5635,73,586 City Island Avenue,2056350073,Samuel Pell House,LP-02115,"Borough of the Bronx Tax Map Block 5635, Lot 73.",Designated,,10/29/2002,Individual Landmark,,210,13,40.8542766,-73.7902247,2051601,BX1003,614.8191894,14714.27249,Residential,Riverdale,Tier 5: Ultra Niche / Insider Knowledge
967,BX,5743,15,2550 Independence Avenue,2057430015,Riverdale Presbyterian Chapel,LP-01086,"Borough of Bronx, Tax Map Block 5743, Lot 15.",Designated,now Edgehill Church of Spuyten Duyvil,11/25/1980,Individual Landmark,,208,11,40.8802977,-73.9204393,2029301,BX0803,348.4933106,5888.174642,Religious,Riverdale,Tier 4: Neighborhood Staple
960,BX,2504,6,936 Woodycrest Avenue,2025040006,American Female Guardian Society and Home for the Friendless at Woody Crest Home,LP-02049,"Borough of the Bronx Tax Map Block 2504, Lot 6",Designated,,3/28/2000,Individual Landmark,,204,16,40.8305995,-73.929117,2018900,BX0402,796.9574467,33499.24796,Residential,Pelham Bay,Tier 5: Ultra Niche / Insider Knowledge
942,BX,2365,35,East 161st Street at Third Avenue,2023650035,Bronx Borough Courthouse,LP-01076,"Borough of the Bronx, Tax Map Block 2365, Lot 35.",Designated,,7/28/1981,Individual Landmark,,203,17,40.8228132,-73.9100661,2014100,BX0301,536.4334173,15974.39714,Residential,Riverdale,Tier 5: Ultra Niche / Insider Knowledge
936,BX,2878,150,1771-1777 Andrews Avenue,2028780150,Messiah Home for Children,LP-01892,"Borough of the Bronx Tax Map Block 2878, Lot 146",Designated,,6/24/1997,Individual Landmark,,205,14,40.851045,-73.9169355,2021501,BX0501,1312.109943,94381.33402,Residential,Riverdale,Tier 5: Ultra Niche / Insider Knowledge
935,BX,2472,34,1125 Grand Concourse,2024720034,Andrew Freedman Home,LP-01796,"Borough of The Bronx Tax Map Block 2472, Lot 34.",Designated,,6/2/1992,Individual Landmark,,204,16,40.8327839,-73.9201672,2019500,BX0401,1387.288413,113892.5368,Residential,Riverdale,Tier 5: Ultra Niche / Insider Knowledge
934,BX,2762,72,812 Faile Street,2027620072,"Peter S. Hoe House, Sunnyslope",LP-01079,"Borough of The Bronx Tax Map Block 2762, Lot 27.",Designated,"later Temple Beth Elohim, now the Bright Temple A.M.E. Church",7/28/1981,Individual Landmark,,202,17,40.8171633,-73.8868543,2011502,BX0201,547.8626182,17614.3078,Residential,Pelham Bay,Tier 5: Ultra Niche / Insider Knowledge
933,BX,2802,35,1857 Anthony Avenue,2028020035,Edwin and Elizabeth Shuttleworth House,LP-01436,"Borough of the Bronx Tax Map Block 2802, Lot 35.",Designated,also known as the 1857 Anthony Avenue House,7/15/1986,Individual Landmark,,205,15,40.8478208,-73.9038841,2023302,BX0502,300.9025959,5166.410276,Residential,South Bronx,Tier 5: Ultra Niche / Insider Knowledge
1525,QN,1747,51,105-19 37th Avenue (aka 34-68 106th Street),4017470051,"John Birks ""Dizzy"" Gillespie Residence",LP-02657,"Borough of Queens Tax Map Block 1747, Lot 51",Designated,,6/27/2023,Individual Landmark,,403,21,40.7540817,-73.862266,4037900,QN0303,239.2823263,2118.533349,Residential,Jackson Heights,Tier 5: Ultra Niche / Insider Knowledge
1355,QN,6236,18,39-24 to 39-26 213th Street,4062360018,John William and Lydia Ann Bell Ahles House,LP-02341,"Borough of Queens Tax Map Block 6236, Lot 18",Designated,,4/12/2016,Individual Landmark,,411,19,40.7642682,-73.7726318,4112300,QN1102,334.8083448,6812.041433,Residential,Jamaica,Tier 5: Ultra Niche / Insider Knowledge
1347,QN,5012,60,143-35 37th Avenue,4050120060,"Kingsland Homestead, Amendment to Landmark Site",LP-00005A,"Proposed Site: Borough of Queens Tax Map Block 5012, Lot 60 in part, consisting of the land on which the described building is situated.",Designated,,10/14/1965,Individual Landmark,,407,20,40.7637214,-73.8240207,4086500,QN0707,197.4796169,1821.447027,Residential,Astoria,Tier 5: Ultra Niche / Insider Knowledge
1339,QN,6306,15,215-37 to 215-43 43rd Avenue and 42-22 to 42-38 216th Street,4063060015,Hawthorne Court Apartments,LP-02461,"Borough of Queens Tax Map Block 6306, Lot 15",Designated,,11/25/2014,Individual Landmark,,411,19,40.7623538,-73.766498,4147100,QN1102,634.8361933,22694.02962,Residential,Long Island City,Tier 5: Ultra Niche / Insider Knowledge
1285,QN,4953,1,34-41 137th Street,4049530001,Lewis H. Latimer House,LP-01924,Too long,Designated,,3/21/1995,Individual Landmark,,407,20,40.7673939,-73.8295345,4088902,QN0707,595.4053383,15256.81677,Residential,Jackson Heights,Tier 5: Ultra Niche / Insider Knowledge
1231,QN,8401,1,73-50 Little Neck Parkway,4084010001,Jacob Adriance Farmhouse,LP-00941,"Borough of Queens Tax Map Block 8401, Lot 1 in part consisitng of the land described above.",Designated,"designated as the Creedmoor (Cornell) Farmhouse, now the Queens County Farm Museum",11/9/1976,Individual Landmark,,413,23,40.7476086,-73.7240965,4156700,QN1302,2248.104443,310038.744,Residential,Long Island City,Tier 5: Ultra Niche / Insider Knowledge
101,QN,9691,1,88-11 Sutphin Boulevard,4096910001,Queens General Court House,LP-02404,"Borough of Queens Tax Map Block 9691, Lot 1",Designated,,10/26/2010,Individual Landmark,,412,27,40.7045002,-73.8084158,4023800,QN1201,1244.538595,96424.13623,Residential,Flushing,Tier 5: Ultra Niche / Insider Knowledge
99,QN,9682,1,"Jamaica Avenue and 150th Street, King Park",4096820001,Rufus King House,LP-00145,"Borough of Queens Tax Map Block 9682, Lot 1.",Designated,now King Manor Museum,4/19/1966,Individual Landmark,,412,27,40.7036941,-73.8040036,4024000,QN1201,2924.135879,497958.3882,Residential,Jackson Heights,Tier 3: Local Favorite / Regional Gem
97,QN,9301,101,87-61 111st Street,4093010101,Daniel and Abbie B. Eldridge House,LP-02473,"Borough of Queens Tax Map Block 9301, Lot 101",Designated,,12/20/2011,Individual Landmark,,409,29,40.695293,-73.8360405,4012400,QN0902,400.6273563,10030.7678,Residential,Flushing,Tier 5: Ultra Niche / Insider Knowledge
95,QN,8056,62,37-04 Douglaston Parkway,4080560062,Cornelius Van Wyck House,LP-00144,"Borough of Queens Tax Map Block 8056, Lot 62.",Designated,,4/19/1966,Individual Landmark,,411,19,40.7731613,-73.7527116,4148300,QN1103,638.3094287,26266.58559,Residential,Astoria,Tier 5: Ultra Niche / Insider Knowledge
94,QN,8064,76,29 Center Drive,4080640076,Benjamin P. Allen House,LP-00944,"Borough of Queens Tax Map Block 8064, Lot 76.",Designated,designated as the Allen-Beville House,1/11/1977,Individual Landmark,,411,19,40.7728378,-73.7503191,4148300,QN1103,578.8940455,19358.24077,Residential,Jamaica,Tier 5: Ultra Niche / Insider Knowledge
90,QN,5013,6,37-01 Bowne Street,4050130006,Bowne House,LP-00143,"Borough of Queens Tax Map Block 5013, Lot 6",Designated,,2/15/1966,Individual Landmark,,407,20,40.762847,-73.82481,4086500,QN0707,599.5712384,22456.13357,Residential,Astoria,Tier 3: Local Favorite / Regional Gem
87,QN,4977,26,137-16 Northern Boulevard,4049770026,Friends Meeting House,LP-00141,"Borough of Queens Tax Map Block 4977, Lot 26.",Designated,,8/18/1970,Individual Landmark,,407,20,40.7628029,-73.8301599,4086900,QN0707,824.9352876,40445.78734,Residential,Jamaica,Tier 5: Ultra Niche / Insider Knowledge
86,QN,4786,64,145-15 Bayside Avenue,4047860064,Fitzgerald/Ginsberg House,LP-02160,"Borough of Queens Tax Map Block 4786, lot 64.",Designated,,9/20/2005,Individual Landmark,,407,20,40.7710046,-73.8231531,4104700,QN0704,703.4858475,30120.87618,Residential,Jackson Heights,Tier 5: Ultra Niche / Insider Knowledge
85,QN,4574,7501,168-11 Powells Cove Boulevard,4045747501,"Arthur and Dorothy Dalton Hammerstein House, Wildflower",LP-01282,"Borough of Queens, Tax Map Block 4574, Lot 110.",Designated,,7/27/1982,Individual Landmark,,407,19,40.7945,-73.7952237,4099100,QN0702,1277.038417,81078.27157,Residential,Astoria,Tier 5: Ultra Niche / Insider Knowledge
82,QN,3997,40,11-41 123rd Street,4039970040,Herman A. and Malvina Schleicher House,LP-02321,"Borough of Tax Map Block 3997, lot 40.",Designated,,10/20/2009,Individual Landmark,,407,19,40.7868044,-73.8448286,4094700,QN0701,344.6634612,9443.749854,Residential,Astoria,Tier 5: Ultra Niche / Insider Knowledge
81,QN,3412,1,1820 Flushing Avenue,4034120001,Adrian and Ann Wyckoff Onderdonk House,LP-01923,"Borough of Queens Tax Map Block 3412, Lot 1.",Designated,now Vander Ende-Onderdonk House,3/21/1995,Individual Landmark,,405,34,40.7108101,-73.9195883,4053901,QN0502,1115.563397,61012.25229,Residential,Long Island City,Tier 5: Ultra Niche / Insider Knowledge
80,QN,3319,18,115-24 Grosvenor Road,4033190018,Ralph Bunche House,LP-02175,"Borough of Queens Tax Map Block 3319, Lot 18.",Designated,,5/17/2005,Individual Landmark,,409,29,40.7064299,-73.8369942,4013400,QN0901,407.5582759,9927.341741,Residential,Jamaica,Tier 5: Ultra Niche / Insider Knowledge
77,QN,1981,37,102-45 47th Avenue,4019810037,Edward E. Sanford House,LP-01292,"Borough of Queens Tax Map Block 1981, Lot 37.",Designated,designated as the 102-45 47th Avenue House,2/10/1987,Individual Landmark,,404,21,40.7457572,-73.8602261,4041300,QN0402,355.0904378,7701.613628,Residential,Flushing,Tier 5: Ultra Niche / Insider Knowledge
75,QN,1748,36,34-56 107th Street,4017480036,Louis Armstrong House,LP-01555,"Borough of Queens Tax Map Block 1748, Lot 36.",Designated,,12/13/1988,Individual Landmark,,403,21,40.754564,-73.8615973,4037900,QN0303,271.3963216,3824.314376,Residential,Flushing,Tier 3: Local Favorite / Regional Gem
71,QN,802,31,18-33 41st Street,4008020031,Benjamin T. Pike House,LP-00632,"Borough of Queens Tax Map Block 802, Lot 31",Designated,designated as Steinway House,2/15/1967,Individual Landmark,,401,22,40.7787604,-73.8970801,4012301,QN0101,411.758256,10590.87403,Residential,Long Island City,Tier 3: Local Favorite / Regional Gem
70,QN,755,80,78-03 19th Road,4007550080,Abraham Lent House,LP-00135,"Borough of Queens Tax Map Block 755, Lot 80.",Designated,also known as the Lent-Riker-Smith Homestead,3/15/1966,Individual Landmark,,401,22,40.7731237,-73.8921678,4031700,QN0101,462.9138851,11008.65859,Residential,Jamaica,Tier 5: Ultra Niche / Insider Knowledge
1535,MN,576,15,50 West 13 Street,1005760015,Jacob Day Residence,LP-02658,"Borough of Manhattan Tax Map Block 576, Lot 15",Designated,,10/22/2024,Individual Landmark,,102,2,40.7360899,-73.9965648,1006300,MN0202,255.1316068,2150.883206,Residential,Upper East Side,Tier 5: Ultra Niche / Insider Knowledge
1527,MN,1923,38,"206 West 118th Street (aka 150-158 St. Nicholas Avenue, 206-212 West 118th Street)",1019230038,Hotel Cecil & Minton's Playhouse Building,LP-02671,"Borough of Manhattan Tax Map Block 1923, Lot 38",Designated,,6/27/2023,Individual Landmark,,110,9,40.8046437,-73.9524103,1021800,MN1001,424.1259626,10209.26331,Residential,Harlem,Tier 5: Ultra Niche / Insider Knowledge
1512,BK,146,15,227 Duffield Street,3001460015,Harriet and Thomas Truesdell House,LP-02645,"Borough of Brooklyn, Tax Map Block 146, Lot 15
Borough of Brooklyn Tax Map Block 146, Lot 15",Designated,,2/2/2021,Individual Landmark,,302,33,40.691308,-73.9841012,3001502,BK0202,255.0256314,2305.756042,Residential,Brooklyn Heights,Tier 5: Ultra Niche / Insider Knowledge
1511,BK,5739,1,"6301 12th Avenue (aka 6301-6323 12th Avenue, 1201-1216 63rd Street, 1201-1215 64th Street)",3057390001,Angel Guardian Home,LP-02613,"Borough of Brooklyn Tax Map Block 5739, Lot 1 in part",Designated,,11/10/2020,Individual Landmark,,310,43,40.6280008,-74.0025146,3019400,BK1002,706.2327282,27165.23772,Residential,Williamsburg,Tier 5: Ultra Niche / Insider Knowledge
1497,MN,1143,19,137 West 71st Street,1011430019,James Baldwin Residence,LP-02636,"Borough of Manhattan Tax Map Block 1143, Lot 19",Designated,,6/18/2019,Individual Landmark,,107,6,40.7774351,-73.9803834,1015700,MN0701,256.434158,2251.499443,Residential,Greenwich Village,Tier 5: Ultra Niche / Insider Knowledge
1484,BK,351,12,238 President Street,3003510012,238 President Street House,LP-02612,"Borough of Brooklyn Tax Map Block 351, Lot 12",Designated,,9/18/2018,Individual Landmark,,306,39,40.6819138,-73.9976853,3006500,BK0601,290.9694599,4324.66137,Residential,Williamsburg,Tier 5: Ultra Niche / Insider Knowledge
1467,MN,1784,5,207-215 East 119th Street,1017840005,Richard Webber Harlem Packing House,LP-02595,"Borough of Manhatta Tax Map Block 1784, Lot 5",Designated,,3/27/2018,Individual Landmark,,111,8,40.799806,-73.9378652,1019400,MN1102,296.2887527,5457.449867,Residential,Hell's Kitchen,Tier 5: Ultra Niche / Insider Knowledge
1466,BK,831,8,"404 55th Street (aka 402-404 55th Street, 5501 4th Avenue)",3008310008,Dr. Maurice T. Lewis House,LP-02608,,Designated,,3/6/2018,Individual Landmark,,307,38,40.6433349,-74.0152964,3007600,BK0702,210.8699848,2621.667356,Residential,Brooklyn Heights,Tier 5: Ultra Niche / Insider Knowledge
1463,MN,1106,1,"855-869 Eleventh Avenue (aka 601-669 West 58th Street, 600-648 West 59th Street)",1011060001,Interborough Rapid Transit Company Powerhouse,LP-02374,"Borough of Manhattan, Tax Map Block 1106, Lot 1 in part.",Designated,,12/5/2017,Individual Landmark,,104,6,40.7719003,-73.9921042,1015102,MN0701,1799.950428,142525.3089,Residential,Hell's Kitchen,Tier 5: Ultra Niche / Insider Knowledge
1394,BK,3322,38,1019 Bushwick Avenue,3033220038,Peter P. and Rosa M. Huberty House,LP-02542,"Borough of Brooklyn Tax Map Block 3322, Lot 38",Designated,,10/24/2017,Individual Landmark,,304,37,40.6917325,-73.9215117,3039900,BK0402,287.7803004,4716.193475,Residential,Bed-Stuy,Tier 5: Ultra Niche / Insider Knowledge
1383,MN,1564,7503,412 East 85th Street,1015647503,412 East 85th Street House,LP-00592,"Borough of Manhattan Tax Map Block 1564, Lot 7503.",Designated,,12/13/2016,Individual Landmark,,108,5,40.7757211,-73.9493476,1014401,MN0803,252.3647319,2308.692774,Residential,Tribeca,Tier 5: Ultra Niche / Insider Knowledge
1378,MN,1291,127,57-59 East 55th Street,1012910127,Martin Erdmann House,LP-02578,"Borough of Manhattan Tax Map Block 1291, Lot 127",Designated,,11/22/2016,Individual Landmark,,105,4,40.7608909,-73.9725009,1010200,MN0502,271.9271618,3320.590531,Residential,Hell's Kitchen,Tier 5: Ultra Niche / Insider Knowledge
1377,MN,1290,14,19-21 East 54th Street,1012900014,Minnie E. Young House,LP-02577,"Borough of Manhattan Tax Map Block 1290, Lot 14",Designated,,11/22/2016,Individual Landmark,,105,4,40.7607293,-73.9740387,1010200,MN0502,285.5366409,4177.094445,Residential,Harlem,Tier 5: Ultra Niche / Insider Knowledge
1354,MN,489,2,57 Sullivan Street,1004890002,57 Sullivan Street House,LP-02344,"Borough of Manhattan Tax Map Block 489, Lot 2.",Designated,,4/12/2016,Individual Landmark,,102,1,40.724098,-74.0041201,1004700,MN0201,167.9482343,1322.742374,Residential,Tribeca,Tier 5: Ultra Niche / Insider Knowledge
1350,BK,7123,64,27 Gravesend Neck Road,3071230064,Van Sicklen House,LP-02145,"Tax Map Block 7123, Lot 64",Designated,,4/12/2016,Individual Landmark,,315,44,40.595527,-73.9742758,3039800,BK1501,318.7711453,5526.853018,Residential,DUMBO,Tier 5: Ultra Niche / Insider Knowledge
1341,BK,1887,82,128 Clinton Avenue,3018870082,Henry and Susan McDonald House,LP-02543,"Borough of Brooklyn Tax Map Block 1887, Lot 82",Designated,,6/16/2015,Individual Landmark,,302,35,40.6939894,-73.9693407,3018700,BK0203,339.6120061,5954.348005,Residential,Park Slope,Tier 5: Ultra Niche / Insider Knowledge
1334,MN,1271,54,26 West 56th Street,1012710054,E. Hayward and Amelia Parsons Ferry House,LP-02330,"Borough of Manhattan Tax Map Block 1271, Lot 54.",Designated,,11/10/2009,Individual Landmark,,105,4,40.7627087,-73.9760342,1010400,MN0502,248.9703439,2090.418528,Residential,Hell's Kitchen,Tier 5: Ultra Niche / Insider Knowledge
1326,BK,2414,25,Kent Avenue between South 2nd and South 3rd Streets,3024140025,"Havemeyers & Elder Filter, Pan and Finishing House",LP-02268,"Borough of Brooklyn Tax Map Block 2414, Lot 25, in part, consisting of the land beneath the building (including the chimney).",Designated,later known as the American Sugar Refining Company and the Domino Sugar Refinery,9/25/2007,Individual Landmark,,301,33,40.7144484,-73.9674303,3055100,BK0102,799.9087856,35437.2404,Residential,Bed-Stuy,Tier 5: Ultra Niche / Insider Knowledge
1290,BK,169,9,110 Schermerhorn Street,3001690009,Friends Meeting House,LP-02005,"Borough of Brooklyn, Tax Map Block 169, Lot 9, in part, (Meeting House only) consisting of the land on which the described building is situated and the courtyard and iron fence in front of the building.",Designated,,10/27/1981,Individual Landmark,,302,33,40.6900021,-73.9893662,3004300,BK0202,330.8332763,6281.313708,Residential,Bed-Stuy,Tier 5: Ultra Niche / Insider Knowledge
1279,MN,2054,62,409 Edgecombe Avenue,1020540062,409 Edgecombe Avenue Apartments,LP-01861,"Borough of Manhattan Tax Map Block 2054, Lot 62.",Designated,,6/15/1993,Individual Landmark,,109,9,40.8293706,-73.9400382,1023501,MN0903,528.0980562,16640.0286,Residential,Greenwich Village,Tier 5: Ultra Niche / Insider Knowledge
1275,MN,1490,0,"1470-1492 York Avenue, 501-555 East 78th Street, and 502-540 East 79th Street",0,"City and Suburban Homes Company, Avenue A (York Avenue) Estate",LP-01694,"Borough of Manhattan Tax Map Block 1490, Lots 1, 9, 10, 15, 19, 23, 28, 30, 32, 36, 40, and 122.",Designated,,4/24/1990,Individual Landmark,,108,5,40.7705802,-73.9492395,1013202,MN0801,1968.751855,165207.9074,Residential,Greenwich Village,Tier 5: Ultra Niche / Insider Knowledge
1274,MN,1459,0,429 East 64th Street and 430 East 65th Street,0,"Amendment to City & Suburban Homes Company, First Avenue Estate: 429 East 64th Street and 430 East 65th Street",LP-01692A,"Borough of Manhattan Tax map Block 1459, Lots 1, 10, 22, and 30.",Designated,,11/21/2006,Individual Landmark,,108,5,40.7626213,-73.9580717,1011600,MN0801,1638.537494,124826.001,Residential,Upper East Side,Tier 5: Ultra Niche / Insider Knowledge
1273,MN,1459,0,"1168-1200 First Avenue, 401-423 East 64th Street, and 402-416 East 65th Street",0,"City and Suburban Homes Company, First Avenue Estate",LP-01692,"Borough of Manhattan Tax map Block 1459, Lots 1, 10, 22, and 30.",Amended,,4/24/1990,Individual Landmark,,108,5,40.7626213,-73.9580717,1011600,MN0801,1438.537124,104592.7522,Residential,Hell's Kitchen,Tier 5: Ultra Niche / Insider Knowledge
1272,MN,2178,3,Fort Washington Park,1021780003,Jeffrey's Hook Lighthouse,LP-01654,Too long,Designated,also known as the Little Red Lighthouse,5/14/1991,Individual Landmark,,112,10,40.8540935,-73.9426475,1027500,MN1201,829.1437335,21328.05464,Residential,Upper East Side,Tier 3: Local Favorite / Regional Gem
1264,MN,1489,0,507-523 East 77th Street and 508-522 East 78th Street,0,East River Houses,LP-01516,"Borough of Manhattan Tax Map Block 1489, Lots 8 and 37.",Designated,"now the Cherokee Apartments, designated as the Shively Sanitary Tenements",7/9/1985,Individual Landmark,,108,5,40.7698148,-73.9501968,1013202,MN0801,870.4796196,47283.97116,Residential,Hell's Kitchen,Tier 5: Ultra Niche / Insider Knowledge
1260,MN,122,1,52 Chambers Street,1001220001,New York County Courthouse,LP-01437,"Borough of Manhattan Tax Map Block 122, Lot 1 in part, consisting of the land on which the described building is situated.",Designated,also known as the Tweed Courthouse,10/16/1984,Individual Landmark,,101,1,40.7128032,-74.0061574,1003100,MN0102,1021.630895,38282.94069,Residential,Harlem,Tier 5: Ultra Niche / Insider Knowledge
1245,MN,1727,67,62 West 130th Street,1017270067,62 West 130th Street House,LP-01164,Too long,Designated,part of Astor Row,8/11/1981,Individual Landmark,,110,9,40.8105048,-73.942732,1020800,MN1002,252.2670565,2518.720712,Residential,Hell's Kitchen,Tier 5: Ultra Niche / Insider Knowledge
1244,MN,1504,1,1109 Fifth Avenue,1015040001,Felix and Frieda S. Warburg House,LP-01116,"Borough of Manhattan Tax Map Block 1504, Lot 1 in part, consisting of the land on which the described building is situated.",Designated,now the Jewish Museum,11/24/1981,Individual Landmark,,108,4,40.7854023,-73.9571907,1016001,MN0802,295.9824493,4663.549904,Residential,Upper East Side,Tier 5: Ultra Niche / Insider Knowledge
1237,MN,1971,18,West 135th Street at Convent Avenue,1019710018,"Croton Aqueduct, 135th Street Gatehouse",LP-01035,"Borough of Manhattan, Tax Map Block 1971, Lot 18 in part.",Designated,,3/23/1981,Individual Landmark,,109,7,40.818315,-73.9519453,1021303,MN0902,412.3016487,6925.058126,Residential,Tribeca,Tier 5: Ultra Niche / Insider Knowledge
1228,BK,7872,54,1640 East 48th Street,3078720054,John and Altje Baxter House,LP-00919,"Tax Map Block 7872, Lot 54 in part consisting of the land on which the described building is situated.",Designated,also known as the Stoothoff-Baxter-Kouwenhoven House,3/23/1976,Individual Landmark,,318,46,40.6205077,-73.9292897,3067400,BK1801,224.7260325,2417.172949,Residential,Park Slope,Tier 5: Ultra Niche / Insider Knowledge
1224,MN,1507,7502,3 East 95th Street,1015077502,Mrs. Amory S. Carhart House,LP-00868,"Borough of Manhattan Tax Map Block 1507, Lot 5.",Designated,,7/23/1974,Individual Landmark,,108,8,40.7871583,-73.9555212,1016001,MN0802,313.5889914,5361.337217,Residential,Tribeca,Tier 5: Ultra Niche / Insider Knowledge
1223,MN,1385,7501,15 East 70th Street,1013857501,John Chandler and Corinne deBébian Moore House,LP-00847,"Borough of Manhattan Tax Map Block 1385, Lot 13.",Designated,also known as the 15 East 70th Street House,7/23/1974,Individual Landmark,,108,4,40.7708775,-73.9667709,1013000,MN0802,255.7200367,2500.201625,Residential,Hell's Kitchen,Tier 5: Ultra Niche / Insider Knowledge
1222,MN,1385,7501,11 East 70th Street,1013857501,11 East 70th Street House,LP-00846,"Borough of Manhattan Tax Map Block 1385, Lot 12.",Designated,,7/23/1974,Individual Landmark,,108,4,40.7708775,-73.9667709,1013000,MN0802,258.0927995,2623.327961,Residential,Tribeca,Tier 5: Ultra Niche / Insider Knowledge
1217,BK,1356,0,1698 Bergen Street,0,"Houses on Hunterfly Road, 1698 Bergen Street House",LP-00769,"Borough of Brooklyn Tax Map Block 1356, Lots 25 and 124.",Designated,"designated as the Houses on Hunterfly Road, now the Weeksville Heritage Center",8/18/1970,Individual Landmark,,308,41,40.6746191,-73.9260923,3030700,BK0802,207.6261274,2555.412958,Residential,Brooklyn Heights,Tier 5: Ultra Niche / Insider Knowledge
1215,MN,1503,10,9 East 91st Street,1015030010,John Henry and Emily Vanderbilt Sloane Hammond House,LP-00677,"Borough of Manhattan Tax Map Block 1503, Lot 10.",Designated,now the Consulate General of the Russian Federation in New York,7/23/1974,Individual Landmark,,108,4,40.7845184,-73.9570396,1016001,MN0802,345.0973976,7108.649606,Residential,Upper East Side,Tier 5: Ultra Niche / Insider Knowledge
1214,MN,1503,7,7 East 91st Street,1015030007,James A. and Florence Sloane Burden House,LP-00676,"Borough of Manhattan Tax Map Block 1503, Lot 7.",Designated,now the Convent of the Sacred Heart,2/19/1974,Individual Landmark,,108,4,40.7846091,-73.9572562,1016001,MN0802,346.956796,7205.856835,Residential,Hell's Kitchen,Tier 5: Ultra Niche / Insider Knowledge
1212,MN,1385,1,1 East 70th Street and 10 East 71st Street,1013850001,Henry Clay and Adelaide Childs Frick House,LP-00667,"Borough of Manhattan Tax Map Block 1385, Lot 1.",Designated,now the Frick Collection and Frick Art Reference Library,3/20/1973,Individual Landmark,,108,4,40.771218,-73.9671859,1013000,MN0802,967.9845855,57012.47627,Residential,Hell's Kitchen,Tier 5: Ultra Niche / Insider Knowledge
1210,BK,1785,161,677 Lafayette Avenue,3017850161,677 Lafayette Avenue House (Magnolia Grandiflora),LP-00957,"Borough of Brooklyn, Tax Map Block 1785, Lot 161 in part.",Designated,,7/12/1977,Individual Landmark,,303,36,40.6906271,-73.9468772,3026100,BK0301,133.098077,940.3669986,Residential,Park Slope,Tier 5: Ultra Niche / Insider Knowledge
1209,BK,1785,161,678 Lafayette Avenue,3017850161,678 Lafayette Avenue House (Magnolia Grandiflora),LP-00958,"Borough of Brooklyn, Tax Map Block 1785, Lot 161 in part.",Designated,,7/12/1977,Individual Landmark,,303,36,40.6906271,-73.9468772,3026100,BK0301,131.8434478,911.3859855,Residential,Brooklyn Heights,Tier 5: Ultra Niche / Insider Knowledge
1208,BK,1785,161,679 Lafayette Avenue,3017850161,679 Lafayette Avenue House (Magnolia Grandiflora),LP-00959,"Borough of Brooklyn, Tax Map Block 1785, Lot 161 in part.",Designated,,7/12/1977,Individual Landmark,,303,36,40.6906271,-73.9468772,3026100,BK0301,173.5783932,1279.485234,Residential,Bed-Stuy,Tier 5: Ultra Niche / Insider Knowledge
1206,MN,142,10,25 Harrison Street,1001420010,25 Harrison Street House,LP-00553,"Proposed Site: Borough of Manhattan Tax Map Block 142, Lot 20 in part, consisting of the land on which the described building is situated.",Proposed,designated as the 314 Washington Street House (Jonas Wood House),5/13/1969,Individual Landmark,,101,1,40.718641,-74.0106456,1003900,MN0102,117.2089554,789.0066943,Residential,Tribeca,Tier 5: Ultra Niche / Insider Knowledge
1205,MN,142,11,27 Harrison Street,1001420011,27 Harrison Street House,LP-00552,"Proposed Site: Borough of Manhattan Tax Map Block 142, Lot 1 in part, consisting of the land on which the described building is situated.",Proposed,designated as the 317 Washington Street House,5/13/1969,Individual Landmark,,101,1,40.718652,-74.0107286,1003900,MN0102,131.087157,983.5614778,Residential,Harlem,Tier 5: Ultra Niche / Insider Knowledge
1204,MN,142,12,27A Harrison Street,1001420012,27A Harrison Street House,LP-00551,"Proposed Site: Borough of Manhattan Tax Map Block 141, Lot 1 in part, consisting of the land on which the described building is situated.",Proposed,designated as the 315 Washington Street House,5/13/1969,Individual Landmark,,101,1,40.7186629,-74.0108188,1003900,MN0102,138.2261155,1134.44357,Residential,Harlem,Tier 5: Ultra Niche / Insider Knowledge
1203,MN,142,16,33 Harrison Street,1001420016,33 Harrison Street House,LP-00559,"Borough of Manhattan Tax Map Block 182, Lot 1 in part, consisting of the land on which the described building is situated.",Designated,also known as the  Ebenezer Miller House,5/13/1969,Individual Landmark,,101,1,40.7187014,-74.0110713,1003900,MN0102,102.9627126,577.7523525,Residential,Greenwich Village,Tier 5: Ultra Niche / Insider Knowledge
1202,MN,142,14,31 Harrison Street,1001420014,31 Harrison Street House,LP-00558,"Borough of Manhattan Tax Map Block 182, Lot 1 in part, consisting of the land on which the described building is situated.",Designated,also known as the Jacob Ruckle House,5/13/1969,Individual Landmark,,101,1,40.7186904,-74.0109703,1003900,MN0102,110.6068849,711.3325526,Residential,Harlem,Tier 5: Ultra Niche / Insider Knowledge
1201,MN,142,13,29 Harrison Street,1001420013,29 Harrison Street House,LP-00557,"Borough of Manhattan Tax Map Block 182, Lot 1 in part, consisting of the land on which the described building is situated.",Designated,also known as the Sarah R. Lambert House,5/13/1969,Individual Landmark,,101,1,40.7186849,-74.0108981,1003900,MN0102,108.04717,666.6058612,Residential,Harlem,Tier 5: Ultra Niche / Insider Knowledge
1200,MN,142,17,37 Harrison Street,1001420017,37 Harrison Street House,LP-00554,"Borough of Manhattan Tax Map Block 185, Lot 1 in part, consisting of the land on which the described building is situated.",Designated,designated as the 327 Washington Street House (Wilson Hunt House),5/13/1969,Individual Landmark,,101,1,40.7185916,-74.0110136,1003900,MN0102,124.3185649,841.2766112,Residential,Tribeca,Tier 5: Ultra Niche / Insider Knowledge
1199,MN,142,18,39 Harrison Street,1001420018,39 Harrison Street House,LP-00555,"Borough of Manhattan Tax Map Block 182, Lot 1 in part, consisting of the land on which the descrived building is situated.",Designated,designated as the 329 Washington Street House (Joseph Randolph House),5/13/1969,Individual Landmark,,101,1,40.7185339,-74.011028,1003900,MN0102,129.8556273,908.5870992,Residential,Harlem,Tier 5: Ultra Niche / Insider Knowledge
1198,MN,142,19,41 Harrison Street,1001420019,41 Harrison Street House,LP-00556,"Borough of Manhattan Tax Map Block 182, Lot 1 in part, consisting of the land on which the descrived building is situated.",Designated,designated as the 331 Washington Street House (William B. Nichols House),5/13/1969,Individual Landmark,,101,1,40.718479,-74.0110424,1003900,MN0102,128.3627188,875.3668074,Residential,Tribeca,Tier 5: Ultra Niche / Insider Knowledge
1197,MN,1,10,"Nolan Park, corner of Barry Road and Andes Road",1000010010,Governor's House,LP-00545,"Borough of Manhattan Tax Map Block 1, Lot 10 in part, consisting of the land on which the described building is situated.",Designated,originally a guardhouse,9/19/1967,Individual Landmark,,101,1,40.6887742,-74.0187035,1000500,MN0191,200.7311508,1802.849626,Residential,Greenwich Village,Tier 5: Ultra Niche / Insider Knowledge
1189,MN,1493,1,998 Fifth Avenue,1014930001,998 Fifth Avenue Apartment House,LP-00429,"Borough of Manhattan Tax Map Block 1493, Lot 1.",Designated,,2/19/1974,Individual Landmark,,108,4,40.7783446,-73.962261,1014200,MN0802,466.2428716,13515.33755,Residential,Tribeca,Tier 5: Ultra Niche / Insider Knowledge
1171,MN,197,1,Amsterdam Avenue at West 117th Street,1019730001,Saint Paul's Chapel,LP-00305,"Borough of Manhattan Tax Map Block 1973, Lot 1 in part, consisting of the land on which the described building is situated.",Designated,,9/20/1966,Individual Landmark,,109,7,40.8086626,-73.961525,1020300,MN0901,443.2947159,8471.689023,Religious,Tribeca,Tier 4: Neighborhood Staple
1167,MN,1286,21,451-455 Madison Avenue and 29 1/2 East 50th Street,1012860021,Villard Houses,LP-00268,"Borough of Manhattan Tax Map Block 1286, Lot 21 in part, consisting of the land on which the described buildings are situated and that part of the Courtyard owned by the owner of 451-455 Madison Avenue and 29 1/2 East 50th Street",Designated,now the New York Palace Hotel,9/30/1968,Individual Landmark,,105,4,40.7579519,-73.9749206,1010200,MN0502,669.2624133,19656.5593,Residential,Harlem,Tier 5: Ultra Niche / Insider Knowledge
1166,MN,1286,21,24-26 East 51st Street,1012860021,Villard Houses,LP-00269,"Borough of Manhattan Tax Map Block 1286, Lot 48 in part, consisting of the land on which the described building is situated and that part of the Courtyard owned by the owner of 24-26 East 51st Street.",Designated,now the New York Palace Hotel,9/30/1968,Individual Landmark,,105,4,40.7579519,-73.9749206,1010200,MN0502,215.3988969,2224.20097,Residential,Upper East Side,Tier 5: Ultra Niche / Insider Knowledge
1163,MN,897,16,15 Rutherford Place and 226 East 16th Street,1008970016,Friends Meeting House and Seminary,LP-00241,"Borough of Manhattan Tax Map Block 897, Lot 16 in part, consisting of the land on which the described buildings are situated.",Designated,,12/9/1969,Individual Landmark,,106,2,40.7338795,-73.9853864,1004800,MN0602,649.7174687,12388.74063,Residential,Upper East Side,Tier 5: Ultra Niche / Insider Knowledge
1162,MN,855,1,27 Madison Avenue,1008550001,"Appellate Division Courthouse, New York State Supreme Court",LP-00235,"Borough of Manhattan Tax Map Block 855, Lot 1 in part, consisting of the land on which the described building is situated.",Designated,,6/7/1966,Individual Landmark,,105,2,40.7421907,-73.9865647,1005600,MN0501,488.8423375,8727.318909,Residential,Tribeca,Tier 5: Ultra Niche / Insider Knowledge
1138,MN,1373,1,"Roosevelt Island, located approximately opposite East 65th Street",1013730001,James Blackwell House,LP-00912,"Tax Map Block 1373, Lot 1 in part consisting of the land on which the described building is situated.",Designated,,3/23/1976,Individual Landmark,,108,5,40.7600962,-73.9513736,1023804,MN0801,197.0023595,1945.31815,Residential,Upper East Side,Tier 5: Ultra Niche / Insider Knowledge
1137,MN,1373,40,"Roosevelt Island, located approximately opposite East 68th Street",1013730040,Chapel of the Good Shepherd,LP-00907,"Tax Map Block 1373, Lot in part consisting of the land on which the described building and its improvements are situated.",Designated,now Good Shepherd Community Ecumenical Center,3/23/1976,Individual Landmark,,108,5,40.7615368,-73.9503438,1023803,MN0801,359.0585896,5235.646246,Religious,Greenwich Village,Tier 4: Neighborhood Staple
1136,MN,1373,1,"northern tip of Roosevelt Island, approximately opposite East 86th Street",1013730001,Roosevelt Island Lighthouse,LP-00911,"Borough of Manhattan Tax Map Block 1373, Lot 1 in part consisting of the land on which the described building is situated.",Designated,,3/23/1976,Individual Landmark,,,,,,,MN0801,53.48823454,227.0922174,Residential,Hell's Kitchen,Tier 5: Ultra Niche / Insider Knowledge
1120,BK,1117,1,Prospect Park West at 5th Street,3011170001,"Edwin Clarke and Grace Hill Litchfield House, Grace Hill",LP-00153,"Borough of Brooklyn Tax Map Block 1117, Lot 1 in part, consisting of the land on which the described building is situated.",Designated,"also known as Litchfield Villa, now the Brooklyn Headquarters of the New York City Department of Parks and Recreation",3/15/1966,Individual Landmark,,355,39,40.6613843,-73.9696332,3017700,BK5591,566.5417497,7697.083742,Residential,DUMBO,Tier 5: Ultra Niche / Insider Knowledge
1118,BK,1117,1,Flatbush Avenue near Empire Boulevard,3011170001,Peter Lefferts House,LP-00152,"Borough of Brooklyn Tax Map Block 1117, Lot 1 in part, consisting of the land on which the described building is situated.",Designated,also known as the Lefferts Homestead,6/21/1966,Individual Landmark,,355,39,40.6613843,-73.9696332,3017700,BK5591,243.9842765,3185.32389,Residential,Williamsburg,Tier 3: Local Favorite / Regional Gem
1097,MN,1957,140,287 Convent Avenue,1019570140,"Alexander Hamilton House, the Grange, Amendment to Landmark Site",LP-00317,"Proposed Site: Borough of Manhattan Tax Map Block 1957, Lot 140 in part, consisting of the land on which the described building is situated.",Designated,now the Hamilton Grange National Monument,8/2/1967,Individual Landmark,,109,9,40.8172706,-73.948821,1022102,MN0902,227.6154888,2880.598321,Residential,Harlem,Tier 3: Local Favorite / Regional Gem
1069,BK,7917,9,5816 Clarendon Road,3079170009,Pieter Claesen Wyckoff House,LP-00001,"Borough of Brooklyn Tax Map Block 7917, Lot 9 and that portion of the adjoinin City-owned land on which is situated a part of the described building.",Designated,,10/14/1965,Individual Landmark,,317,45,40.6443983,-73.9207386,3094600,BK1703,291.8892495,3507.856427,Residential,Brooklyn Heights,Tier 3: Local Favorite / Regional Gem
1067,MN,1592,1,East End Avenue at East 88th Street,1015920001,Gracie Mansion,LP-00179,"Borough of Manhattan Tax Map Block 1592, Lot 1 in part, consisting of the land on which the described building is situated",Designated,,9/20/1966,Individual Landmark,,108,5,40.7751393,-73.9435026,1013601,MN0803,290.3436889,5030.451318,Residential,Upper East Side,Tier 2: National Draw
1062,MN,1287,69,651-653 Fifth Avenue and 2-4 East 52nd Street,1012870069,Morton and Nellie Plant House and Edward and Frances Holbrook House,LP-00271,Too long,Designated,"now Cartier, Inc.",7/14/1970,Individual Landmark,,105,4,40.7594699,-73.9760137,1010200,MN0502,375.7714134,5353.804308,Residential,Greenwich Village,Tier 5: Ultra Niche / Insider Knowledge
1060,BK,3294,1,1090 Greene Avenue,3032940001,Doering-Bohack House,LP-02548,"Borough of Brooklyn Tax Map Block 3294, Lot 1",Designated,,9/30/2014,Individual Landmark,,304,37,40.6921572,-73.9245186,3039500,BK0402,350.5396777,4852.788224,Residential,DUMBO,Tier 5: Ultra Niche / Insider Knowledge
1053,MN,1183,0,340 and 344 West 72nd Street,0,Chatsworth Apartments and Annex,LP-01506,"Borough of Manhattan Tax Map Block 1183, Lots 53 and 50.",Designated,,9/11/1984,Individual Landmark,,107,6,40.7801917,-73.9865173,1015900,MN0701,734.4762612,27610.2586,Residential,Upper East Side,Tier 5: Ultra Niche / Insider Knowledge
1052,MN,1184,6,309 West 72nd Street,1011840006,309 West 72nd Street House,LP-01717,"Borough of Manhattan Tax Map Block 1184, Lot 6.",Designated,also known as the William E. Diller House,1/8/1991,Individual Landmark,,107,6,40.7803562,-73.9850982,1015900,MN0701,263.0084326,2753.193629,Residential,Greenwich Village,Tier 5: Ultra Niche / Insider Knowledge
1051,MN,0,0,West 72nd Street,0,"Interborough Rapid Transit System, 72nd Street Control House",LP-01021,"The island on Broadway bounded by the southern curb line of West 72nd Street on the north, and by Broadway on the east, south, and west, and which is contiguous to Tax Map Blocks 1143 and 1163.",Designated,,1/9/1979,Individual Landmark,,,,,,,MN0701,471.2564687,8393.217723,Residential,Upper East Side,Tier 5: Ultra Niche / Insider Knowledge
1049,MN,1122,36,99 Central Park West,1011220036,Shearith Israel Synagogue,LP-00832,"Borough of Manhattan Tax Map Block 1122, Lot 36 in part, consisting of the land on which the described building is situated.",Designated,(the Spanish and Portuguese Synagogue),3/19/1974,Individual Landmark,,107,6,40.7748517,-73.9773657,1015301,MN0701,379.0388201,8525.556559,Religious,Hell's Kitchen,Tier 4: Neighborhood Staple
1046,MN,557,1,98 Fourth Avenue,1005570001,Neighborhood House,LP-00854,"Borough of Manhattan Tax Map Block 557, Lot 39 in part, consisting of the land on which the described building is situated. (Originally heard as Borough of Manhattan Tax Map Block 557, Lot 32 in part)",Designated,part of the Grace Church Complex,2/22/1977,Individual Landmark,,102,2,40.7319477,-73.990846,1006100,MN0202,180.5466998,1166.589759,Residential,Greenwich Village,Tier 5: Ultra Niche / Insider Knowledge
1045,MN,557,1,92 Fourth Avenue,1005570001,Clergy House,LP-00852,"Borough of Manhattan Tax Map Block 557, Block 39 in part, consisting of the land on which the described building is situated. (Originally heard as Borough of Manhattan Tax Map Block 557, Lot 34 in part.)",Designated,part of the Grace Church Complex,2/22/1977,Individual Landmark,,102,2,40.7319477,-73.990846,1006100,MN0202,172.1486548,1180.758881,Residential,Upper East Side,Tier 5: Ultra Niche / Insider Knowledge
1044,MN,557,1,94-96 Fourth Avenue,1005570001,Grace Memorial House,LP-00853,"Borough of Manhattan Tax Map Block 557, Lot 39 in part, consisting of the land on which the described building is situated. (Originally heard as Borough of Manhattan Tax Map Block 557, Lot 32 in part.)",Designated,"also known as Huntington House, part of the Grace Church Complex",2/22/1977,Individual Landmark,,102,2,40.7319477,-73.990846,1006100,MN0202,220.4820101,2791.150303,Residential,Greenwich Village,Tier 5: Ultra Niche / Insider Knowledge
1039,MN,637,40,159 Charles Street,1006370040,159 Charles Street House,LP-02211,"Borough of Manhattan Tax Map Block 637, Lot 40 in part comprising the land on which the described building and rear yard are situated and excluding the former carriage house facing on to Charles Lane (see attached map).",Designated,,3/6/2007,Individual Landmark,,102,3,40.7341792,-74.0092878,1007500,MN0203,202.8132348,1704.771196,Residential,Upper East Side,Tier 5: Ultra Niche / Insider Knowledge
1029,MN,336,28,466 Grand Street,1003360028,Neighborhood Playhouse,LP-02433,Too long,Designated,,3/22/2011,Individual Landmark,,103,1,40.7153274,-73.9836157,1001200,MN0302,382.5109933,7127.145748,Residential,Upper East Side,Tier 5: Ultra Niche / Insider Knowledge
1025,MN,441,10,406 East 14th Street,1004410001,Grace Chapel,LP-00226,"Borough of Manhattan Tax Map Block 441, Lot 10 in part, consisting of the land on which the described building is situated.",Designated,now Immaculate Conception Church,6/7/1966,Individual Landmark,,103,2,40.7306649,-73.9821831,1003400,MN0303,425.6701174,9135.486069,Religious,Hell's Kitchen,Tier 4: Neighborhood Staple
1023,MN,1726,44,12 West 129th Street,1017260044,12 West 129th Street House,LP-01845,Too long,Designated,,7/26/1994,Individual Landmark,,110,9,40.8090192,-73.9414726,1020800,MN1002,386.6389151,8881.02485,Residential,Upper East Side,Tier 5: Ultra Niche / Insider Knowledge
997,MN,9,7,7 State Street,1000090007,James Watson House,LP-00036,"Borough of Manhattan Tax Map Block 9, Lot 7 in part, consisting of the land on which the described building is situated.",Designated,now the Rectory of the Shrine of Saint Elizabeth Ann Seton,11/23/1965,Individual Landmark,,101,1,40.7026085,-74.0136798,1000900,MN0101,241.3663739,3075.751524,Residential,Greenwich Village,Tier 5: Ultra Niche / Insider Knowledge
988,BK,2023,150,Flushing Avenue opposite Ryerson Street,3020230150,Surgeon's House,LP-00940,"Borough of Brooklyn Tax Map Block 2023, Lot 150 in part consisting of the land on which the describer building is situated.",Designated,,11/9/1976,Individual Landmark,,302,33,40.6991925,-73.965667,3054300,BK0261,250.1030156,2924.289926,Residential,Park Slope,Tier 5: Ultra Niche / Insider Knowledge
924,BK,2540,1,184 Franklin Street,3025400001,Astral Apartments,LP-01194,"Borough of Brooklyn Tax Map Block 2540, Lot 1.",Designated,,6/28/1983,Individual Landmark,,301,33,40.7317234,-73.9575679,3056500,BK0101,687.3943456,21901.27623,Residential,Bed-Stuy,Tier 5: Ultra Niche / Insider Knowledge
923,BK,3053,13,174 Meserole Street,3030530013,F. J. Berlenbach House,LP-02152,"Borough of Brooklyn Tax Map Block 3053, Lot 13.",Designated,,5/11/2004,Individual Landmark,,301,34,40.707939,-73.9423873,3049302,BK0104,254.6688068,2615.103534,Residential,Williamsburg,Tier 5: Ultra Niche / Insider Knowledge
920,BK,7306,14,1926 East 28th Street,3073060014,Elias Hubbard Ryder House,LP-00920,"Tax Map Block 7306, Lot 14.",Designated,,3/23/1976,Individual Landmark,,315,48,40.604193,-73.9448536,3057400,BK1502,295.2158804,4890.985559,Residential,DUMBO,Tier 5: Ultra Niche / Insider Knowledge
918,BK,7087,30,2138 McDonald Avenue,3070870030,Hubbard House,LP-02292,"Borough of Brooklyn Tax Map Block 7087, Lot 30.",Designated,,1/13/2009,Individual Landmark,,311,44,40.6002368,-73.9730893,3041000,BK1103,322.9973451,6349.910337,Residential,DUMBO,Tier 5: Ultra Niche / Insider Knowledge
917,BK,7597,61,1128 East 34th Street,3075970061,Joost and Elzabeth Van Nuyse House,LP-00176,"Borough of Brooklyn Tax Map Block 7597, Lot 61",Designated,also known as the Coe House,11/19/1969,Individual Landmark,,318,45,40.6281022,-73.943555,3074200,BK1801,311.509281,5532.90988,Residential,Brooklyn Heights,Tier 5: Ultra Niche / Insider Knowledge
916,BK,8502,20,1940 East 36th Street,3085020020,Hendrick I. Lott House,LP-01705,"Borough of Brooklyn Tax Map Block 8502, Lot 2.",Designated,,10/3/1989,Individual Landmark,,318,46,40.6103293,-73.9326463,3065800,BK1802,728.771726,32744.22826,Residential,DUMBO,Tier 5: Ultra Niche / Insider Knowledge
914,BK,7586,19,1041 East 22nd Street,3075860019,Johannes Van Nuyse House,LP-00175,"Borough of Brooklyn Tax Map Block 7586, Lot 19.",Designated,also known as the Van Nuyse-Magaw House,2/11/1969,Individual Landmark,,314,45,40.6268197,-73.9543095,3075200,BK1403,318.775739,5963.263901,Residential,Park Slope,Tier 5: Ultra Niche / Insider Knowledge
911,BK,6785,72,1669 East 22nd Street,3067850072,Henry and Abraham Wyckoff House,LP-00173,"Borough of Brooklyn Tax Map Block 6785, Lot 72.",Designated,also known as the Wyckoff-Bennett Homestead,1/17/1968,Individual Landmark,,315,48,40.6108657,-73.9512951,3055000,BK1502,407.4859437,10375.71447,Residential,DUMBO,Tier 3: Local Favorite / Regional Gem
905,BK,3194,31,670 Bushwick Avenue,3031940031,Catherina Lipsius House,LP-02549,Borough of Brooklyn Tax Map Block 3194. Lot 31,Designated,Dr. Frederick A. Cook House,6/25/2013,Individual Landmark,,304,34,40.6969489,-73.9322595,3039300,BK0401,317.690262,6015.222567,Residential,Bed-Stuy,Tier 5: Ultra Niche / Insider Knowledge
898,BK,1208,47,96 Brooklyn Avenue,3012080047,John and Elizabeth Truslow House,LP-01964,"Borough of Brooklyn Tax Map Block 1208, Lot 47.",Designated,,9/16/1997,Individual Landmark,,308,36,40.676776,-73.9446494,3031300,BK0802,430.2709214,8653.637108,Residential,Bed-Stuy,Tier 5: Ultra Niche / Insider Knowledge
891,BK,1837,53,488 Nostrand Avenue and 140-144 Hancock Street,3018370053,Renaissance Apartments,LP-01433,"Borough of Brooklyn Tax Map Block 1837, Lot 53.",Designated,,3/18/1986,Individual Landmark,,303,36,40.6822873,-73.9501865,3024500,BK0301,332.6921888,6508.536011,Residential,Park Slope,Tier 5: Ultra Niche / Insider Knowledge
890,BK,1356,27,1704 Bergen Street,3013560027,"Houses on Hunterfly Road, 1702-04 Bergen Street House",LP-00731,"Borough of Brooklyn Tax Map Block 1356, Lot 27.",Designated,"designated as the Houses on Hunterfly Road, now the Weeksville Heritage Center",8/18/1970,Individual Landmark,,308,41,40.6743886,-73.9260709,3030700,BK0802,210.4047556,1640.460788,Residential,Bed-Stuy,Tier 5: Ultra Niche / Insider Knowledge
889,BK,1356,127,1706 Bergen Street,3013560127,"Houses on Hunterfly Road, 1706-08 Bergen Street House",LP-00732,"Borough of Brooklyn Tax Map Block 1356, Lot 127.",Designated,"designated as the Houses on Hunterfly Road, now the Weeksville Heritage Center",8/18/1970,Individual Landmark,,308,41,40.674309,-73.9260998,3030700,BK0802,272.871523,1978.304156,Residential,Park Slope,Tier 5: Ultra Niche / Insider Knowledge
888,BK,1206,5,1198 Pacific Street and 1327-1339 Bedford Avenue,3012060005,Imperial Apartments,LP-01432,"Borough of Brooklyn Tax Map Block 1206, Lot 5.",Designated,,3/18/1986,Individual Landmark,,308,36,40.6775617,-73.9524253,3031500,BK0802,444.5475042,12222.11766,Residential,Bed-Stuy,Tier 5: Ultra Niche / Insider Knowledge
887,BK,1976,7,20-30 Gates Avenue,3019760007,Royal Castle Apartments,LP-02016,"Borough of Brooklyn Tax Map Block 1976, Lot 7.",Designated,,12/22/1981,Individual Landmark,,302,35,40.6840748,-73.9673802,3019900,BK0204,415.218918,10190.95957,Residential,Brooklyn Heights,Tier 5: Ultra Niche / Insider Knowledge
884,BK,1356,28,1708 Bergen Street,3013560028,"Houses on Hunterfly Road, 1706-08 Bergen Street House",LP-00733,"Borough of Brooklyn Tax Map Block 1356, Lot 28.",Designated,"designated as the Houses on Hunterfly Road, now the Weeksville Heritage Center",8/18/1970,Individual Landmark,,308,41,40.674309,-73.9260998,3030700,BK0802,293.7519347,2427.071665,Residential,Bed-Stuy,Tier 5: Ultra Niche / Insider Knowledge
883,BK,1943,13,200 Lafayette Avenue,3019430013,Joseph Steele House,LP-00161,"Borough of Brooklyn Tax Map Block 1943, Lot 13.",Designated,,3/19/1968,Individual Landmark,,302,35,40.6876653,-73.9685143,3019700,BK0204,309.1143192,5439.829424,Residential,Park Slope,Tier 5: Ultra Niche / Insider Knowledge
882,BK,1843,20,500-518 Nostrand Avenue,3018430020,Alhambra Apartments,LP-01431,"Borough of Brooklyn Tax Map Block 1843, Lot 20.",Designated,,3/18/1986,Individual Landmark,,303,36,40.6814007,-73.9500898,3024500,BK0301,625.7029525,21506.75575,Residential,Brooklyn Heights,Tier 5: Ultra Niche / Insider Knowledge
881,BK,1356,126,1702 Bergen Street,3013560126,"Houses on Hunterfly Road, 1702-04 Bergen Street House",LP-00730,"Borough of Brooklyn Tax Map Block 1356, Lot 126.",Designated,"designated as the Houses on Hunterfly Road, now the Weeksville Heritage Center",8/18/1970,Individual Landmark,,308,41,40.6744407,-73.9260636,3030700,BK0802,217.2096014,1657.663273,Residential,DUMBO,Tier 5: Ultra Niche / Insider Knowledge
878,BK,1209,62,1375 Dean Street,3012090062,George B. and Susan Elkins House,LP-02207,"Borough of Brooklyn, Tax Map Block 1209, Lot 62.",Designated,,10/24/2006,Individual Landmark,,308,36,40.6767532,-73.9430307,3031300,BK0802,337.1473291,5846.594834,Residential,Brooklyn Heights,Tier 5: Ultra Niche / Insider Knowledge
876,BK,1356,26,1700 Bergen Street,3013560026,"Houses on Hunterfly Road, 1700 Bergen Street House",LP-00729,"Borough of Brooklyn Tax Map Block 1356, Lot 26.",Designated,"designated as the Houses on Hunterfly Road, now the Weeksville Heritage Center",8/18/1970,Individual Landmark,,308,41,40.6744956,-73.9260527,3030700,BK0802,229.4688133,1599.593788,Residential,DUMBO,Tier 5: Ultra Niche / Insider Knowledge
873,BK,1922,1,"220-234 Willoughby Avenue, 171-185 Steuben Street, and 172-186 Emerson Place",3019220001,Pratt Row Houses,LP-02012,Too long,Designated,,12/22/1981,Individual Landmark,,302,35,40.691215,-73.9620363,3019300,BK0204,973.4722062,59650.10579,Residential,Williamsburg,Tier 5: Ultra Niche / Insider Knowledge
872,BK,1887,84,136 Clinton Avenue,3018870084,Lefferts-Laidlaw House,LP-02099,"Borough of Brooklyn Tax Map Block 1887, Lot 84.",Designated,,11/13/2001,Individual Landmark,,302,35,40.6938494,-73.9693155,3018700,BK0203,349.4929927,6548.778419,Residential,DUMBO,Tier 3: Local Favorite / Regional Gem
869,BK,2019,16,70 Lefferts Place,3020190016,James W. and Lucy S. Elwell House,LP-02215,"Borough of Brooklyn Tax Map Block 2019, Lot 16.",Designated,,12/12/2006,Individual Landmark,,302,35,40.6810398,-73.960809,3022700,BK0301,383.305656,8350.111945,Residential,Brooklyn Heights,Tier 5: Ultra Niche / Insider Knowledge
860,BK,6003,52,8200 Narrows Avenue,3060030052,Howard E. and Jessie Jones House,LP-01623,"Borough of Brooklyn Tax Map Block 6003, Lot 52.",Designated,designated as 8200 Narrows Avenue House,3/8/1988,Individual Landmark,,310,47,40.6280136,-74.0383709,3004600,BK1001,598.7681638,19792.45751,Residential,DUMBO,Tier 5: Ultra Niche / Insider Knowledge
859,BK,6115,52,119 95th Street,3061150052,Bennet-Farrell-Feldmann House,LP-01966,Too long,Designated,,8/3/1999,Individual Landmark,,310,47,40.6169605,-74.0377558,3005400,BK1001,334.303213,6708.455341,Residential,Bed-Stuy,Tier 5: Ultra Niche / Insider Knowledge
858,BK,5563,68,2017 67th Street,3055630068,Magen David Synagogue,LP-02090,"Borough of Brooklyn Tax Map Block 5563, Lot 68",Designated,,4/24/2001,Individual Landmark,,311,43,40.6151571,-73.9862697,3025600,BK1101,366.4304188,8285.293105,Religious,Park Slope,Tier 4: Neighborhood Staple
855,BK,176,13,306 State Street,3001760013,306 State Street House,LP-00757,"Borough of Brooklyn Tax Map Block 176, Lot 13.",Designated,,11/20/1973,Individual Landmark,,302,33,40.688679,-73.9878555,3004300,BK0202,230.5379567,2274.190239,Residential,Williamsburg,Tier 5: Ultra Niche / Insider Knowledge
852,BK,2058,40,182 to 188 Duffield Street,3020580040,Duffield Street Houses,LP-02089,"Borough of Manhattan Tax Map Block 2058, Lot 40.",Designated,,4/24/2001,Individual Landmark,,302,33,40.6927793,-73.9845949,3001502,BK0202,406.8341452,10344.13406,Residential,DUMBO,Tier 5: Ultra Niche / Insider Knowledge
848,BK,170,47,291 State Street,3001700047,291 State Street House,LP-00744,"Borough of Brooklyn Tax Map Block 170, Lot 47.",Designated,,11/20/1973,Individual Landmark,,302,33,40.6889397,-73.987311,3004300,BK0202,246.8706387,1995.927481,Residential,DUMBO,Tier 5: Ultra Niche / Insider Knowledge
847,BK,176,17,314 State Street,3001760017,314 State Street House,LP-00761,"Borough of Brooklyn Tax Map Block 176, Lot 17.",Designated,,11/20/1973,Individual Landmark,,302,33,40.6885417,-73.9875455,3004300,BK0202,250.1410184,2469.08405,Residential,Brooklyn Heights,Tier 5: Ultra Niche / Insider Knowledge
844,BK,176,10,300 State Street,3001760010,300 State Street House,LP-00754,"Borough of Brooklyn Tax Map Block 176, Lot 10.",Designated,,11/20/1973,Individual Landmark,,302,33,40.6887751,-73.9881007,3004300,BK0202,227.7259123,2147.666991,Residential,Brooklyn Heights,Tier 5: Ultra Niche / Insider Knowledge
843,BK,176,16,312 State Street,3001760016,312 State Street House,LP-00760,"Borough of Brooklyn Tax Map Block 176, Lot 16.",Designated,,11/20/1973,Individual Landmark,,302,33,40.6885719,-73.9876248,3004300,BK0202,251.5136717,2539.412309,Residential,DUMBO,Tier 5: Ultra Niche / Insider Knowledge
842,BK,176,18,316 State Street,3001760018,316 State Street House,LP-00762,"Borough of Brooklyn Tax Map Block 176, Lot 18.",Designated,,11/20/1973,Individual Landmark,,302,33,40.6885115,-73.9874625,3004300,BK0202,251.4386902,2532.93488,Residential,DUMBO,Tier 5: Ultra Niche / Insider Knowledge
840,BK,176,6,292 State Street,3001760006,292 State Street House,LP-00750,"Borough of Brooklyn Tax Map Block 176, Lot 6.",Designated,,11/20/1973,Individual Landmark,,302,33,40.6888904,-73.9883964,3004300,BK0202,218.3528534,1725.890076,Residential,Park Slope,Tier 5: Ultra Niche / Insider Knowledge
838,BK,1004,60,271 9th Street,3010040060,William B. Cronyn House,LP-00997,"Borough of Brooklyn Tax Map Block 1004, Lot 60.",Designated,also known as the 271 Ninth Street House,7/11/1978,Individual Landmark,,306,39,40.670009,-73.9873795,3013700,BK0602,287.6070037,4690.173073,Residential,Brooklyn Heights,Tier 5: Ultra Niche / Insider Knowledge
836,BK,176,22,324 State Street,3001760022,324 State Street House,LP-00766,"Borough of Brooklyn Tax Map Block 176, Lot 22.",Designated,,11/20/1973,Individual Landmark,,302,33,40.6883852,-73.9871416,3004300,BK0202,251.5371468,2532.416785,Residential,Williamsburg,Tier 5: Ultra Niche / Insider Knowledge
835,BK,598,30,76-86 Van Dyke Street,3005980030,Brooklyn Clay Retort and Fire Brick Works Storehouse,LP-02108,"Borough of Brooklyn Tax Map Block 598, Lot 30.",Designated,,12/18/2001,Individual Landmark,,306,38,40.6750813,-74.0133677,3005301,BK0601,558.9032765,18112.23334,Residential,DUMBO,Tier 5: Ultra Niche / Insider Knowledge
834,BK,355,22,440 Clinton Street,3003550022,John Rankin House,LP-00628,"Borough of Brooklyn Tax Map Block 355, Lot 22.",Designated,"also known as the 440 Clinton Street House, now the F. G. Guido Funeral Home",7/14/1970,Individual Landmark,,306,39,40.6815185,-73.9988499,3006500,BK0601,321.2574444,6416.580087,Residential,Bed-Stuy,Tier 5: Ultra Niche / Insider Knowledge
833,BK,2023,100,Evans Street at Little Street,3020230100,Commandant's House,LP-00002,Too long,Designated,,10/14/1965,Individual Landmark,,302,33,40.702325,-73.9803478,3002100,BK0202,1883.14174,103406.187,Residential,Park Slope,Tier 5: Ultra Niche / Insider Knowledge
831,BK,170,46,293 State Street,3001700046,293 State Street House,LP-00745,"Borough of Brooklyn Tax Map Block 170, Lot 46.",Designated,,11/20/1973,Individual Landmark,,302,33,40.6889177,-73.9872533,3004300,BK0202,245.9078076,1945.717216,Residential,Bed-Stuy,Tier 5: Ultra Niche / Insider Knowledge
830,BK,655,31,5th Avenue at 25th Street,3006550031,Weir Greenhouse,LP-01197,"Borough of Brooklyn Tax Map Block 655, Lot 31.",Designated,now McGovern-Weir Greenhouse,4/13/1982,Individual Landmark,,307,38,40.6591431,-73.9962588,3010100,BK0702,266.167405,4188.347163,Residential,Brooklyn Heights,Tier 5: Ultra Niche / Insider Knowledge
829,BK,176,9,298 State Street,3001760009,298 State Street House,LP-00753,"Borough of Brooklyn Tax Map Block 176, Lot 9.",Designated,,11/20/1973,Individual Landmark,,302,33,40.6888053,-73.98818,3004300,BK0202,231.718981,2327.350453,Residential,Williamsburg,Tier 5: Ultra Niche / Insider Knowledge
828,BK,176,15,310 State Street,3001760015,310 State Street House,LP-00759,"Borough of Brooklyn Tax Map Block 176, Lot 15.",Designated,,11/20/1973,Individual Landmark,,302,33,40.6886049,-73.9877041,3004300,BK0202,252.4420308,2587.458843,Residential,Brooklyn Heights,Tier 5: Ultra Niche / Insider Knowledge
827,BK,176,7,294 State Street,3001760007,294 State Street House,LP-00751,"Borough of Brooklyn Tax Map Block 176, Lot 7.",Designated,,11/20/1973,Individual Landmark,,302,33,40.6888657,-73.9883315,3004300,BK0202,221.3161854,1859.234786,Residential,Williamsburg,Tier 5: Ultra Niche / Insider Knowledge
826,BK,176,14,308 State Street,3001760014,308 State Street House,LP-00758,"Borough of Brooklyn Tax Map Block 176, Lot 14.",Designated,,11/20/1973,Individual Landmark,,302,33,40.6886488,-73.9877762,3004300,BK0202,227.9074012,2155.834208,Residential,Williamsburg,Tier 5: Ultra Niche / Insider Knowledge
825,BK,176,19,318 State Street,3001760019,318 State Street House,LP-00763,"Borough of Brooklyn Tax Map Block 176, Lot 19.",Designated,,11/20/1973,Individual Landmark,,302,33,40.6884786,-73.9873832,3004300,BK0202,250.3979433,2479.247616,Residential,Brooklyn Heights,Tier 5: Ultra Niche / Insider Knowledge
824,BK,176,5,290 State Street,3001760005,290 State Street House,LP-00749,"Borough of Brooklyn Tax Map Block 176, Lot 5.",Designated,,11/20/1973,Individual Landmark,,302,33,40.6889151,-73.9884613,3004300,BK0202,224.4399062,1999.782033,Residential,Williamsburg,Tier 5: Ultra Niche / Insider Knowledge
822,BK,176,20,320 State Street,3001760020,320 State Street House,LP-00764,"Borough of Brooklyn Tax Map Block 176, Lot 20.",Designated,,11/20/1973,Individual Landmark,,302,33,40.6884484,-73.9873039,3004300,BK0202,253.3513031,2626.348679,Residential,Bed-Stuy,Tier 5: Ultra Niche / Insider Knowledge
820,BK,170,43,299 State Street,3001700043,299 State Street House,LP-00748,"Borough of Brooklyn Tax Map Block 170, Lot 43.",Designated,,11/20/1973,Individual Landmark,,302,33,40.6888463,-73.9870694,3004300,BK0202,247.1073083,2008.272546,Residential,Bed-Stuy,Tier 5: Ultra Niche / Insider Knowledge
819,BK,176,11,302 State Street,3001760011,302 State Street House,LP-00755,"Borough of Brooklyn Tax Map Block 176, Lot 11.",Designated,,11/20/1973,Individual Landmark,,302,33,40.6887422,-73.9880178,3004300,BK0202,232.5302508,2363.857427,Residential,Brooklyn Heights,Tier 5: Ultra Niche / Insider Knowledge
818,BK,170,45,295 State Street,3001700045,295 State Street House,LP-00746,"Borough of Brooklyn Tax Map Block 170, Lot 45.",Designated,,11/20/1973,Individual Landmark,,302,33,40.688893,-73.987192,3004300,BK0202,247.1222784,2009.038367,Residential,Williamsburg,Tier 5: Ultra Niche / Insider Knowledge
817,BK,176,21,322 State Street,3001760021,322 State Street House,LP-00765,"Borough of Brooklyn Tax Map Block 176, Lot 21.",Designated,,11/23/1973,Individual Landmark,,302,33,40.6884154,-73.987221,3004300,BK0202,249.6841034,2440.58623,Residential,DUMBO,Tier 5: Ultra Niche / Insider Knowledge
816,BK,170,44,297 State Street,3001700044,297 State Street House,LP-00747,"Borough of Brooklyn Tax Map Block 170, Lot 44.",Designated,,11/20/1973,Individual Landmark,,302,33,40.6888711,-73.9871307,3004300,BK0202,244.9715285,1896.8785,Residential,DUMBO,Tier 5: Ultra Niche / Insider Knowledge
813,BK,176,12,304 State Street,3001760012,304 State Street House,LP-00756,"Borough of Brooklyn Tax Map Block 176, Lot 12.",Designated,,11/20/1973,Individual Landmark,,302,33,40.6887092,-73.9879385,3004300,BK0202,230.0007881,2250.01739,Residential,Brooklyn Heights,Tier 5: Ultra Niche / Insider Knowledge
812,BK,176,8,296 State Street,3001760008,296 State Street House,LP-00752,"Borough of Brooklyn Tax Map Block 176, Lot 8.",Designated,,11/20/1973,Individual Landmark,,302,33,40.6888355,-73.9882594,3004300,BK0202,228.8257755,2197.151452,Residential,Bed-Stuy,Tier 5: Ultra Niche / Insider Knowledge
811,MN,1250,61,346 West 89th Street,1012500061,Isaac L. and Julia B. Rice Mansion,LP-01089,"Borough of Manhattan Tax Map Block 1250, Lot 61.",Designated,now the Yeshiva Ketana of Manhattan,2/19/1980,Individual Landmark,,107,6,40.7914686,-73.9786132,1017500,MN0702,465.3153839,12949.82921,Residential,Hell's Kitchen,Tier 5: Ultra Niche / Insider Knowledge
810,MN,1727,53,32 West 130th Street,1017270053,32 West 130th Street House,LP-01149,"Borough of Manhattan, Tax Map Block 1727, Lot 53.",Designated,part of Astor Row,8/11/1981,Individual Landmark,,110,9,40.8100211,-73.9415837,1020800,MN1002,256.4813132,2743.380494,Residential,Greenwich Village,Tier 5: Ultra Niche / Insider Knowledge
808,MN,1408,30,175 East 73rd Street,1014080030,175 East 73rd Street House,LP-01064,"Borough of Manhattan Tax Map Block 1408, Lot 30.",Designated,,5/13/1980,Individual Landmark,,108,4,40.7709058,-73.9606478,1012800,MN0802,249.572555,2020.370641,Residential,Harlem,Tier 5: Ultra Niche / Insider Knowledge
807,MN,1517,148,150 East 89th Street,1015170148,150 East 89th Street House,LP-01006,"Borough of Manhattan Tax Map Block 1517, Lot 148.",Designated,,3/13/1979,Individual Landmark,,108,5,40.7810149,-73.9537812,1014802,MN0802,236.1402688,1346.340935,Residential,Harlem,Tier 5: Ultra Niche / Insider Knowledge
806,MN,1345,46,314 East 53rd Street,1013450046,314 East 53rd Street House,LP-02071,"Borough of Manhattan Tax Map Block 1345, Lot 46.",Designated,,6/20/2000,Individual Landmark,,106,4,40.7562809,-73.966623,1009800,MN0604,236.0986155,1679.805852,Residential,Upper East Side,Tier 5: Ultra Niche / Insider Knowledge
805,MN,1270,26,13 West 54th Street,1012700026,13 West 54th Street House,LP-01104,"Borough of Manhattan, Tax Map Block 1270, Lot 26.",Designated,,2/3/1981,Individual Landmark,,105,4,40.7616685,-73.9763126,1010400,MN0502,271.5833903,2838.012956,Residential,Hell's Kitchen,Tier 5: Ultra Niche / Insider Knowledge
800,MN,1383,38,690 Park Avenue,1013830038,Henry P. and Kate T. Davison House,LP-00707,"Borough of Manhattan Tax Map Block 1383, Lot 38.",Designated,now the Consulate General of Italy,11/10/1970,Individual Landmark,,108,4,40.7691233,-73.9656851,1012200,MN0802,348.5918176,6179.921068,Residential,Hell's Kitchen,Tier 5: Ultra Niche / Insider Knowledge
798,MN,1401,20,131-135 East 66th Street,1014010020,131-135 East 66th Street Apartment House,LP-00418,"Borough of Manhattan Tax Map Block 1401, Lot 20.",Designated,,3/31/1970,Individual Landmark,,108,4,40.7666335,-73.964477,1012000,MN0802,565.0110598,18712.81506,Residential,Greenwich Village,Tier 5: Ultra Niche / Insider Knowledge
797,MN,1508,64,120 East 80th Street,1015080064,George and Martha Whitney House,LP-00444,"Borough of Manhattan Tax Map Block 1508, Lot 64.",Designated,designated as the 120 East 80th Street House,11/12/1968,Individual Landmark,,108,4,40.775769,-73.9592982,1014000,MN0802,284.4135428,3867.075854,Residential,Tribeca,Tier 5: Ultra Niche / Insider Knowledge
796,MN,1873,162,854 West End Avenue,1018730162,854 West End Avenue House,LP-01619,"Borough of Manhattan Tax Map Block 1873, Lot 162.",Designated,,8/14/1990,Individual Landmark,,107,7,40.7987897,-73.9702821,1018700,MN0703,188.178754,1401.277126,Residential,Upper East Side,Tier 5: Ultra Niche / Insider Knowledge
793,MN,1226,15,143 West 95th Street,1012260015,Charles A. Vissani House,LP-01689,"Borough of Manhattan, Tax Map Block 1226, Lot 15.",Designated,,2/19/1991,Individual Landmark,,107,7,40.79302,-73.9694143,1018100,MN0702,269.7178645,3161.185682,Residential,Upper East Side,Tier 5: Ultra Niche / Insider Knowledge
791,MN,1432,43,210 East 78th Street,1014320043,210 East 78th Street House,LP-00982,"Borough of Manhattan Tax Map Block 1432, Lot 43.",Designated,,5/9/1978,Individual Landmark,,108,5,40.7731553,-73.9573357,1013400,MN0801,237.7786627,1430.250855,Residential,Hell's Kitchen,Tier 5: Ultra Niche / Insider Knowledge
790,MN,1407,45,170 East 73rd Street,1014070045,170 East 73rd Street Carriage House,LP-01067,"Borough of Manhattan Tax Map Block 1407, Lot 45.",Designated,,5/13/1980,Individual Landmark,,108,4,40.7705875,-73.961074,1012800,MN0802,263.7189978,2718.81814,Residential,Tribeca,Tier 5: Ultra Niche / Insider Knowledge
789,MN,895,34,145 East 39th Street,1008950034,Allerton 39th Street House,LP-02296,"Borough of Manhattan Tax Map Block 895, Lot 34.",Designated,,3/18/2008,Individual Landmark,,106,4,40.7494188,-73.9765695,1008000,MN0603,345.7921289,7218.058903,Residential,Tribeca,Tier 5: Ultra Niche / Insider Knowledge
787,MN,1491,25,53 East 79th Street,1014910025,John S. and Catharine C. Rogers House,LP-00427,"Borough of Manhattan Tax Map Block 1491, Lot 25.",Designated,now the New York Society Library,2/15/1967,Individual Landmark,,108,4,40.7763352,-73.9614498,1014200,MN0802,306.4312703,4681.027193,Residential,Greenwich Village,Tier 5: Ultra Niche / Insider Knowledge
785,MN,1407,44,172-174 East 73rd Street,1014070044,172-174 East 73rd Street Carriage House,LP-01068,"Borough of Manhattan Tax Map Block 1407, Lot 44.",Designated,,5/13/1980,Individual Landmark,,108,4,40.7705546,-73.9609946,1012800,MN0802,261.1123999,2580.302362,Residential,Tribeca,Tier 5: Ultra Niche / Insider Knowledge
782,MN,1751,64,20 East 127th Street,1017510064,Langston Hughes House,LP-01135,"Borough of Manhattan, Tax Map Block 1751, Lot 64.",Designated,,8/11/1981,Individual Landmark,,111,9,40.8071496,-73.9405711,1020600,MN1102,247.8164442,2227.729167,Residential,Harlem,Tier 5: Ultra Niche / Insider Knowledge
780,MN,1337,6,307 East 44th Street,1013370006,Beaux-Arts Apartments,LP-01668,"Borough of Manhattan Tax Map Block 1337, Lot 6.",Designated,,7/11/1989,Individual Landmark,,106,4,40.7509873,-73.9703323,1009000,MN0604,546.255351,17907.05934,Residential,Upper East Side,Tier 5: Ultra Niche / Insider Knowledge
778,MN,1432,44,208 East 78th Street,1014320044,208 East 78th Street House,LP-00981,"Borough of Manhattan Tax Map Block 1432, Lot 44.",Designated,,5/9/1978,Individual Landmark,,108,5,40.7731745,-73.9573791,1013400,MN0801,238.3818937,1460.401875,Residential,Upper East Side,Tier 5: Ultra Niche / Insider Knowledge
775,MN,1753,10,17 East 128th Street,1017530010,17 East 128th Street House,LP-01237,"Borough of Manhattan, Tax Map Block 1753, Lot 10.",Designated,,12/21/1982,Individual Landmark,,111,9,40.8081236,-73.9397792,1020600,MN1102,250.3571031,2269.918335,Residential,Harlem,Tier 5: Ultra Niche / Insider Knowledge
774,MN,1508,66,116 East 80th Street,1015080066,Lewis Spencer and Emily Coster Morris House,LP-00445,"Borough of Manhattan Tax Map Block 1508, Lot 66.",Designated,also known as the 116 East 80th Street House,1/24/1967,Individual Landmark,,108,4,40.7758184,-73.9594173,1014000,MN0802,286.2586239,3964.475447,Residential,Tribeca,Tier 5: Ultra Niche / Insider Knowledge
768,MN,1407,43,178 East 73rd Street,1014070043,178 East 73rd Street Carriage House,LP-01069,"Borough of Manhattan Tax Map Block 1407, Lot 43.",Designated,,5/13/1980,Individual Landmark,,108,4,40.7705216,-73.9609152,1012800,MN0802,263.7633547,2721.18162,Residential,Greenwich Village,Tier 5: Ultra Niche / Insider Knowledge
767,MN,1520,64,120 East 92nd Street,1015200064,120 East 92nd Street House,LP-00590,"Borough of Manhattan Tax Map Block 1520, Lot 64.",Designated,,11/19/1969,Individual Landmark,,108,5,40.7834274,-73.9536676,1015801,MN0802,253.8429196,2387.709235,Residential,Harlem,Tier 5: Ultra Niche / Insider Knowledge
760,MN,1503,1,1 East 91st Street,1015030001,Otto and Addie Kahn House,LP-00675,"Borough of Manhattan Tax Map Block 1503, Lot 1.",Designated,now the Convent of the Sacred Heart,2/19/1974,Individual Landmark,,108,4,40.7847492,-73.9575847,1016001,MN0802,507.5440634,15601.67448,Residential,Greenwich Village,Tier 5: Ultra Niche / Insider Knowledge
759,MN,1727,67,60 West 130th Street,1017270067,60 West 130th Street House,LP-01163,Too long,Designated,part of Astor Row,8/11/1981,Individual Landmark,,110,9,40.8105048,-73.942732,1020800,MN1002,253.1696581,2575.968337,Residential,Upper East Side,Tier 5: Ultra Niche / Insider Knowledge
757,MN,276,23,51 Market Street,1002760023,William and Rosamond Clark House,LP-00008,"Borough of Manhattan Tax Map Block 276, Lot 23.",Designated,also known as the 51 Market Street House,10/14/1965,Individual Landmark,,103,1,40.7118179,-73.9945533,1000800,MN0301,240.1859122,2571.632092,Residential,Greenwich Village,Tier 5: Ultra Niche / Insider Knowledge
753,MN,158,61,1 Foley Square,1001580061,United States Courthouse,LP-00883,"Borough of Manhattan Tax Map Block 158, Lot 61.",Designated,,3/25/1975,Individual Landmark,,101,1,40.713657,-74.0023122,1002901,MN0102,1230.501888,72913.42045,Residential,Hell's Kitchen,Tier 5: Ultra Niche / Insider Knowledge
752,MN,722,15,441 West 24th Street,1007220015,441 West 24th Street House,LP-00681,"Borough of Manhattan Tax Map Block 722, Lot 15.",Designated,,9/15/1970,Individual Landmark,,104,3,40.748079,-74.0024542,1009300,MN0401,245.8166449,2060.629853,Residential,Greenwich Village,Tier 5: Ultra Niche / Insider Knowledge
750,MN,1413,24,157 East 78th Street,1014130024,157 East 78th Street House,LP-00421,"Borough of Manhattan Tax Map Block 1413, Lot 24.",Designated,,4/18/1968,Individual Landmark,,108,4,40.7742757,-73.9588117,1014000,MN0802,245.7590425,1845.369642,Residential,Hell's Kitchen,Tier 5: Ultra Niche / Insider Knowledge
748,MN,1408,28,171 East 73rd Street,1014080028,171 East 73rd Street House,LP-01062,"Borough of Manhattan Tax Map Block 1408, Lot 28.",Designated,,5/13/1980,Individual Landmark,,108,4,40.770958,-73.9607741,1012800,MN0802,251.2964601,2115.755015,Residential,Hell's Kitchen,Tier 5: Ultra Niche / Insider Knowledge
747,MN,1204,29,300 Central Park West,1012040029,Eldorado Apartments,LP-01521,"Borough of Manhattan Tax Map Block 1204, Lot 29.",Designated,,7/9/1985,Individual Landmark,,107,6,40.788359,-73.9677083,1017700,MN0702,810.5565507,40461.3225,Residential,Greenwich Village,Tier 5: Ultra Niche / Insider Knowledge
744,MN,1309,62,124 East 55th Street,1013090062,Mary Hale Cunningham House,LP-02085,"Borough of Manhattan Tax Map Block 1309, Lot 62.",Designated,,5/1/2001,Individual Landmark,,105,4,40.7596938,-73.9708193,1010000,MN0604,259.7603061,2649.466679,Residential,Hell's Kitchen,Tier 5: Ultra Niche / Insider Knowledge
742,MN,595,37,508 Canal Street,1005950037,508 Canal Street House,LP-01992,"Borough of Manhattan Tax Map Block 595, Lot 37.",Designated,,6/30/1998,Individual Landmark,,101,1,40.7246686,-74.0097266,1003900,MN0102,198.7590904,1559.006691,Residential,Upper East Side,Tier 5: Ultra Niche / Insider Knowledge
740,MN,1517,147,154 East 89th Street,1015170147,154 East 89th Street House,LP-01008,"Borough of Manhattan Tax Map Block 1517, Lot 147.",Designated,,3/13/1979,Individual Landmark,,108,5,40.7809819,-73.9537018,1014802,MN0802,236.0271343,1325.298907,Residential,Tribeca,Tier 5: Ultra Niche / Insider Knowledge
739,MN,1727,59,44 West 130th Street,1017270059,44 West 130th Street House,LP-01155,"Borough of Manhattan, Tax Map Block 1727, Lot 59.",Designated,part of Astor Row,8/11/1981,Individual Landmark,,110,9,40.8102217,-73.9420567,1020800,MN1002,253.2930497,2582.199576,Residential,Hell's Kitchen,Tier 5: Ultra Niche / Insider Knowledge
737,MN,1520,63,122 East 92nd Street,1015200063,122 East 92nd Street House,LP-00589,"Borough of Manhattan Tax Map Block 1520, Lot 63.",Designated,,11/19/1969,Individual Landmark,,108,5,40.7833945,-73.9535882,1015801,MN0802,259.7772669,2696.152308,Residential,Tribeca,Tier 5: Ultra Niche / Insider Knowledge
736,MN,1505,22,1321 Madison Avenue,1015050022,1321 Madison Avenue House,LP-00866,"Borough of Manhattan Tax Map Block 1505, Lot 22.",Designated,,7/23/1974,Individual Landmark,,108,5,40.7852862,-73.9552624,1016001,MN0802,193.908272,1689.180198,Residential,Tribeca,Tier 5: Ultra Niche / Insider Knowledge
735,MN,1727,60,46 West 130th Street,1017270060,46 West 130th Street House,LP-01156,"Borough of Manhattan, Tax Map Block 1727, Lot 60.",Designated,part of Astor Row,8/11/1981,Individual Landmark,,110,9,40.8102547,-73.9421362,1020800,MN1002,251.2914042,2481.020482,Residential,Harlem,Tier 5: Ultra Niche / Insider Knowledge
730,MN,1323,10,219 East 49th Street,1013230010,Morris B. Sanders Studio & Apartment,LP-02267,"Borough of Manhattan Tax Map Block 1323, Lot 10.",Designated,,11/18/2008,Individual Landmark,,106,4,40.7549809,-73.9702258,1009800,MN0604,197.3134538,1621.669655,Residential,Hell's Kitchen,Tier 5: Ultra Niche / Insider Knowledge
729,MN,2054,44,10 Saint Nicholas Place,1020540044,James A. and Ruth M. Bailey House,LP-00845,"Borough of Manhattan Tax Map Block 2054, Lot 44.",Designated,now Blake Funeral Home,2/19/1974,Individual Landmark,,109,9,40.827195,-73.9420419,1023501,MN0903,336.8938416,6735.720535,Residential,Harlem,Tier 5: Ultra Niche / Insider Knowledge
728,MN,923,49,328 East 18th Street,1009230049,328 East 18th Street House,LP-00699,"Borough of Manhattan Tax Map Block 923, Lot 49.",Designated,,3/20/1973,Individual Landmark,,106,2,40.7341233,-73.9819657,1004800,MN0602,230.9949608,2067.041494,Residential,Tribeca,Tier 5: Ultra Niche / Insider Knowledge
722,MN,1380,30,47-49 East 65th Street,1013800030,Sara Delano Roosevelt and Franklin and Eleanor Roosevelt Houses,LP-00702,"Borough of Manhattan Tax Map Block 1380, Lot 30.",Designated,now the Roosevelt House Public Policy Institute at Hunter College,9/25/1973,Individual Landmark,,108,4,40.7671504,-73.9676247,1012200,MN0802,272.2847805,3532.689765,Residential,Tribeca,Tier 5: Ultra Niche / Insider Knowledge
719,MN,1727,58,42 West 130th Street,1017270058,42 West 130th Street House,LP-01154,"Borough of Manhattan, Tax Map Block 1727, Lot 58.",Designated,part of Astor Row,8/11/1981,Individual Landmark,,110,9,40.8101887,-73.9419809,1020800,MN1002,249.6805634,2399.573844,Residential,Hell's Kitchen,Tier 5: Ultra Niche / Insider Knowledge
718,MN,1271,46,10 West 56th Street,1012710046,Frederick C. and Birdsall Otis Edey Residence,LP-02226,"Borough of Manhattan, Tax Map Block 1271, Lot 46.",Designated,,7/24/2007,Individual Landmark,,105,4,40.7624533,-73.9754279,1010400,MN0502,258.0196607,2683.856907,Residential,Harlem,Tier 5: Ultra Niche / Insider Knowledge
715,MN,1517,47,156 East 89th Street,1015170047,156 East 89th Street House,LP-01009,"Borough of Manhattan Tax Map Block 1517, Lot 47.",Designated,,3/13/1979,Individual Landmark,,108,5,40.7809654,-73.9536621,1014802,MN0802,236.13153,1323.115639,Residential,Greenwich Village,Tier 5: Ultra Niche / Insider Knowledge
714,MN,1270,27,9-11 West 54th Street,1012700027,James J. and Josephine Goodwin Residence,LP-01103,"Borough of Manhattan, Tax Map Block 1270, Lot 27.",Designated,"now U.S. Trust Company, also known as the 9-11 West 54th Street House",2/3/1981,Individual Landmark,,105,4,40.7616191,-73.9761898,1010400,MN0502,320.7142913,5539.945537,Residential,Hell's Kitchen,Tier 5: Ultra Niche / Insider Knowledge
710,MN,1506,1,1130 Fifth Avenue,1015060001,Willard and Dorothy Whitney Straight House,LP-00440,"Borough of Manhattan Tax Map Block 1506, Lot 1.",Designated,later the National Audobon Society and the International Center of Photography,5/15/1968,Individual Landmark,,108,5,40.7865712,-73.9563377,1016001,MN0802,297.6369521,4598.848693,Residential,Upper East Side,Tier 5: Ultra Niche / Insider Knowledge
709,MN,1407,46,168 East 73rd Street,1014070046,168 East 73rd Street Carriage House,LP-01066,"Borough of Manhattan Tax Map Block 1407, Lot 46.",Designated,,5/13/1980,Individual Landmark,,108,4,40.7706205,-73.9611534,1012800,MN0802,261.642846,2608.489472,Residential,Upper East Side,Tier 5: Ultra Niche / Insider Knowledge
707,MN,1387,8,7 East 72nd Street,1013870008,Oliver Gould and Mary Brewster Jennings House,LP-00936,"Borough of Manhattan Tax Map Block 1387, Lot 8.",Designated,,1/11/1977,Individual Landmark,,108,4,40.7723485,-73.9660372,1013000,MN0802,268.9147602,3026.001926,Residential,Greenwich Village,Tier 5: Ultra Niche / Insider Knowledge
706,MN,1288,63,12 East 53rd Street,1012880063,Fisk-Harkness House,LP-02406,"Borough of Manhattan, Tax Map Block 1288, Lot 63.",Designated,,6/28/2011,Individual Landmark,,105,4,40.7598211,-73.975057,1010200,MN0502,320.3966065,4342.882821,Residential,Hell's Kitchen,Tier 5: Ultra Niche / Insider Knowledge
704,MN,1233,1,520 West End Avenue,1012330001,John B. and Isabella Leech House,LP-01693,"Borough of Manhattan Tax Map Block 1233, Lot 1.",Designated,,8/2/1988,Individual Landmark,,107,6,40.7881666,-73.9779679,1017100,MN0702,265.1036346,3054.70841,Residential,Hell's Kitchen,Tier 5: Ultra Niche / Insider Knowledge
703,MN,283,45,13 Pike Street,1002830045,Pike Street Synagogue,LP-01960,"Borough of Manhattan Tax Map Block 283, Lot 45.",Designated,,5/20/1997,Individual Landmark,,103,1,40.7135717,-73.9921652,1000600,MN0301,278.865235,4538.667855,Religious,Hell's Kitchen,Tier 4: Neighborhood Staple
699,MN,1008,15,131 West 55th Street,1010080015,Mecca Temple,LP-01234,"Borough of Manhattan, Tax Map Block 1008, Lot 15.",Designated,now the City Center 55th Street Theater,4/12/1983,Individual Landmark,,105,6,40.7639281,-73.9794018,1013700,MN0502,714.2465484,26223.29874,Religious,Greenwich Village,Tier 4: Neighborhood Staple
698,MN,1727,44,14 West 130th Street,1017270044,14 West 130th Street House,LP-01140,"Borough of Manhattan, Tax Map Block 1727, Lot 44.",Designated,part of Astor Row,8/11/1981,Individual Landmark,,110,9,40.8097216,-73.9408759,1020800,MN1002,250.4181511,2436.850549,Residential,Harlem,Tier 5: Ultra Niche / Insider Knowledge
697,MN,1517,49,148 East 89th Street,1015170049,148 East 89th Street House,LP-01005,"Borough of Manhattan Tax Map Block 1517, Lot 49.",Designated,,3/13/1979,Individual Landmark,,108,5,40.7810313,-73.953821,1014802,MN0802,234.8300361,1285.016602,Residential,Greenwich Village,Tier 5: Ultra Niche / Insider Knowledge
696,MN,1727,45,16 West 130th Street,1017270045,16 West 130th Street House,LP-01141,Too long,Designated,part of Astor Row,8/11/1981,Individual Landmark,,110,9,40.8097545,-73.9409517,1020800,MN1002,251.8705498,2510.284762,Residential,Upper East Side,Tier 5: Ultra Niche / Insider Knowledge
694,MN,1393,1,1 East 78th Street,1013930001,James B. and Nanaline Duke House,LP-00668,"Borough of Manhattan Tax Map Block 1393, Lot 4.",Designated,now the New York University Institue of Fine Arts,9/15/1970,Individual Landmark,,108,4,40.7763249,-73.9637172,1014200,MN0802,529.8110985,14728.14044,Residential,Greenwich Village,Tier 5: Ultra Niche / Insider Knowledge
693,MN,1361,118,23 Beekman Place,1013610118,Paul Rudolph Penthouse & Apartments,LP-02390,"Borough of Manhattan Tax Map Block 1361, Lot 118",Designated,,11/16/2010,Individual Landmark,,106,4,40.7533544,-73.9644733,1008603,MN0604,242.8508192,2142.238627,Residential,Harlem,Tier 5: Ultra Niche / Insider Knowledge
691,MN,1413,124,159 East 78th Street,1014130124,159 East 78th Street House,LP-00422,"Borough of Manhattan Tax Map Block 1416, Lot 124.",Designated,,4/18/1968,Individual Landmark,,108,4,40.774251,-73.958754,1014000,MN0802,248.3163943,1983.693325,Residential,Tribeca,Tier 5: Ultra Niche / Insider Knowledge
690,MN,1727,62,50 West 130th Street,1017270062,50 West 130th Street House,LP-01158,"Borough of Manhattan, Tax Map Block 1727, Lot 62.",Designated,part of Astor Row,8/11/1981,Individual Landmark,,110,9,40.8103206,-73.942295,1020800,MN1002,251.2978417,2481.32095,Residential,Hell's Kitchen,Tier 5: Ultra Niche / Insider Knowledge
689,MN,1901,1,"1923-1937 Adam Clayton Powell, Jr. Boulevard",1019010001,Graham Court Apartments,LP-01254,"Borough of Manhattan, Tax Map Block 1901, Lot 1.",Designated,,10/16/1984,Individual Landmark,,110,9,40.8033616,-73.9517538,1021800,MN1001,767.8609749,36507.77081,Residential,Upper East Side,Tier 5: Ultra Niche / Insider Knowledge
688,MN,1491,27,59 East 79th Street,1014910027,John H. and Caroline Iselin House,LP-01072,"Borough of Manhattan Tax Map Block 1471, Lot 27.",Designated,also known as the 59 East 79th Street House,5/19/1981,Individual Landmark,,108,4,40.7762885,-73.9613415,1014200,MN0802,278.4232603,3125.618006,Residential,Harlem,Tier 5: Ultra Niche / Insider Knowledge
687,MN,1727,51,28 West 130th Street,1017270051,28 West 130th Street House,LP-01147,"Borough of Manhattan, Tax Map Block 1727, Lot 51.",Designated,part of Astor Row,8/11/1981,Individual Landmark,,110,9,40.8099552,-73.9414284,1020800,MN1002,252.3771182,2535.893626,Residential,Greenwich Village,Tier 5: Ultra Niche / Insider Knowledge
685,MN,1502,20,1261 Madison Avenue,1015020020,1261 Madison Avenue Apartments,LP-00865,"Borough of Manhattan Tax Map Block 1502, Lot 20.",Designated,,7/23/1974,Individual Landmark,,108,4,40.7835082,-73.9565925,1015002,MN0802,326.0046881,6269.84328,Residential,Tribeca,Tier 5: Ultra Niche / Insider Knowledge
684,MN,1727,52,30 West 130th Street,1017270052,30 West 130th Street House,LP-01148,"Borough of Manhattan, Tax Map Block 1727, Lot 52.",Designated,part of Astor Row,8/11/1981,Individual Landmark,,110,9,40.8099881,-73.9415042,1020800,MN1002,247.4547348,2287.048748,Residential,Tribeca,Tier 5: Ultra Niche / Insider Knowledge
683,MN,1345,47,312 East 53rd Street,1013450047,312 East 53rd Street House,LP-00582,"Borough of Manhattan Tax Map Block 1345, Lot 47.",Designated,,6/12/1968,Individual Landmark,,106,4,40.7563029,-73.9666771,1009800,MN0604,235.8990667,1669.655445,Residential,Hell's Kitchen,Tier 5: Ultra Niche / Insider Knowledge
681,MN,1505,30,67 East 93rd Street,1015050030,67 East 93rd Street House,LP-00867,"Borough of Manhattan Tax Map Block 1505, Lot 30.",Designated,,7/23/1974,Individual Landmark,,108,5,40.7850993,-73.9545187,1016001,MN0802,252.9247905,2342.720331,Residential,Tribeca,Tier 5: Ultra Niche / Insider Knowledge
680,MN,1408,29,173 East 73rd Street,1014080029,173 East 73rd Street Carriage House,LP-01063,"Borough of Manhattan Tax Map Block 1408, Lot 29.",Designated,,5/13/1980,Individual Landmark,,108,4,40.7709305,-73.9607092,1012800,MN0802,250.9569552,2095.654557,Residential,Tribeca,Tier 5: Ultra Niche / Insider Knowledge
679,MN,1893,7501,301 West 108th Street and 300 West 109th Street,1018937501,Manhasset Apartments,LP-01947,"Borough of Manhattan Tax Map Block 1893, Lots 1001 and 1002",Designated,,9/17/1996,Individual Landmark,,107,7,40.8034139,-73.9677696,1019500,MN0703,626.4407332,21819.13459,Residential,Tribeca,Tier 5: Ultra Niche / Insider Knowledge
678,MN,1336,40,310 East 44th Street,1013360040,Beaux-Arts Apartments,LP-01669,"Borough of Manhattan Tax Map Block 1336, Lot 40.",Designated,,7/11/1989,Individual Landmark,,106,4,40.7505537,-73.9704841,1008800,MN0603,546.7395466,17223.06715,Residential,Tribeca,Tier 5: Ultra Niche / Insider Knowledge
676,MN,1195,29,211 Central Park West,1011950029,Beresford Apartments,LP-01520,"Borough of Manhattan, Tax Map Block 1195, Lot 29.",Designated,,9/15/1987,Individual Landmark,,107,6,40.782577,-73.9719251,1016500,MN0702,824.7334907,41919.91837,Residential,Harlem,Tier 5: Ultra Niche / Insider Knowledge
675,MN,1507,9,7 East 95th Street,1015070009,Ernesto and Edith Fabri House,LP-00869,"Borough of Manhattan Tax Map Block 1507, Lot 9.",Designated,now the House of the Redeemer,7/23/1974,Individual Landmark,,108,8,40.7870566,-73.9552829,1016001,MN0802,339.925337,6743.252241,Residential,Hell's Kitchen,Tier 5: Ultra Niche / Insider Knowledge
673,MN,1387,9,9 East 72nd Street,1013870009,Henry T. and Jessie Sloane House,LP-00937,"Borough of Manhattan Tax Map Block 1387, Lot 9.",Designated,,1/11/1977,Individual Landmark,,108,4,40.7723485,-73.9660372,1013000,MN0802,323.9210665,5937.954293,Residential,Harlem,Tier 5: Ultra Niche / Insider Knowledge
671,MN,893,57,152 East 38th Street,1008930057,152 East 38th Street House,LP-00579,"Borough of Manhattan Tax Map Block 893, Lot 57.",Designated,,5/25/1967,Individual Landmark,,106,4,40.7483402,-73.9772051,1008000,MN0603,308.1539809,2978.049475,Residential,Tribeca,Tier 5: Ultra Niche / Insider Knowledge
670,MN,1727,54,34 West 130th Street,1017270054,34 West 130th Street House,LP-01150,"Borough of Manhattan, Tax Map Block 1727, Lot 54",Designated,part of Astor Row,8/11/1981,Individual Landmark,,110,9,40.8100541,-73.9416631,1020800,MN1002,250.1226394,2421.928513,Residential,Greenwich Village,Tier 5: Ultra Niche / Insider Knowledge
669,MN,2109,106,West 160th Street at Edgecombe Drive,1021090106,"Roger and Mary Philipse Morris House, Mount Morris",LP-00308,"Borough of Manhattan Tax Map Block 2109, Lot 106",Designated,also known as the Morris-Jumel Mansion,7/12/1967,Individual Landmark,,112,10,40.8344969,-73.9384796,1024301,MN1201,1070.710928,67999.72662,Residential,Harlem,Tier 3: Local Favorite / Regional Gem
668,MN,1504,45,60 East 93rd Street,1015040045,Virginia Graham Fair Vanderbilt House,LP-00436,"Borough of Manhattan Tax Map Block 1504, Lot 45.",Designated,,6/12/1968,Individual Landmark,,108,5,40.7848113,-73.95501,1016001,MN0802,319.8508493,5838.081164,Residential,Hell's Kitchen,Tier 5: Ultra Niche / Insider Knowledge
665,MN,1270,60,46 West 55th Street,1012700060,Joseph B. and Josephine H. Bissell House,LP-02340,"Borough of Manhattan Tax Map Block 1270, Lot 60",Designated,,3/23/2010,Individual Landmark,,105,4,40.7622917,-73.9769621,1010400,MN0502,261.1274527,2273.625927,Residential,Hell's Kitchen,Tier 5: Ultra Niche / Insider Knowledge
664,MN,1873,61,858 West End Avenue,1018730061,858 West End Avenue House,LP-01621,"Borough of Manhattan Tax Map Block 1873, Lot 61.",Designated,,8/14/1990,Individual Landmark,,107,7,40.7988775,-73.970217,1018700,MN0703,188.6867664,1420.472605,Residential,Greenwich Village,Tier 5: Ultra Niche / Insider Knowledge
663,MN,1602,12,15 East 96th Street,1016020012,Lucy Dahlgren House,LP-01267,"Borough of Manhattan Tax Map Block 1504, Lot 12.",Designated,later the Pierre Cartier House,6/19/1984,Individual Landmark,,111,8,40.7877013,-73.954553,1016002,MN1101,284.4542191,3945.355714,Residential,Upper East Side,Tier 5: Ultra Niche / Insider Knowledge
661,MN,1124,27,115 Central Park West,1011240027,Majestic Apartments,LP-01518,"Borough of Manhattan Tax Map Block 1124, Lot 27.",Designated,,3/8/1988,Individual Landmark,,107,6,40.776062,-73.9766865,1015700,MN0701,887.4535383,45152.41015,Residential,Tribeca,Tier 5: Ultra Niche / Insider Knowledge
659,MN,1517,48,152 East 89th Street,1015170048,152 East 89th Street House,LP-01007,"Borough of Manhattan Tax Map Block 1517, Lot 48.",Designated,,3/13/1979,Individual Landmark,,108,5,40.7809984,-73.9537415,1014802,MN0802,234.814414,1268.926345,Residential,Hell's Kitchen,Tier 5: Ultra Niche / Insider Knowledge
658,MN,1270,25,15 West 54th Street,1012700025,15 West 54th Street House,LP-01105,"Borough of Manhattan, Tax Map Block 1270, Lot 25.",Designated,,2/3/1981,Individual Landmark,,105,4,40.7617042,-73.976392,1010400,MN0502,270.8693317,2798.749716,Residential,Upper East Side,Tier 5: Ultra Niche / Insider Knowledge
657,MN,1381,7502,45 East 66th Street,1013817502,45 East 66th Street Apartments,LP-00963,"Borough of Manhattan Tax Map Block 1381, Lot 22.",Designated,,11/15/1977,Individual Landmark,,108,4,40.7680398,-73.9678012,1012200,MN0802,415.0948521,10768.70191,Residential,Upper East Side,Tier 5: Ultra Niche / Insider Knowledge
656,MN,2085,32,540 West 155th Street,1020850032,Vicarage of the Chapel of the Intercession,LP-00307,"Borough of Manhattan Tax Map Block 2085, Lot 32.",Designated,,8/16/1966,Individual Landmark,,109,7,40.8320463,-73.9447985,1023700,MN0903,264.18369,4178.883344,Religious,Hell's Kitchen,Tier 4: Neighborhood Staple
654,MN,1727,41,8 West 130th Street,1017270041,8 West 130th Street House,LP-01137,"Borough of Manhattan, Tax Map Block 1727, Lot 41.",Designated,part of Astor Row,8/11/1981,Individual Landmark,,110,9,40.8096199,-73.9406376,1020800,MN1002,253.0978591,2572.322302,Residential,Tribeca,Tier 5: Ultra Niche / Insider Knowledge
652,MN,1413,25,161 East 78th Street,1014130025,161 East 78th Street House,LP-00423,"Borough of Manhattan Tax Map Block 1413, Lot 25.",Designated,,4/18/1968,Individual Landmark,,108,4,40.774229,-73.9586962,1014000,MN0802,245.6160259,1845.135302,Residential,Hell's Kitchen,Tier 5: Ultra Niche / Insider Knowledge
650,MN,1309,65,116-118 East 55th Street,1013090065,"William and Helen Ziegler, Jr. House",LP-02084,"Borough of Manhattan Tax Map Block 1309, Lot 65.",Designated,,5/1/2001,Individual Landmark,,105,4,40.7597844,-73.9710322,1010000,MN0604,284.0659439,3919.875253,Residential,Upper East Side,Tier 5: Ultra Niche / Insider Knowledge
646,MN,1234,19,201-225 West 86th Street,1012340019,Belnord Apartments,LP-00289,"Borough of Manhattan Tax Map Block 1234, Lot 19.",Designated,,9/20/1966,Individual Landmark,,107,6,40.7883362,-73.9754436,1017500,MN0702,1121.489027,74033.53416,Residential,Harlem,Tier 5: Ultra Niche / Insider Knowledge
645,MN,1727,47,20 West 130th Street,1017270047,20 West 130th Street House,LP-01143,"Borough of Manhattan, Tax Map Block 1727, Lot 47.",Designated,part of Astor Row,8/11/1981,Individual Landmark,,110,9,40.8098205,-73.941107,1020800,MN1002,253.0850218,2571.672966,Residential,Tribeca,Tier 5: Ultra Niche / Insider Knowledge
644,MN,1272,25,17 West 56th Street,1012720025,Edith Andrews Logan Residence,LP-02329,"Borough of Manhattan Tax Map Block 1272, Lot 25.",Designated,,10/6/2009,Individual Landmark,,105,4,40.7629611,-73.975471,1011201,MN0502,247.4578293,2312.253763,Residential,Harlem,Tier 5: Ultra Niche / Insider Knowledge
642,MN,1727,42,10 West 130th Street,1017270042,10 West 130th Street House,LP-01138,"Borough of Manhattan, Tax Map Block 1727, Lot 42.",Designated,part of Astor Row,8/11/1981,Individual Landmark,,110,9,40.8096529,-73.9407134,1020800,MN1002,250.7967233,2455.986679,Residential,Harlem,Tier 5: Ultra Niche / Insider Knowledge
641,MN,1508,61,130 East 80th Street,1015080061,Vincent and Helen Astor House,LP-00442,"Borough of Manhattan Tax Map Block 1508, Lot 61.",Designated,now the Junior League of the City of New York,4/12/1967,Individual Landmark,,108,4,40.7756701,-73.9590636,1014000,MN0802,283.2583812,3806.121277,Residential,Harlem,Tier 5: Ultra Niche / Insider Knowledge
640,MN,1727,48,22 West 130th Street,1017270048,22 West 130th Street House,LP-01144,"Borough of Manhattan, Tax Map Block 1727, Lot 48.",Designated,part of Astor Row,8/11/1981,Individual Landmark,,110,9,40.8098535,-73.9411901,1020800,MN1002,254.5644463,2646.484407,Residential,Harlem,Tier 5: Ultra Niche / Insider Knowledge
639,MN,1408,25,163 East 73rd Street,1014080025,163 East 73rd Street Carriage House,LP-01059,"Borough of Manhattan Tax Map Block 1408, Lot 25.",Designated,,5/13/1980,Individual Landmark,,108,4,40.7710541,-73.9610015,1012800,MN0802,260.4975379,2609.150631,Residential,Harlem,Tier 5: Ultra Niche / Insider Knowledge
637,MN,1505,33,75 East 93rd Street,1015050033,"George F. Baker, Jr. House",LP-00438,"Borough of Manhattan Tax Map Block 1505, Lot 33.",Designated,now the Russian Orthodox Church Outside of Russia,1/14/1969,Individual Landmark,,108,5,40.7849757,-73.954219,1016001,MN0802,440.1336191,12069.95311,Residential,Hell's Kitchen,Tier 5: Ultra Niche / Insider Knowledge
636,MN,1727,56,38 West 130th Street,1017270056,38 West 130th Street House,LP-01152,"Borough of Manhattan, Tax Map Block 1727, Lot 56.",Designated,part of Astor Row,8/11/1981,Individual Landmark,,110,9,40.81012,-73.941822,1020800,MN1002,252.4463281,2539.395587,Residential,Greenwich Village,Tier 5: Ultra Niche / Insider Knowledge
635,MN,1383,36,686 Park Avenue,1013830036,William Frances Crocker Sloane House,LP-00706,"Borough of Manhattan Tax Map Block 1383, Lot 36.",Designated,now the Italian Cultural Institute,11/10/1970,Individual Landmark,,108,4,40.7689916,-73.9658332,1012200,MN0802,283.4168899,3537.987429,Residential,Greenwich Village,Tier 5: Ultra Niche / Insider Knowledge
634,MN,1407,41,182 East 73rd Street,1014070041,182 East 73rd Street Carriage House,LP-01071,"Borough of Manhattan Tax Map Block 1407, Lot 41.",Designated,,5/13/1980,Individual Landmark,,108,4,40.7704529,-73.9607564,1012800,MN0802,267.0360236,2895.06966,Residential,Greenwich Village,Tier 5: Ultra Niche / Insider Knowledge
633,MN,1407,42,180 East 73rd Street,1014070042,180 East 73rd Street Carriage House,LP-01070,"Borough of Manhattan Tax Map Block 1407, Lot 42.",Designated,,5/13/1980,Individual Landmark,,108,4,40.7704887,-73.9608394,1012800,MN0802,260.4100035,2542.984523,Residential,Greenwich Village,Tier 5: Ultra Niche / Insider Knowledge
632,MN,1502,110,11 East 90th Street,1015020110,Grafton W. and Anne Minot House,LP-00862,"Borough of Manhattan Tax Map Block 1502, Lot 110.",Designated,also known as the 11 East 90th Street House,7/23/1974,Individual Landmark,,108,4,40.7838928,-73.957495,1015002,MN0802,258.618242,2627.445629,Residential,Greenwich Village,Tier 5: Ultra Niche / Insider Knowledge
630,MN,1502,11,15 East 90th Street,1015020011,Emily Trevor House,LP-00863,"Borough of Manhattan Tax Map Block 1502, Lot 11.",Designated,also known as the 15 East 90th Street House,7/23/1974,Individual Landmark,,108,4,40.7838598,-73.9574155,1015002,MN0802,259.4015758,2668.214355,Residential,Harlem,Tier 5: Ultra Niche / Insider Knowledge
628,MN,1289,67,4 East 54th Street,1012890067,William H. and Ada S. Moore House,LP-00273,"Borough of Manhattan Tax Map Block 1289, Lot 67.",Designated,,1/11/1967,Individual Landmark,,105,4,40.7605923,-73.9749087,1010200,MN0502,286.2821002,3981.932072,Residential,Upper East Side,Tier 5: Ultra Niche / Insider Knowledge
627,MN,1855,50,891 Amsterdam Avenue,1018550050,Association Residence for Respectable Aged Indigent Females,LP-01280,"Borough of Manhattan Tax Map Block 1855, Lot 50.",Designated,now a branch of Hostellng International-USA,4/12/1983,Individual Landmark,,107,7,40.7986212,-73.9664428,1018900,MN0703,770.4404216,36994.31168,Residential,Hell's Kitchen,Tier 5: Ultra Niche / Insider Knowledge
626,MN,1727,46,18 West 130th Street,1017270046,18 West 130th Street House,LP-01142,Too long,Designated,part of Astor Row,8/11/1981,Individual Landmark,,110,9,40.8097875,-73.9410276,1020800,MN1002,251.0548308,2469.051262,Residential,Hell's Kitchen,Tier 5: Ultra Niche / Insider Knowledge
625,MN,1491,28,63 East 79th Street,1014910028,Thatcher and Frances Adams House,LP-01073,"Borough of Manhattan, Tax Map Block 1491, Lot 28.",Designated,also known as the 63 East 79th Street House,5/19/1981,Individual Landmark,,108,4,40.7762527,-73.9612548,1014200,MN0802,275.5099721,2963.839657,Residential,Harlem,Tier 5: Ultra Niche / Insider Knowledge
623,MN,1727,61,48 West 130th Street,1017270061,48 West 130th Street House,LP-01157,"Borough of Manhattan, Tax Map Block 1727, Lot 61.",Designated,part of Astor Row,8/11/1981,Individual Landmark,,110,9,40.8102877,-73.9422156,1020800,MN1002,253.5105817,2593.20072,Residential,Harlem,Tier 5: Ultra Niche / Insider Knowledge
621,MN,1398,27,153 East 63rd Street,1013980027,Cyril and Barbara Rutherford Hatch Residence,LP-00943,"Borough of Manhattan Tax Map Block 1398, Lot 27.",Designated,,1/11/1977,Individual Landmark,,108,4,40.7646246,-73.9655214,1012000,MN0802,271.2263106,3298.664467,Residential,Harlem,Tier 5: Ultra Niche / Insider Knowledge
620,MN,2085,20,Broadway at West 155th Street,1020850020,Chapel of the Intercession,LP-00306,"Borough of Manhattan Tax Map Block 2085, Lot 20.",Designated,now the Church of the Intercession Complex,8/16/1966,Individual Landmark,,109,7,40.8321646,-73.9453477,1023700,MN0903,959.2958579,44423.07555,Religious,Greenwich Village,Tier 4: Neighborhood Staple
619,MN,1385,15,19 East 70th Street,1013850015,Dave Hennen and Alice Morris House,LP-00849,"Borough of Manhattan Tax Map Block 1385, Lot 15.",Designated,now Knoedler & Company,7/23/1974,Individual Landmark,,108,4,40.7707924,-73.9665615,1013000,MN0802,268.4445478,3160.391538,Residential,Upper East Side,Tier 5: Ultra Niche / Insider Knowledge
617,MN,1727,50,26 West 130th Street,1017270050,26 West 130th Street House,LP-01146,"Borough of Manhattan, Tax Map Block 1727, Lot 50.",Designated,part of Astor Row,8/11/1981,Individual Landmark,,110,9,40.8099222,-73.9413489,1020800,MN1002,253.3465635,2584.90302,Residential,Upper East Side,Tier 5: Ultra Niche / Insider Knowledge
615,MN,2241,35,Broadway at West 204th Street,1022410035,Dyckman House,LP-00309,"Borough of Manhattan Tax Map Block 2241, Lot 35.",Designated,now the Dyckman Farmhouse Musem,7/12/1967,Individual Landmark,,112,10,40.8674569,-73.9228662,1029500,MN1203,651.2935244,23710.61257,Residential,Upper East Side,Tier 2: National Draw
613,MN,569,4,47 Fifth Avenue,1005690004,Irad Hawley House,LP-00009,"Borough of Manhattan Tax Map Block 569, Lot 4",Designated,now the Salmagundi Club,9/9/1969,Individual Landmark,,102,2,40.7342508,-73.994454,1006100,MN0202,343.4605487,5092.766913,Residential,Upper East Side,Tier 5: Ultra Niche / Insider Knowledge
612,MN,162,53,18 Bowery,1001620053,Edward Mooney House,LP-00084,"Borough of Manhattan Tax Map Block 162, Lot 53.",Designated,,8/23/1966,Individual Landmark,,103,1,40.7146341,-73.9975038,1002902,MN0301,261.874212,2765.679879,Residential,Tribeca,Tier 5: Ultra Niche / Insider Knowledge
606,MN,1245,44,107-109 Riverside Drive,1012450044,107-109 Riverside Drive House,LP-01675,"Borough of Manhattan Tax Map Block 1245, Lot 44.",Designated,,4/16/1991,Individual Landmark,,107,6,40.7874837,-73.9809618,1017100,MN0702,177.8723726,1496.234986,Residential,Tribeca,Tier 5: Ultra Niche / Insider Knowledge
602,MN,405,39,545-547 East 11th Street,1004050039,Eleventh Street Methodist Episcopal Chapel,LP-02398,"Borough of Borough Tax Map Block 405, Lot 39.",Designated,"later People's Home Church and Settlement, now the Father's Heart Church",9/14/2010,Individual Landmark,,103,2,40.7278456,-73.9797738,1003400,MN0303,293.4327336,4314.873937,Religious,Tribeca,Tier 4: Neighborhood Staple
598,MN,1170,7502,2201-2219 Broadway,1011707502,Apthorp Apartments,LP-00288,"Borough of Manhattan Tax Map Block 1170, Lot 1.",Designated,,9/9/1969,Individual Landmark,,107,6,40.7837453,-73.9808834,1016700,MN0702,932.311764,53878.92394,Residential,Hell's Kitchen,Tier 5: Ultra Niche / Insider Knowledge
596,MN,544,67,37 East 4th Street,1005440067,Samuel Treadwell Skidmore House,LP-00646,"Borough of Manhattan Tax Map Block 544, Lot 67.",Designated,,8/18/1970,Individual Landmark,,102,2,40.727537,-73.9920192,1005700,MN0202,224.7104484,2370.485226,Residential,Hell's Kitchen,Tier 5: Ultra Niche / Insider Knowledge
595,MN,722,13,443-445 West 24th Street,1007220013,443-445 West 24th Street House,LP-00682,"Borough of Manhattan Tax Map Block 722, Lot 13.",Designated,,9/15/1970,Individual Landmark,,104,3,40.7481201,-74.0025516,1009300,MN0401,290.7535386,4373.919458,Residential,Greenwich Village,Tier 5: Ultra Niche / Insider Knowledge
592,MN,1115,7501,25 Central Park West,1011157501,Century Apartments,LP-01517,"Borough of Manhattan Tax Map Block 1115, Lot 29.",Designated,,7/9/1985,Individual Landmark,,107,6,40.7704416,-73.9808764,1014900,MN0701,925.3810392,53006.75962,Residential,Greenwich Village,Tier 5: Ultra Niche / Insider Knowledge
590,MN,1351,5,311 East 58th Street,1013510005,311 East 58th Street House,LP-00583,"Borough of Manhattan Tax Map Block 1351, Lot 5.",Designated,,5/25/1967,Individual Landmark,,106,5,40.7599554,-73.9641521,1010802,MN0604,254.4465458,2516.713591,Residential,Tribeca,Tier 5: Ultra Niche / Insider Knowledge
588,MN,489,15,85 Sullivan Street,1004890015,85 Sullivan Street House,LP-00644,"Borough of Manhattan Tax Map Block 489, Lot 15.",Designated,,5/15/1973,Individual Landmark,,102,1,40.7248007,-74.0034346,1004700,MN0201,255.614621,2489.309394,Residential,Upper East Side,Tier 5: Ultra Niche / Insider Knowledge
587,MN,1927,33,"2034-2040 Adam Clayton Powell, Jr. Boulevard",1019270033,Washington Apartments,LP-01842,"Borough of Manhattan Tax Map Block 1927, Lot 33.",Designated,,1/5/1993,Individual Landmark,,110,9,40.8070115,-73.9502629,1022000,MN1001,413.4344289,10682.51248,Residential,Greenwich Village,Tier 5: Ultra Niche / Insider Knowledge
585,MN,1727,55,36 West 130th Street,1017270055,36 West 130th Street House,LP-01151,"Borough of Manhattan, Tax Map Block 1727, Lot 55.",Designated,part of Astor Row,8/11/1981,Individual Landmark,,110,9,40.8100871,-73.9417425,1020800,MN1002,253.956985,2615.763358,Residential,Hell's Kitchen,Tier 5: Ultra Niche / Insider Knowledge
584,MN,722,16,439 West 24th Street,1007220016,439 West 24th Street House,LP-00680,"Borough of Manhattan Tax Map Block 722, Lot 16.",Designated,,9/15/1970,Individual Landmark,,104,3,40.7480488,-74.0023856,1009300,MN0401,251.3689507,2344.609599,Residential,Upper East Side,Tier 5: Ultra Niche / Insider Knowledge
582,MN,1390,1,1 East 75th Street,1013900001,Edward S. and Mary Stillman Harkness House,LP-00415,"Borough of Manhattan Tax Map Block 1390, Lot 1.",Designated,now the Commonwealth Fund,1/24/1967,Individual Landmark,,108,4,40.7743876,-73.9652275,1013000,MN0802,328.3247181,4817.905313,Residential,Harlem,Tier 5: Ultra Niche / Insider Knowledge
581,MN,90,14,3-9 Beekman Street,1000900014,Temple Court Building and Annex,LP-01967,"Borough of Manhattan Tax Map Block 90, Lot 14.",Designated,,2/10/1998,Individual Landmark,,101,1,40.7111453,-74.0069616,1001501,MN0101,513.7110803,15924.11591,Religious,Greenwich Village,Tier 4: Neighborhood Staple
580,MN,1493,69,1009 Fifth Avenue,1014930069,1009 Fifth Avenue House,LP-00805,"Borough of Manhattan Tax Map Block 1493, Lot 69.",Designated,also known as the Benjamin N. and Sarah Duke House,2/19/1974,Individual Landmark,,108,4,40.7787205,-73.9620803,1014200,MN0802,270.2722595,3145.036798,Residential,Tribeca,Tier 5: Ultra Niche / Insider Knowledge
579,MN,1962,35,432-434 West 119th Street,1019620035,"Croton Aqueduct, West 119th Street Gatehouse",LP-02051,"Borough of Manhattan Tax Map Block 1962, Lot 35.",Designated,,3/28/2000,Individual Landmark,,109,7,40.8084369,-73.9595817,1020701,MN0901,364.0380055,6857.567538,Residential,Tribeca,Tier 5: Ultra Niche / Insider Knowledge
578,MN,1873,62,856 West End Avenue,1018730062,856 West End Avenue House,LP-01620,"Borough of Manhattan Tax Map Block 1873, Lot 62.",Designated,,8/14/1990,Individual Landmark,,107,7,40.7988336,-73.9702495,1018700,MN0703,185.9768588,1318.121108,Residential,Harlem,Tier 5: Ultra Niche / Insider Knowledge
576,MN,1517,149,146 East 89th Street,1015170149,146 East 89th Street House,LP-01004,"Borough of Manhattan Tax Map Block 1517, Lot 149.",Designated,,3/13/1979,Individual Landmark,,108,5,40.7810533,-73.9538751,1014802,MN0802,254.2475024,2315.728576,Residential,Hell's Kitchen,Tier 5: Ultra Niche / Insider Knowledge
573,MN,1125,25,1 West 72nd Street,1011250025,Dakota Apartments,LP-00280,"Borough of Manhattan Tax Map Block 1125, Lot 25.",Designated,,2/11/1969,Individual Landmark,,107,6,40.7767728,-73.9761519,1015700,MN0701,835.212939,43598.16919,Residential,Hell's Kitchen,Tier 2: National Draw
572,MN,1727,57,40 West 130th Street,1017270057,40 West 130th Street House,LP-01153,"Borough of Manhattan, Tax Map Block 1727, Lot 57.",Designated,part of Astor Row,8/11/1981,Individual Landmark,,110,9,40.8101558,-73.9419014,1020800,MN1002,253.4195086,2588.596761,Residential,Tribeca,Tier 5: Ultra Niche / Insider Knowledge
570,MN,1727,66,58 West 130th Street,1017270066,58 West 130th Street House,LP-01162,"Borough of Manhattan, Tax Map Block 1727, Lot 66.",Designated,part of Astor Row,8/11/1981,Individual Landmark,,110,9,40.8104525,-73.9426128,1020800,MN1002,252.7494976,2554.710063,Residential,Greenwich Village,Tier 5: Ultra Niche / Insider Knowledge
569,MN,1393,72,972 Fifth Avenue,1013930072,Payne and Helen Hay Whitney House,LP-00737,"Borough of Manhattan Tax Map Block 1393, Lot 72.",Designated,"now the Office of Cultural Services, Embassy of France",9/15/1970,Individual Landmark,,108,4,40.7765582,-73.9636629,1014200,MN0802,310.6420949,4988.349138,Residential,Hell's Kitchen,Tier 5: Ultra Niche / Insider Knowledge
568,MN,1127,29,145-146 Central Park West,1011270029,San Remo Apartments,LP-01519,"Borough of Manhattan Tax Map Block 1127, Lot 29.",Designated,,3/31/1987,Individual Landmark,,107,6,40.7780077,-73.9751874,1016100,MN0702,777.7906925,34459.62833,Residential,Tribeca,Tier 5: Ultra Niche / Insider Knowledge
566,MN,1383,35,684 Park Avenue,1013830035,Oliver D. and Mary Pyne Filley House,LP-00705,"Borough of Manhattan Tax Map Block 1383, Lot 35.",Designated,now the Spanish Institute,11/10/1970,Individual Landmark,,108,4,40.768923,-73.9659018,1012200,MN0802,263.2822782,2830.112346,Residential,Hell's Kitchen,Tier 5: Ultra Niche / Insider Knowledge
564,MN,1513,69,100 East 85th Street,1015130069,Lewis Gouverneur and Nathalie Bailey Morris House,LP-00654,"Borough of Manhattan Tax Map Block 1513, Lot 69.",Designated,,4/19/1973,Individual Landmark,,108,4,40.7792486,-73.9574257,1014801,MN0802,218.4361338,2163.679762,Residential,Tribeca,Tier 5: Ultra Niche / Insider Knowledge
563,MN,1270,29,7 West 54th Street,1012700029,Philip and Carrie Lehman House,LP-01102,"Borough of Manhattan, Tax Map Block 1270, Lot 29.",Designated,also known as the 7 West 54th Street House,2/3/1981,Individual Landmark,,105,4,40.7615697,-73.9760743,1010400,MN0502,265.8055995,2520.269008,Residential,Upper East Side,Tier 5: Ultra Niche / Insider Knowledge
560,MN,1432,142,212 East 78th Street,1014320142,212 East 78th Street House,LP-00983,"Borough of Manhattan Tax Map Block 1432, Lot 142.",Designated,,5/9/1978,Individual Landmark,,108,5,40.7731388,-73.957296,1013400,MN0801,236.7023472,1375.12938,Residential,Greenwich Village,Tier 5: Ultra Niche / Insider Knowledge
559,MN,1286,53,457 Madison Avenue,1012860053,Villard Houses,LP-00270,"Borough of Manhattan Tax Map Block 1286, Lot 52 in part, consisting of the land on which the described building is situated and that part of the Courtyard owned by the owner of 457 Madison Avenue.",Designated,now the New York Palace Hotel,9/30/1968,Individual Landmark,,105,4,40.7582483,-73.9749999,1010200,MN0502,275.5514394,4679.587915,Residential,Upper East Side,Tier 5: Ultra Niche / Insider Knowledge
555,MN,1270,30,5 West 54th Street,1012700030,Moses Allen and Alice Dunning Starr House,LP-01101,"Borough of Manhattan, Tax Map Block 1270, Lot 30.",Designated,"now Petrola House, also known as the 5 West 54th Street House",2/3/1981,Individual Landmark,,105,4,40.7615367,-73.9759985,1010400,MN0502,273.2759726,2931.114597,Residential,Hell's Kitchen,Tier 5: Ultra Niche / Insider Knowledge
554,MN,1514,3,1025 Park Avenue,1015140003,Reginald and Anna DeKoven House,LP-01505,"Borough of Manhattan Tax Map Block 1514, Lot 3.",Designated,,10/7/1986,Individual Landmark,,108,4,40.7795752,-73.9571366,1014801,MN0802,337.8444241,6539.734066,Residential,Hell's Kitchen,Tier 5: Ultra Niche / Insider Knowledge
553,MN,1381,72,854 Fifth Avenue,1013810072,R. Livingston and Eleanor T. Beeckman House,LP-00587,"Borough of Manhattan Tax Map Block 1381, Lot 72.",Designated,now the Permanent Mission of Serbia and Mentenegro to the United Nationas,1/14/1969,Individual Landmark,,108,4,40.7688471,-73.9692268,1012200,MN0802,301.5805653,3654.668364,Residential,Hell's Kitchen,Tier 5: Ultra Niche / Insider Knowledge
551,MN,1386,52,867 Madison Avenue,1013860052,Gertrude Rhinelander Waldo House,LP-00927,"Borough of Manhattan Tax Map Block 1386, Lot 52.",Designated,now the Polo/Ralph Lauren Store,7/13/1976,Individual Landmark,,108,4,40.7714563,-73.9654239,1013000,MN0802,336.7957932,5067.069317,Residential,Hell's Kitchen,Tier 5: Ultra Niche / Insider Knowledge
549,MN,1432,42,214 East 78th Street,1014320042,214 East 78th Street House,LP-00984,"Borough of Manhattan Tax Map Block 1432, Lot 42.",Designated,,5/9/1978,Individual Landmark,,108,5,40.7731223,-73.9572527,1013400,MN0801,237.2960804,1407.946389,Residential,Greenwich Village,Tier 5: Ultra Niche / Insider Knowledge
547,MN,1873,160,254 West 102nd Street,1018730160,254 West 102nd Street House,LP-01622,"Borough of Manhattan Tax Map Block 1873, Lot 160.",Designated,,8/14/1990,Individual Landmark,,107,7,40.7987649,-73.970087,1018700,MN0703,165.6069805,1534.472729,Residential,Harlem,Tier 5: Ultra Niche / Insider Knowledge
546,MN,1504,47,56 East 93rd Street,1015040047,William Goadby and Florence Baker House,LP-00437,"Borough of Manhattan Tax Map Block 1504, Lot 47.",Designated,now the Spence School,3/14/1972,Individual Landmark,,108,5,40.784902,-73.955223,1016001,MN0802,366.9717561,8277.546942,Residential,Harlem,Tier 5: Ultra Niche / Insider Knowledge
545,MN,1502,12,17 East 90th Street,1015020012,17 East 90th Street House,LP-00864,"Borough of Manhattan Tax Map Block 1502, Lot 12.",Designated,,7/23/1974,Individual Landmark,,108,4,40.7838241,-73.9573289,1015002,MN0802,264.9803419,2958.464909,Residential,Upper East Side,Tier 5: Ultra Niche / Insider Knowledge
543,MN,2035,1,"West 149th to West 150th Street between Frederick Douglass and Adam Clayton Powell, Jr. Boulevards",1020350001,Dunbar Apartments,LP-00708,"Borough of Manhattan Tax Map Block 2035, Lot 1.",Designated,,7/14/1970,Individual Landmark,,110,9,40.825088,-73.9384197,1023400,MN1002,1932.816977,154062.1703,Residential,Upper East Side,Tier 5: Ultra Niche / Insider Knowledge
539,MN,1289,36,390 Park Avenue,1012890036,Lever House,LP-01277,"Borough of Manhattan Tax Map Block 1289, Lot 36.",Designated,,11/9/1982,Individual Landmark,,105,4,40.75959,-73.9728733,1010200,MN0502,799.3351724,36224.39903,Residential,Harlem,Tier 5: Ultra Niche / Insider Knowledge
538,MN,1508,63,124 East 80th Street,1015080063,Clarence and Anne Douglass Dillon House,LP-00443,"Borough of Manhattan Tax Map Block 1508, Lot 63.",Designated,also known as the 124 East 80th Street House,1/24/1967,Individual Landmark,,108,4,40.7757196,-73.9591791,1014000,MN0802,287.2288993,4015.728259,Residential,Greenwich Village,Tier 5: Ultra Niche / Insider Knowledge
536,MN,1408,31,177-179 East 73rd Street,1014080031,177-179 East 73rd Street Carriage House,LP-01065,"Borough of Manhattan Tax Map Block 1408, Lot 31.",Designated,,5/13/1980,Individual Landmark,,108,4,40.7708646,-73.960554,1012800,MN0802,293.2892452,4327.557812,Residential,Tribeca,Tier 5: Ultra Niche / Insider Knowledge
532,MN,1385,16,21 East 70th Street,1013850016,Gustav and Virginia Pagenstecher House,LP-00850,"Borough of Manhattan Tax Map Block 1385, Lot 16.",Designated,"also known as the 21 East 70th Street House, now Hirschl & Adler Galleries",7/23/1974,Individual Landmark,,108,4,40.7707567,-73.9664785,1013000,MN0802,251.2553013,2268.56593,Residential,Upper East Side,Tier 5: Ultra Niche / Insider Knowledge
531,MN,1727,64,54 West 130th Street,1017270064,54 West 130th Street House,LP-01160,"Borough of Manhattan, Tax Map Block 1727, Lot 64.",Designated,part of Astor Row,8/11/1981,Individual Landmark,,110,9,40.8103866,-73.9424539,1020800,MN1002,253.2625633,2580.677423,Residential,Greenwich Village,Tier 5: Ultra Niche / Insider Knowledge
530,MN,1408,26,165 East 73rd Street,1014080026,165 East 73rd Street Carriage House,LP-01060,"Borough of Manhattan Tax Map Block 1408, Lot 26.",Designated,,5/13/1980,Individual Landmark,,108,4,40.7710212,-73.9609257,1012800,MN0802,261.1091791,2638.871599,Residential,Hell's Kitchen,Tier 5: Ultra Niche / Insider Knowledge
529,MN,1727,49,24 West 130th Street,1017270049,24 West 130th Street House,LP-01145,"Borough of Manhattan, Tax Map Block 1727, Lot 49.",Designated,part of Astor Row,8/11/1981,Individual Landmark,,110,9,40.8098892,-73.9412695,1020800,MN1002,251.2395164,2478.390997,Residential,Greenwich Village,Tier 5: Ultra Niche / Insider Knowledge
528,MN,1432,41,218 East 78th Street,1014320041,218 East 78th Street House,LP-00986,"Borough of Manhattan Tax Map Block 1432, Lot 41.",Designated,,5/9/1978,Individual Landmark,,108,5,40.7730866,-73.9571697,1013400,MN0801,235.010438,1290.7978,Residential,Harlem,Tier 5: Ultra Niche / Insider Knowledge
526,MN,1401,54,130-134 East 67th Street,1014010054,130-134 East 67th Street Apartment House,LP-01057,"Borough of Manhattan Tax Map Block 1401, Lot 54.",Designated,,1/29/1980,Individual Landmark,,108,4,40.7668887,-73.9642928,1012000,MN0802,567.0840242,18895.71652,Residential,Hell's Kitchen,Tier 5: Ultra Niche / Insider Knowledge
523,MN,1727,63,52 West 130th Street,1017270063,52 West 130th Street House,LP-01159,"Borough of Manhattan, Tax Map Block 1727, Lot 63.",Designated,part of Astor Row,8/11/1981,Individual Landmark,,110,9,40.8103536,-73.9423745,1020800,MN1002,252.1983551,2526.849876,Residential,Tribeca,Tier 5: Ultra Niche / Insider Knowledge
521,MN,1407,47,166 East 73rd Street,1014070047,166 East 73rd Street Carriage House,LP-01229,"Borough of Manhattan, Tax Map Block 1407, Lot 47.",Designated,,5/12/1981,Individual Landmark,,108,4,40.7706645,-73.9612581,1012800,MN0802,298.6763705,4576.381066,Residential,Greenwich Village,Tier 5: Ultra Niche / Insider Knowledge
520,MN,1383,33,680 Park Avenue,1013830033,Percy and Maud H. Pyne House,LP-00704,"Borough of Manhattan Tax Map Block 1383, Lot 33.",Designated,now the Americas Society,11/10/1970,Individual Landmark,,108,4,40.7688242,-73.9659741,1012200,MN0802,320.7661868,5835.904354,Residential,Greenwich Village,Tier 5: Ultra Niche / Insider Knowledge
519,MN,2054,1,345 Edgecombe Avenue,1020540001,Nicholas C. and Agnes Benziger House,LP-02030,"Borough of Manhattan Tax Map Block 2054, Lot 1.",Designated,,1/12/1999,Individual Landmark,,109,9,40.8271016,-73.9416915,1023501,MN0903,398.9181821,9945.882431,Residential,Hell's Kitchen,Tier 5: Ultra Niche / Insider Knowledge
518,MN,1769,45,170 East 121st Street,1017690045,Harlem Courthouse,LP-00297,"Borough of Manhattan Tax Map Block 1769, Lot 45.",Designated,,8/2/1967,Individual Landmark,,111,8,40.8012117,-73.9384598,1019600,MN1102,404.0911626,10204.62016,Residential,Hell's Kitchen,Tier 5: Ultra Niche / Insider Knowledge
517,MN,2109,34,555 Edgecombe Avenue,1021090034,555 Edgecombe Avenue Apartments,LP-01862,"Borough of Manhattan Tax Map Block 2109, Lot 34",Designated,,6/15/1993,Individual Landmark,,112,10,40.8338302,-73.9390295,1024301,MN1201,484.0953396,14052.22476,Residential,Tribeca,Tier 5: Ultra Niche / Insider Knowledge
509,MN,1287,10,11 East 51st Street,1012870010,John Peirce Residence,LP-02327,"Borough of Manhattan, Tax Map Block 1287, Lot 10.",Designated,,6/23/2009,Individual Landmark,,105,4,40.7589319,-73.975606,1010200,MN0502,259.7222083,2771.153199,Residential,Hell's Kitchen,Tier 5: Ultra Niche / Insider Knowledge
508,MN,1892,33,351 Riverside Drive,1018920033,Morris and Laurette Schinasi House,LP-00844,"Borough of Manhattan Tax Map Block 1892, Lot 33.",Designated,,3/19/1974,Individual Landmark,,107,7,40.8029779,-73.9692291,1019500,MN0703,337.8762184,6780.402733,Residential,Tribeca,Tier 5: Ultra Niche / Insider Knowledge
507,MN,1309,56,652 Lexington Avenue,1013090056,Central Synagogue,LP-00276,"Borough of Manhattan Tax Map Block 1309, Lot 56.",Designated,(Congregation Ahavath Chesed),6/7/1966,Individual Landmark,,105,4,40.7595812,-73.9705522,1010000,MN0604,498.1101513,15107.38509,Religious,Greenwich Village,Tier 4: Neighborhood Staple
503,MN,1727,43,12 West 130th Street,1017270043,12 West 130th Street House,LP-01139,"Borough of Manhattan, Tax Map Block 1727, Lot 43.",Designated,part of Astor Row,8/11/1981,Individual Landmark,,110,9,40.8096886,-73.9407928,1020800,MN1002,254.8372441,2660.243093,Residential,Harlem,Tier 5: Ultra Niche / Insider Knowledge
502,MN,1271,55,30 West 56th Street,1012710055,Henry Seligman Residence,LP-02227,"Borough of Manhattan Tax Map Block 1271, Lot 55.",Designated,,7/24/2007,Individual Landmark,,105,4,40.7627664,-73.9762003,1010400,MN0502,316.5107882,4796.714007,Residential,Hell's Kitchen,Tier 5: Ultra Niche / Insider Knowledge
501,MN,578,63,34 Dominick Street,1005780063,34 Dominick Street House,LP-02481,"Borough of Manhattan Tax Map Block 578, Lot 63",Designated,,3/27/2012,Individual Landmark,,102,1,40.7249021,-74.0066853,1003700,MN0201,212.8409217,1715.350352,Residential,Hell's Kitchen,Tier 5: Ultra Niche / Insider Knowledge
497,MN,1727,65,56 West 130th Street,1017270065,56 West 130th Street House,LP-01161,"Borough of Manhattan, Tax Map Block 1727, Lot 65.",Designated,part of Astor Row,8/11/1981,Individual Landmark,,110,9,40.8104196,-73.9425334,1020800,MN1002,251.3620548,2484.599999,Residential,Hell's Kitchen,Tier 5: Ultra Niche / Insider Knowledge
493,MN,2097,14,730 Riverside Drive,1020970014,Beaumont Apartments,LP-02545,"Borough of Manhattan Tax Map Block 2097, Lot 14",Designated,,6/25/2013,Individual Landmark,,109,7,40.8303659,-73.9493638,1023700,MN0903,436.1136347,11651.04967,Residential,Greenwich Village,Tier 5: Ultra Niche / Insider Knowledge
492,MN,1408,27,167 East 73rd Street,1014080027,167 East 73rd Street Carriage House,LP-01061,"Borough of Manhattan Tax Map Block 1408, Lot 27.",Designated,,5/13/1980,Individual Landmark,,108,4,40.7709882,-73.9608463,1012800,MN0802,261.9736516,2681.903766,Residential,Harlem,Tier 5: Ultra Niche / Insider Knowledge
484,MN,1351,6,313 East 58th Street,1013510006,313 East 58th Street House,LP-00584,"Borough of Manhattan Tax Map Block 1351, Lot 6.",Designated,,7/14/1970,Individual Landmark,,106,5,40.7599225,-73.9640727,1010802,MN0604,256.2468028,2609.161222,Residential,Harlem,Tier 5: Ultra Niche / Insider Knowledge
479,MN,1491,29,67-69 East 79th Street,1014910029,George and Sarah Rives House,LP-01074,"Borough of Manhattan Tax Map Block 1491, Lot 29.",Designated,"also known as the 67-69 East 79th Street House, now the Greek Consulate General",5/19/1981,Individual Landmark,,108,4,40.7762088,-73.9611466,1014200,MN0802,302.194059,4445.71209,Residential,Hell's Kitchen,Tier 5: Ultra Niche / Insider Knowledge
478,MN,1420,7501,200 East 66th Street,1014207501,Manhattan House,LP-02246,"Borough of Manhattan, Tax Map Block 1420, Lot 1.",Designated,,10/30/2007,Individual Landmark,,108,5,40.765104,-73.962532,1011800,MN0801,1557.790284,101292.0594,Residential,Tribeca,Tier 5: Ultra Niche / Insider Knowledge
476,MN,309,19,339 Grand Street,1003090019,339 Grand Street House,LP-02413,"Borough of Manhattan Tax Map Block 309, Lot 19",Designated,,10/29/2013,Individual Landmark,,103,1,40.7168131,-73.9901555,1001600,MN0301,203.1127329,1581.985154,Residential,Upper East Side,Tier 5: Ultra Niche / Insider Knowledge
475,MN,1383,32,49 East 68th Street,1013830032,J. William and Margaretta C. Clark House,LP-00703,"Borough of Manhattan Tax Map Block 1383, Lot 32.",Designated,"later Automation House, now Richard L. Feigen & Co.",11/10/1970,Individual Landmark,,108,4,40.7689697,-73.9661328,1012200,MN0802,259.5067127,2579.190996,Residential,Greenwich Village,Tier 5: Ultra Niche / Insider Knowledge
474,MN,722,8,455 West 24th Street,1007220008,455 West 24th Street House,LP-00687,"Borough of Manhattan Tax Map Block 722, Lot 8.",Designated,,9/15/1970,Individual Landmark,,104,3,40.7482711,-74.0029125,1009300,MN0401,245.6279249,2062.176155,Residential,Tribeca,Tier 5: Ultra Niche / Insider Knowledge
469,MN,1408,24,161 East 73rd Street,1014080024,161 East 73rd Street Carriage House,LP-01058,"Borough of Manhattan Tax Map Block 1408, Lot 24.",Designated,,5/13/1980,Individual Landmark,,108,4,40.7710871,-73.9610809,1012800,MN0802,261.7878742,2679.786416,Residential,Tribeca,Tier 5: Ultra Niche / Insider Knowledge
468,MN,236,21,149 Mulberry Street,1002360021,149 Mulberry Street House,LP-00563,"Borough of Manhattan Tax Map Block 236, Lot 21.",Designated,designated as the Stephen Van Rensselaer House,2/11/1969,Individual Landmark,,102,1,40.7190861,-73.9976948,1004100,MN0201,250.3536016,2411.05511,Residential,Upper East Side,Tier 5: Ultra Niche / Insider Knowledge
461,MN,1889,76,294 Riverside Drive,1018890076,William and Clara Baumgarten House,LP-01618,"Borough of Manhattan Tax Map Block 1889, Lot 76.",Designated,,2/19/1991,Individual Landmark,,107,7,40.7993418,-73.9719433,1018700,MN0703,275.4928386,2679.01652,Residential,Hell's Kitchen,Tier 5: Ultra Niche / Insider Knowledge
460,MN,543,58,129 MacDougal Street,1005430058,129 MacDougal Street House,LP-02150,"Borough of Manhattan Tax Map Block 543, Lot 58.",Designated,,6/8/2004,Individual Landmark,,102,2,40.7306882,-74.0001515,1006500,MN0202,175.5619616,1350.014041,Residential,Greenwich Village,Tier 5: Ultra Niche / Insider Knowledge
457,MN,1271,47,12-14 West 56th Street,1012710047,Harry B. and Evelina Hollins Residence,LP-01266,"Borough of Manhattan, Tax Map Block 1271, Lot 47.",Designated,"later the Calumet Club, now the Consulate General of Argentina",6/19/1984,Individual Landmark,,105,4,40.7625055,-73.975547,1010400,MN0502,307.1272645,5027.915242,Residential,Harlem,Tier 5: Ultra Niche / Insider Knowledge
455,MN,1602,7,7 East 96th Street,1016020007,Ogden Codman House,LP-00593,"Borough of Manhattan Tax Map Block 1602, Lot 7.",Designated,now Manhattan Country School,5/25/1967,Individual Landmark,,111,8,40.7878497,-73.9549032,1016002,MN1101,288.9536765,4180.364891,Residential,Tribeca,Tier 5: Ultra Niche / Insider Knowledge
454,MN,1432,141,216 East 78th Street,1014320141,216 East 78th Street House,LP-00985,"Borough of Manhattan Tax Map Block 1432, Lot 141.",Designated,,5/9/1978,Individual Landmark,,108,5,40.7731031,-73.9572094,1013400,MN0801,238.2910101,1461.913731,Residential,Tribeca,Tier 5: Ultra Niche / Insider Knowledge
452,MN,1010,61,182 West 58th Street,1010100061,Alwyn Court Apartments,LP-00254,"Borough of Manhattan Tax Map Block 1010, Lot 61.",Designated,,6/7/1966,Individual Landmark,,105,6,40.7658576,-73.9793326,1013700,MN0502,458.3276378,12931.15571,Residential,Greenwich Village,Tier 5: Ultra Niche / Insider Knowledge
450,MN,1520,45,160 East 92nd Street,1015200045,160 East 92nd Street House,LP-01630,"Borough of Manhattan Tax Map Block 1520, Lot 45.",Designated,,6/7/1988,Individual Landmark,,108,5,40.7827955,-73.9521731,1015801,MN0802,257.454257,2417.490182,Residential,Upper East Side,Tier 5: Ultra Niche / Insider Knowledge
447,MN,1503,12,11 East 91st Street,1015030012,John B. and Caroline Trevor House,LP-00678,"Borough of Manhattan Tax Map Block 1503, Lot 12.",Designated,now the Consulate General of the Russian Federation in New York,7/23/1974,Individual Landmark,,108,4,40.7844497,-73.9568735,1016001,MN0802,262.7583187,2803.69742,Residential,Harlem,Tier 5: Ultra Niche / Insider Knowledge
446,MN,1385,14,17 East 70th Street,1013850014,Alvin W. and Angeline Krech House,LP-00848,"Borough of Manhattan Tax Map Block 1385, Lot 14.",Designated,also known as the 17 East 70th Street House,7/23/1974,Individual Landmark,,108,4,40.7708281,-73.9666518,1013000,MN0802,259.1413151,2677.699472,Residential,Hell's Kitchen,Tier 5: Ultra Niche / Insider Knowledge
442,MN,1247,119,333 West 85th Street,1012470119,333 West 85th Street House,LP-01685,"Borough of Manhattan Tax Map Block 1247, Lot 119.",Designated,,4/16/1991,Individual Landmark,,107,6,40.7888887,-73.9793977,1017100,MN0702,248.911158,2087.554161,Residential,Tribeca,Tier 5: Ultra Niche / Insider Knowledge
441,MN,543,57,131 MacDougal Street,1005430057,131 MacDougal Street House,LP-02151,"Borough of Manhattan Tax Map Block 543, Lot 57.",Designated,,6/8/2004,Individual Landmark,,102,2,40.7307322,-74.0001119,1006500,MN0202,175.0166748,1331.505838,Residential,Upper East Side,Tier 5: Ultra Niche / Insider Knowledge
437,MN,1184,1,3 Riverside Drive,1011840001,Philip and Maria Kleeberg House,LP-01716,"Borough of Manhattan Tax Map Block 1184, Lot 1.",Designated,,1/8/1991,Individual Landmark,,107,6,40.7805785,-73.985192,1015900,MN0701,266.7236422,3039.338751,Residential,Harlem,Tier 5: Ultra Niche / Insider Knowledge
433,MN,1245,1,103 Riverside Drive,1012450001,103 Riverside Drive House,LP-01672,"Borough of Manhattan Tax Map Block 1245, Lot 1.",Designated,,4/16/1991,Individual Landmark,,107,6,40.7872284,-73.9809474,1017100,MN0702,174.3570088,1490.930043,Residential,Harlem,Tier 5: Ultra Niche / Insider Knowledge
432,MN,1028,42,220 West 57th Street,1010280042,Society House of the American Society of Civil Engineers,LP-02297,"Borough of Manhattan Tax Map Block 1028, Lot 42.",Designated,,12/16/2008,Individual Landmark,,105,6,40.7657015,-73.9812352,1013700,MN0502,384.1901474,8889.733334,Residential,Hell's Kitchen,Tier 5: Ultra Niche / Insider Knowledge
431,MN,637,63,354 West 11th Street,1006370063,354 West 11th Street House,LP-02210,"Borough of Manhattan Tax Map Block 637, Lot 63.",Designated,,3/6/2007,Individual Landmark,,102,3,40.735225,-74.0088477,1007500,MN0203,244.091418,2324.508919,Residential,Greenwich Village,Tier 5: Ultra Niche / Insider Knowledge
430,MN,471,57,192 Grand Street,1004710057,192 Grand Street House,LP-02412,"Borough of Manhattan Tax Map Block 471, Lot 57.",Designated,,11/16/2010,Individual Landmark,,102,1,40.7194429,-73.9969228,1004100,MN0201,258.3267559,2518.282645,Residential,Greenwich Village,Tier 5: Ultra Niche / Insider Knowledge
429,MN,1246,40,316 West 85th Street,1012460040,316 West 85th Street House,LP-01677,"Borough of Manhattan Tax Map Block 1246, Lot 40.",Designated,,4/16/1991,Individual Landmark,,107,6,40.7883205,-73.9792282,1017100,MN0702,249.7880979,1867.347903,Residential,Harlem,Tier 5: Ultra Niche / Insider Knowledge
428,MN,191,13,2 White Street,1001910013,2 White Street House,LP-00086,"Borough of Manhattan Tax Map Block 191, Lot 13.",Designated,,7/19/1966,Individual Landmark,,101,1,40.7194895,-74.0058875,1003300,MN0102,146.003015,1092.005426,Residential,Upper East Side,Tier 5: Ultra Niche / Insider Knowledge
426,MN,160,21,60 Centre Street,1001600021,New York County Courthouse,LP-00083,"Borough of Manhattan Tax Map Block 160, Lot 21.",Designated,now the New York State Supreme Court,2/1/1966,Individual Landmark,,101,1,40.714302,-74.0015691,1002901,MN0102,1455.360938,131989.3578,Residential,Upper East Side,Tier 5: Ultra Niche / Insider Knowledge
424,MN,722,6,459 West 24th Street,1007220006,459 West 24th Street House,LP-00689,"Borough of Manhattan Tax Map Block 722, Lot 6.",Designated,,9/15/1970,Individual Landmark,,104,3,40.748326,-74.0030461,1009300,MN0401,248.4100346,2207.984459,Residential,Harlem,Tier 5: Ultra Niche / Insider Knowledge
419,MN,632,30,131 Charles Street,1006320030,131 Charles Street House,LP-00212,"Borough of Manhattan Tax Map Block 632, Lot 30.",Designated,,4/19/1966,Individual Landmark,,102,3,40.7344236,-74.0076605,1007500,MN0203,246.6683096,2443.664392,Residential,Harlem,Tier 5: Ultra Niche / Insider Knowledge
406,MN,471,58,190 Grand Street,1004710058,190 Grand Street House,LP-02411,"Borough of Manhattan Tax Map Block 471, Lot 58.",Designated,,11/16/2010,Individual Landmark,,102,1,40.7194704,-73.9970022,1004100,MN0201,261.5643982,2645.853363,Residential,Harlem,Tier 5: Ultra Niche / Insider Knowledge
405,MN,867,45,36 East 38th Street,1008670045,Middleton S. and Emilie Neilson Burrill House,LP-02326,"Borough of Manhattan Tax Map Block 867, Lot 45.",Designated,,7/27/2010,Individual Landmark,,106,4,40.7497022,-73.9803157,1008200,MN0502,258.2263507,2563.809179,Residential,Upper East Side,Tier 5: Ultra Niche / Insider Knowledge
402,MN,415,23,143 Allen Street,1004150023,143 Allen Street House,LP-02350,"Borough of Manhattan Tax Map Block 415, Lot 23.",Designated,,2/9/2010,Individual Landmark,,103,1,40.7204554,-73.9901405,1001800,MN0302,183.8226035,1443.339247,Residential,Upper East Side,Tier 5: Ultra Niche / Insider Knowledge
397,MN,53,41,94 Greenwich Street,1000530041,94 Greenwich Street House,LP-02218,"Borough of Manhattan Tax Map Block 53, Lot 41.",Designated,,6/23/2009,Individual Landmark,,101,1,40.7081118,-74.0138216,1001300,MN0101,238.7755214,1856.330149,Residential,Tribeca,Tier 5: Ultra Niche / Insider Knowledge
395,MN,1247,21,329 West 85th Street,1012470021,329 West 85th Street House,LP-01683,"Borough of Manhattan Tax Map Block 1247, Lot 21.",Designated,,4/16/1991,Individual Landmark,,107,6,40.7888365,-73.9792713,1017100,MN0702,246.6767577,1970.899684,Residential,Upper East Side,Tier 5: Ultra Niche / Insider Knowledge
394,MN,595,82,488 Greenwich Street,1005950082,488 Greenwich Street House,LP-02224,"Borough of Manhattan Tax Map Block 595, Lot 82.",Designated,,7/24/2007,Individual Landmark,,102,1,40.7252779,-74.0094489,1003700,MN0201,174.3434897,1358.992142,Residential,Hell's Kitchen,Tier 5: Ultra Niche / Insider Knowledge
384,MN,893,5,57 Park Avenue,1008930005,Adelaide L. T. Douglas Residence,LP-01045,"Borough of Manhattan Tax Map Block 893, Lot 5.",Designated,now the Guatemalan Permanent Mission to the United Nationa and Guatamalan Consul General,9/11/1979,Individual Landmark,,106,4,40.7491202,-73.9794136,1008000,MN0603,220.2048138,2257.785896,Residential,Greenwich Village,Tier 5: Ultra Niche / Insider Knowledge
378,MN,504,29,116 Sullivan Street,1005040029,116 Sullivan Street House,LP-00645,"Borough of Manhattan Tax Map Block 504, Lot 29.",Designated,,5/15/1973,Individual Landmark,,102,1,40.7261676,-74.0029368,1004900,MN0201,257.3376852,2596.86512,Residential,Greenwich Village,Tier 5: Ultra Niche / Insider Knowledge
365,MN,595,38,506 Canal Street,1005950038,506 Canal Street House,LP-01991,"Borough of Manhattan Tax Map Block 595, Lot 38.",Designated,also known as the John G. Rohr House,6/30/1998,Individual Landmark,,101,1,40.7246329,-74.0096797,1003900,MN0102,193.9121636,1410.784629,Residential,Upper East Side,Tier 5: Ultra Niche / Insider Knowledge
364,MN,831,20,1200 Broadway,1008310020,Gilsey House,LP-01039,"Borough of Manhattan Tax Map Block 831, Lot 20.",Designated,,9/11/1979,Individual Landmark,,105,3,40.7460775,-73.9881374,1007600,MN0501,517.074281,14758.30595,Residential,Harlem,Tier 5: Ultra Niche / Insider Knowledge
362,MN,489,14,83 Sullivan Street,1004890014,83 Sullivan Street House,LP-00643,"Borough of Manhattan Tax Map Block 489, Lot 14.",Designated,,5/15/1973,Individual Landmark,,102,1,40.7247458,-74.0034815,1004700,MN0201,257.8059972,2603.042306,Residential,Upper East Side,Tier 5: Ultra Niche / Insider Knowledge
360,MN,1245,45,105 Riverside Drive,1012450045,105 Riverside Drive House,LP-01674,"Borough of Manhattan Tax Map Block 1245, Lot 45.",Designated,,4/16/1991,Individual Landmark,,107,6,40.7873574,-73.9809004,1017100,MN0702,222.3074486,2196.350826,Residential,Harlem,Tier 5: Ultra Niche / Insider Knowledge
359,MN,827,22,15 West 25th Street,1008270022,Trinity Chapel Complex,LP-00233,"Borough of Manhattan Tax Map Block 827, Lot 22.",Designated,now the Serbian Orthodox Cathedral of Saint Sava and Parish House,4/18/1968,Individual Landmark,,105,3,40.7437281,-73.9898303,1005800,MN0501,702.7503418,24848.56046,Religious,Upper East Side,Tier 5: Ultra Niche / Insider Knowledge
353,MN,818,25,17 West 16th Street,1008180025,17 West 16th Street House,LP-00939,"Borough of Manhattan Tax Map Block 1818, Lot 25.",Designated,,11/9/1976,Individual Landmark,,105,3,40.7381154,-73.9939738,1005400,MN0501,256.2391306,3112.688767,Residential,Harlem,Tier 5: Ultra Niche / Insider Knowledge
350,MN,543,59,127 MacDougal Street,1005430059,127 MacDougal Street House,LP-02149,"Borough of Manhattan Tax Map Block 543, Lot 59.",Designated,,6/8/2004,Individual Landmark,,102,2,40.7306416,-74.0001876,1006500,MN0202,173.1485095,1268.072782,Residential,Upper East Side,Tier 5: Ultra Niche / Insider Knowledge
349,MN,288,42,513 Grand Street,1002880042,513 Grand Street House,LP-02270,Borough of Manhattan Tax Map Block 288 Lot 42.,Designated,,10/30/2007,Individual Landmark,,103,1,40.7144214,-73.9820865,1000202,MN0302,131.1846443,849.7789001,Residential,Tribeca,Tier 5: Ultra Niche / Insider Knowledge
343,MN,1248,1,140 Riverside Drive,1012480001,Normandy Apartments,LP-01568,"Borough of Manhattan Tax Map Block 1248, Lot 1.",Designated,,11/12/1985,Individual Landmark,,107,6,40.7901596,-73.9797368,1017500,MN0702,761.0699974,31902.20036,Residential,Hell's Kitchen,Tier 5: Ultra Niche / Insider Knowledge
340,MN,288,64,281 East Broadway,1002880064,281 East Broadway House,LP-01993,"Borough of Manhattan Tax Map Block 288, Lot 64",Designated,,6/30/1998,Individual Landmark,,103,1,40.7143147,-73.9844204,1000202,MN0302,234.8879662,1812.023915,Residential,Tribeca,Tier 5: Ultra Niche / Insider Knowledge
333,MN,866,58,231 Madison Avenue,1008660058,"Phelps Stokes-J. P. Morgan, Jr., House",LP-02114,"Borough of Manhattan Tax Map Block 866, Lot 58.",Designated,,2/26/2002,Individual Landmark,,106,4,40.7493318,-73.9813481,1008200,MN0502,533.9383205,16929.53893,Residential,Upper East Side,Tier 5: Ultra Niche / Insider Knowledge
330,MN,1245,46,104 Riverside Drive,1012450046,104 Riverside Drive House,LP-01673,"Borough of Manhattan Tax Map Block 1245, Lot 46.",Designated,,4/16/1991,Individual Landmark,,107,6,40.7872915,-73.9809257,1017100,MN0702,190.8522915,1583.797199,Residential,Upper East Side,Tier 5: Ultra Niche / Insider Knowledge
329,MN,1247,20,331 West 85th Street,1012470020,331 West 85th Street House,LP-01684,"Borough of Manahttan Tax Map Block 1247, Lot 20.",Designated,,4/16/1991,Individual Landmark,,107,6,40.788864,-73.9793327,1017100,MN0702,250.4306676,2166.959776,Residential,Tribeca,Tier 5: Ultra Niche / Insider Knowledge
328,MN,1245,43,332 West 83rd Street,1012450043,332 West 83rd Street House,LP-01676,"Borough of Manhattan Tax Map Block 1245, Lot 43.",Designated,,4/16/1991,Individual Landmark,,107,6,40.787437,-73.9808426,1017100,MN0702,153.9101547,1397.717022,Residential,Tribeca,Tier 5: Ultra Niche / Insider Knowledge
325,MN,1247,19,335 West 85th Street,1012470019,335 West 85th Street House,LP-01686,"Borough of Manhattan Tax Map Block 1247, Lot 19.",Designated,,4/16/1991,Individual Landmark,,107,6,40.7889161,-73.9794627,1017100,MN0702,251.0915755,2201.46507,Residential,Tribeca,Tier 5: Ultra Niche / Insider Knowledge
321,MN,891,1,23 Park Avenue,1008910001,James Hampden Robb and Cornelia Van Rennselaer Robb House,LP-02026,"Borough of Manhattan Tax Map Block 891, Lot 1.",Designated,,11/17/1998,Individual Landmark,,106,4,40.7477205,-73.9803632,1008000,MN0603,366.2383069,6114.432758,Residential,Harlem,Tier 5: Ultra Niche / Insider Knowledge
317,MN,594,34,310 Spring Street,1005940034,Dennison and Lydia Wood House,LP-02486,"Borough of Manhattan Tax Map Block 594, Lot 34",Designated,,3/27/2012,Individual Landmark,,102,1,40.7257474,-74.0086047,1003700,MN0201,205.74084,2004.745162,Residential,Hell's Kitchen,Tier 5: Ultra Niche / Insider Knowledge
316,MN,1029,27,205 West 57th Street,1010290027,Osborne Apartments,LP-01770,"Borough of Manhattan, Tax Map Block 1029, Lot 27.",Designated,,8/13/1991,Individual Landmark,,105,6,40.7659401,-73.9802929,1013700,MN0502,560.9087423,18264.55542,Residential,Harlem,Tier 5: Ultra Niche / Insider Knowledge
315,MN,544,71,29 East 4th Street,1005440071,Old Merchant's House,LP-00006,"Borough of Manhattan Tax Map Block 544, Lot 71.",Designated,also known as the Seabury Tredwell House,10/14/1965,Individual Landmark,,102,2,40.7277401,-73.9922754,1005700,MN0202,312.8440965,3229.802142,Residential,Tribeca,Tier 3: Local Favorite / Regional Gem
313,MN,293,3,12-16 Eldridge Street,1002930003,Eldridge Street Synagogue,LP-01107,"Borough of Manhattan Tax Map Block 293, Lot 3.",Designated,(Congregation Khal Adath Jeshurun with Anshe Lubz),7/8/1980,Individual Landmark,,103,1,40.71473,-73.9934673,1001600,MN0301,302.8320749,5429.015989,Religious,Upper East Side,Tier 3: Local Favorite / Regional Gem
308,MN,722,12,447 West 24th Street,1007220012,447 West 24th Street House,LP-00683,"Borough of Manhattan Tax Map Block 722, Lot 12.",Designated,,9/15/1970,Individual Landmark,,104,3,40.7481613,-74.002649,1009300,MN0401,246.2956996,2090.170571,Residential,Harlem,Tier 5: Ultra Niche / Insider Knowledge
305,MN,454,66,307 East 12th Street,1004540066,"Children's Aid Society, Elizabeth Home for Girls",LP-02274,"Borough of Manhattan Tax Map Block 454, Lot 66.",Designated,,3/18/2008,Individual Landmark,,103,2,40.7309563,-73.9851706,1004001,MN0303,292.925364,4218.669152,Residential,Hell's Kitchen,Tier 5: Ultra Niche / Insider Knowledge
302,MN,43,6,28 Wall Street,1000430006,United States Custom House,LP-00047,"Borough of Manhattan Tax Map Block 43, Lot 6.",Designated,"later the U.S. Sub-Treasury, now Federal Hall National Memorial",12/21/1965,Individual Landmark,,101,1,40.7073162,-74.0102687,1000700,MN0101,589.5709732,19048.6034,Residential,Upper East Side,Tier 2: National Draw
300,MN,414,27,280 Broome Street,1004140027,Kehila Kadosha Janina Synagogue,LP-02143,"Borough of Manhattan Tax Block 414, Lot 27.",Designated,,5/11/2004,Individual Landmark,,103,1,40.7185863,-73.9911762,1001800,MN0302,194.6551824,1563.170568,Religious,Greenwich Village,Tier 4: Neighborhood Staple
298,MN,642,1,505-507 West Street,1006420001,American Seamen's Friend Society Sailors' Home and Institute,LP-02080,"Borough of Manhattan Tax Map Block 642, Lot 1.",Designated,,11/28/2000,Individual Landmark,,102,3,40.7382963,-74.0093244,1007900,MN0203,417.7172784,9823.822332,Residential,Upper East Side,Tier 5: Ultra Niche / Insider Knowledge
296,MN,463,19,20 Saint Mark's Place,1004630019,20 Saint Mark's Place House,LP-00562,"Borough of Manhattan Tax Map Block 463, Lot 19.",Designated,also known as the Daniel Leroy House,11/19/1969,Individual Landmark,,103,2,40.7288679,-73.9889811,1003800,MN0303,295.1119632,3093.652183,Residential,Harlem,Tier 5: Ultra Niche / Insider Knowledge
295,MN,722,10,451 West 24th Street,1007220010,451 West 24th Street House,LP-00685,"Borough of Manhattan Tax Map Block 722, Lot 10.",Designated,,9/15/1970,Individual Landmark,,104,3,40.7482162,-74.0027826,1009300,MN0401,248.3007329,2196.424467,Residential,Tribeca,Tier 5: Ultra Niche / Insider Knowledge
286,MN,595,71,326 Spring Street,1005950071,326 Spring Street House,LP-00568,"Borough of Manhattan Tax Map Block 595, Lot 71.",Designated,designated as the James Brown House,11/19/1969,Individual Landmark,,102,1,40.7258434,-74.0094959,1003700,MN0201,157.1055511,1197.631741,Residential,Hell's Kitchen,Tier 5: Ultra Niche / Insider Knowledge
285,MN,1246,42,322 West 85th Street,1012460042,322 West 85th Street House,LP-01680,"Borough of Manhattan Tax Map Block 1246, Lot 42.",Designated,,4/16/1991,Individual Landmark,,107,6,40.7883891,-73.979387,1017100,MN0702,247.8994461,1765.812732,Residential,Greenwich Village,Tier 5: Ultra Niche / Insider Knowledge
282,MN,1184,4,311 West 72nd Street,1011840004,John and Mary Sutphen House,LP-01718,"Borough of Manhattan Tax Map Block 1184, Lot 4.",Designated,,1/8/1991,Individual Landmark,,107,6,40.7804029,-73.9852137,1015900,MN0701,299.9925335,3416.426848,Residential,Greenwich Village,Tier 5: Ultra Niche / Insider Knowledge
280,MN,87,1,Broadway at Fulton Street,1000870001,Saint Paul's Chapel and Graveyard,LP-00075,"Borough of Manhattan Tax Map Block 87, Lot 1.",Designated,,8/16/1966,Individual Landmark,,101,1,40.711469,-74.0095804,1001300,MN0101,1121.544101,66061.1764,Religious,Tribeca,Tier 5: Ultra Niche / Insider Knowledge
277,MN,1247,18,337 West 85th Street,1012470018,337 West 85th Street House,LP-01687,"Borough of Manhattan Tax Map Block 1247, Lot 18.",Designated,,4/16/1991,Individual Landmark,,107,6,40.7889436,-73.9795241,1017100,MN0702,246.6803908,1971.082465,Residential,Upper East Side,Tier 5: Ultra Niche / Insider Knowledge
276,MN,741,32,147 Eighth Avenue,1007410032,147 Eighth Avenue House,LP-02346,"Borough of Manhattan Tax Map Block 741, Lot 32.",Designated,,11/17/2009,Individual Landmark,,104,3,40.7420076,-74.0012883,1008300,MN0401,248.6694666,2163.850523,Residential,Hell's Kitchen,Tier 5: Ultra Niche / Insider Knowledge
275,MN,1246,41,320 West 85th Street,1012460041,320 West 85th Street House,LP-01679,"Borough of Manhattan Tax Map Block 1246, Lot 41.",Designated,,4/16/1991,Individual Landmark,,107,6,40.7883644,-73.9793329,1017100,MN0702,250.911959,1927.758239,Residential,Tribeca,Tier 5: Ultra Niche / Insider Knowledge
272,MN,1246,53,350 West 85th Street,1012460053,Red House,LP-01265,"Borough of Manhattan Tax Map Block 1246, Lot 53.",Designated,,9/14/1982,Individual Landmark,,107,6,40.7888175,-73.9803583,1017100,MN0702,420.2503445,9106.578882,Residential,Harlem,Tier 5: Ultra Niche / Insider Knowledge
271,MN,518,49,203 Prince Street,1005180049,203 Prince Street House,LP-00830,"Borough of Manhattan Tax Map Block 518, Lot 49.",Designated,,2/19/1974,Individual Landmark,,102,1,40.7269169,-74.002807,1004900,MN0201,214.0190013,2133.436925,Residential,Hell's Kitchen,Tier 5: Ultra Niche / Insider Knowledge
267,MN,923,50,326 East 18th Street,1009230050,326 East 18th Street House,LP-00698,"Borough of Manhattan Tax Map Block 923, Lot 50.",Designated,,3/20/1973,Individual Landmark,,106,2,40.7341535,-73.9820307,1004800,MN0602,226.2882932,1847.826762,Residential,Upper East Side,Tier 5: Ultra Niche / Insider Knowledge
266,MN,722,11,449 West 24th Street,1007220011,449 West 24th Street House,LP-00684,"Borough of Manhattan Tax Map Block 722, Lot 11.",Designated,,9/15/1970,Individual Landmark,,104,3,40.7481887,-74.002714,1009300,MN0401,246.9084806,2123.264743,Residential,Greenwich Village,Tier 5: Ultra Niche / Insider Knowledge
262,MN,595,40,480 Greenwich Street,1005950040,480 Greenwich Street House/502 Canal Street House,LP-01989,"Borough of Manhattan Tax Map Block 595, Lot 40.",Designated,also known as the John Y. Smith House,6/30/1998,Individual Landmark,,101,1,40.724578,-74.0095354,1003900,MN0102,181.9344235,1672.914918,Residential,Hell's Kitchen,Tier 5: Ultra Niche / Insider Knowledge
261,MN,722,9,453 West 24th Street,1007220009,453 West 24th Street House,LP-00686,"Borough of Manhattan Tax Map Block 722, Lot 9.",Designated,,9/15/1970,Individual Landmark,,104,3,40.7482436,-74.0028476,1009300,MN0401,247.1196769,2137.262935,Residential,Harlem,Tier 5: Ultra Niche / Insider Knowledge
258,MN,1184,3,1 Riverside Drive,1011840003,Frederick and Lydia Prentiss House,LP-01715,"Borough of Manhattan Tax Map Block 1184, Lot 3.",Designated,,1/8/1991,Individual Landmark,,107,6,40.7804029,-73.9852137,1015900,MN0701,228.6079738,2736.037316,Residential,Harlem,Tier 5: Ultra Niche / Insider Knowledge
257,MN,288,43,511 Grand Street,1002880043,511 Grand Street House,LP-02269,Borough of Manhattan Tax Map Block 288 Lot 43.,Designated,,10/30/2007,Individual Landmark,,103,1,40.7144489,-73.9821406,1000202,MN0302,157.1518256,879.7241726,Residential,Hell's Kitchen,Tier 5: Ultra Niche / Insider Knowledge
248,MN,19,11,67 Greenwich Street,1000190011,Robert and Anne Dickey House,LP-02166,"Borough of Manhattan Tax Map Block 19, Lot 11.",Designated,,6/28/2005,Individual Landmark,,101,1,40.7073542,-74.0135798,1001300,MN0101,236.6414227,3137.686701,Residential,Hell's Kitchen,Tier 5: Ultra Niche / Insider Knowledge
241,MN,590,14,28 Jones Street,1005900014,28 Jones Street House,LP-00209,"Borough of Manhattan Tax Map Block 590, Lot 14.",Designated,,4/19/1966,Individual Landmark,,102,3,40.731712,-74.0027422,1006700,MN0203,239.4714585,2073.422664,Residential,Greenwich Village,Tier 5: Ultra Niche / Insider Knowledge
238,MN,772,64,222 West 23rd Street,1007720064,Chelsea Apartments,LP-00215,"Borough of Manhattan Tax Map Block 772, Lot 64.",Designated,now the Hotel Chelsea,3/15/1966,Individual Landmark,,104,3,40.7443104,-73.9968892,1009100,MN0401,555.9554277,18066.14936,Residential,Greenwich Village,Tier 5: Ultra Niche / Insider Knowledge
237,MN,741,31,145 Eighth Avenue,1007410031,145 Eighth Avenue House,LP-02345,"Borough of Manhattan Tax Map Block 741, Lot 31.",Designated,,11/17/2009,Individual Landmark,,104,3,40.7419554,-74.0013244,1008300,MN0401,252.7462675,2364.483837,Residential,Upper East Side,Tier 5: Ultra Niche / Insider Knowledge
234,MN,355,41,172-176 Norfolk Street,1003550041,Anshe Chesed Synagogue,LP-01440,"Borough of Manhattan, Tax Map Block 355, Lot 41.",Designated,later Anshe Slonim,2/10/1987,Individual Landmark,,103,2,40.7211411,-73.9856706,1003001,MN0302,355.0802366,7681.969907,Religious,Hell's Kitchen,Tier 4: Neighborhood Staple
229,MN,875,53,144 East 20th Street,1008750053,Friends Meeting House,LP-00018,"Borough of Manhattan Tax Map Block 875, Lot 53.",Designated,now Brotherhood Synagogue,10/26/1965,Individual Landmark,,106,2,40.7370716,-73.9853713,1005000,MN0602,440.465951,12097.99081,Residential,Upper East Side,Tier 5: Ultra Niche / Insider Knowledge
228,MN,1246,142,324 West 85th Street,1012460142,324 West 85th Street House,LP-01681,"Borough of Manhattan Tax Map Block 1246, Lot 142.",Designated,,4/16/1991,Individual Landmark,,107,6,40.7884111,-73.9794376,1017100,MN0702,247.2973629,1733.447513,Residential,Upper East Side,Tier 5: Ultra Niche / Insider Knowledge
225,MN,315,45,228 East Broadway,1003150045,Bialystoker Center and Home for the Aged,LP-02529,Borough of Manhattan Tax Map Block 315 Lot 45,Designated,,5/21/2013,Individual Landmark,,103,1,40.714595,-73.986747,1001401,MN0302,304.9635121,4736.453183,Residential,Hell's Kitchen,Tier 5: Ultra Niche / Insider Knowledge
224,MN,1030,24,213 West 58th Street,1010300024,Helen Miller Gould Carriage House,LP-01564,"Borough of Manhattan Tax Map Block 1030, Lot 24.",Designated,now the Unity Center of Practical Christianity,8/29/1989,Individual Landmark,,105,6,40.7667388,-73.9802349,1013700,MN0502,247.1040901,2294.201001,Residential,Upper East Side,Tier 5: Ultra Niche / Insider Knowledge
219,MN,1143,1,171 West 71st Street,1011430001,Dorilton Apartments,LP-00858,"Borough of Manhattan Tax Map Block 1143, Lot 1.",Designated,,10/8/1974,Individual Landmark,,107,6,40.7779458,-73.9815747,1015700,MN0701,484.7925719,14237.45724,Residential,Hell's Kitchen,Tier 5: Ultra Niche / Insider Knowledge
214,MN,722,7,457 West 24th Street,1007220007,457 West 24th Street House,LP-00688,"Borough of Manhattan Tax Map Block 722, Lot 7.",Designated,,9/15/1970,Individual Landmark,,104,3,40.7482985,-74.0029775,1009300,MN0401,247.3064789,2149.939527,Residential,Greenwich Village,Tier 5: Ultra Niche / Insider Knowledge
205,MN,578,64,32 Dominick Street,1005780064,32 Dominick Street House,LP-02480,"Borough of Manhattan Tax Map Block 5778, Lot 64",Designated,,3/27/2012,Individual Landmark,,102,1,40.7248939,-74.0066131,1003700,MN0201,210.9838628,1634.91465,Residential,Upper East Side,Tier 5: Ultra Niche / Insider Knowledge
204,MN,465,29,21 Stuyvesant Street,1004650029,Nicholas and Elizabeth Stuyvesant Fish House,LP-00007,"Borough of Manhattan Tax Map Block 465, Lot 29.",Designated,also known as the Stuyvesant-Fish House,10/14/1965,Individual Landmark,,103,2,40.7301168,-73.9885552,1004002,MN0303,210.5574519,2066.772164,Residential,Upper East Side,Tier 5: Ultra Niche / Insider Knowledge
203,MN,867,23,233 Madison Avenue,1008670023,Joseph Raphael De Lamar House,LP-00884,"Borough of Manhattan Tax Map Block 867, Lot 23.",Designated,now the Consulate General of the Republic of Poland,3/25/1975,Individual Landmark,,106,4,40.7496804,-73.9812108,1008200,MN0502,309.2296985,5331.447529,Residential,Hell's Kitchen,Tier 5: Ultra Niche / Insider Knowledge
199,MN,224,24,451-453 Washington Street,1002240024,Fleming Smith Warehouse,LP-00987,"Borough of Manhattan Tax Map Block 224, Lot 24.",Designated,,3/14/1978,Individual Landmark,,101,1,40.7239851,-74.0099718,1003900,MN0102,307.7077245,5263.461991,Residential,Tribeca,Tier 5: Ultra Niche / Insider Knowledge
193,MN,722,17,437 West 24th Street,1007220017,437 West 24th Street House,LP-00679,"Borough of Manhattan Tax Map Block 722, Lot 17.",Designated,,9/15/1970,Individual Landmark,,104,3,40.7480213,-74.002317,1009300,MN0401,244.176177,1972.967488,Residential,Greenwich Village,Tier 5: Ultra Niche / Insider Knowledge
191,MN,595,83,486 Greenwich Street,1005950083,486 Greenwich Street House,LP-02225,"Borough of Manhattan Tax Map Block 595, Lot 83.",Designated,,7/24/2007,Individual Landmark,,102,1,40.725223,-74.0094453,1003700,MN0201,155.9487066,1094.23889,Residential,Greenwich Village,Tier 5: Ultra Niche / Insider Knowledge
189,MN,448,4,110 Second Avenue,1004480004,Ralph and Ann E. Van Wyck Mead House,LP-02331,"Borough of Manhattan Tax Map Block 448, Lot 4.",Designated,later Isaac T. Hopper Home of the Women's Prison Association,10/13/2009,Individual Landmark,,103,2,40.7275449,-73.9879856,1003800,MN0303,305.7863651,3396.520052,Residential,Hell's Kitchen,Tier 5: Ultra Niche / Insider Knowledge
184,MN,1246,140,318 West 85th Street,1012460140,318 West 85th Street House,LP-01678,"Borough of Manhattan Tax Map Block 1246, Lot 140.",Designated,,4/16/1991,Individual Landmark,,107,6,40.7883425,-73.9792787,1017100,MN0702,247.1647968,1726.30911,Residential,Tribeca,Tier 5: Ultra Niche / Insider Knowledge
180,MN,891,15,123 East 35th Street,1008910015,James F. D. and Harriet Lanier Residence,LP-01048,"Borough of Manhattan Tax Map Block 891, Lot 15.",Designated,,9/11/1979,Individual Landmark,,106,4,40.7474843,-73.9796451,1008000,MN0603,268.6104349,3365.121755,Residential,Upper East Side,Tier 5: Ultra Niche / Insider Knowledge
176,MN,463,11,4 Saint Mark's Place,1004630011,Hamilton-Holly House,LP-02157,"Borough of Manhattan Tax Map Block 463, Lot 11.",Designated,,10/19/2004,Individual Landmark,,103,2,40.7291452,-73.9896377,1003800,MN0303,296.6813111,3219.221626,Residential,Harlem,Tier 5: Ultra Niche / Insider Knowledge
175,MN,590,15,26 Jones Street,1005900015,26 Jones Street House,LP-00210,"Borough of Manhattan Tax Map Block 590, Lot 15.",Designated,,4/19/1966,Individual Landmark,,102,3,40.731734,-74.0026773,1006700,MN0203,237.6092316,1976.056567,Residential,Tribeca,Tier 5: Ultra Niche / Insider Knowledge
161,MN,430,10,29-41 Avenue A and 112-138 East 3rd Street,1004300010,First Houses,LP-00876,"Borough of Manhattan Tax Map Block 430, Lot 10.",Designated,,11/12/1974,Individual Landmark,,103,2,40.7237322,-73.986186,1003002,MN0303,1292.384908,53675.73676,Residential,Greenwich Village,Tier 5: Ultra Niche / Insider Knowledge
160,MN,134,7501,256-257 and 253 Broadway,1001347501,Home Life Insurance Company Building,LP-01751,"Borough of Manhattan Tax Map Block 134, Lots 1001 and 1002",Designated,inforporating the Postal Telegraph Building,11/12/1991,Individual Landmark,,101,1,40.7134317,-74.0074091,1002100,MN0102,589.0055765,20026.61467,Residential,Hell's Kitchen,Tier 5: Ultra Niche / Insider Knowledge
158,MN,764,15,241 West 14th Street,1007640015,Andrew Norwood House,LP-00990,"Borough of Manhattan Tax Map Block 764, Lot 15.",Designated,,5/9/1978,Individual Landmark,,104,3,40.7395154,-74.0012414,1008100,MN0401,277.9363146,3042.868224,Residential,Greenwich Village,Tier 5: Ultra Niche / Insider Knowledge
157,MN,923,48,330 East 18th Street,1009230048,330 East 18th Street House,LP-00700,"Borough of Manhattan Tax Map Block 923, Lot 48.",Designated,,3/20/1973,Individual Landmark,,106,2,40.7340958,-73.9818972,1004800,MN0602,228.3658558,1943.845083,Residential,Hell's Kitchen,Tier 5: Ultra Niche / Insider Knowledge
145,MN,590,13,30 Jones Street,1005900013,30 Jones Street House,LP-00208,"Borough of Manhattan Tax Map Block 590, Lot 13.",Designated,,4/19/1966,Individual Landmark,,102,3,40.7316873,-74.0028108,1006700,MN0203,239.3290211,2071.930499,Residential,Harlem,Tier 5: Ultra Niche / Insider Knowledge
138,MN,595,39,504 Canal Street,1005950039,504 Canal Street House,LP-01990,"Borough of Manhattan Tax Map Block 595, Lot 39.",Designated,,6/30/1998,Individual Landmark,,101,1,40.7246164,-74.0096111,1003900,MN0102,171.7778088,1028.392614,Residential,Greenwich Village,Tier 5: Ultra Niche / Insider Knowledge
137,MN,1246,43,326 West 85th Street,1012460043,326 West 85th Street House,LP-01682,"Borough of Manhattan Tax Map Block 1246, Lot 43.",Designated,,4/16/1991,Individual Landmark,,107,6,40.7884331,-73.9794918,1017100,MN0702,249.5579608,1854.983439,Residential,Tribeca,Tier 5: Ultra Niche / Insider Knowledge
135,MN,578,62,36 Dominick Street,1005780062,36 Dominick Street House,LP-02482,"Borough of Manhattan Tax Map Block 578, Lot 62",Designated,,3/27/2012,Individual Landmark,,102,1,40.7249076,-74.0067538,1003700,MN0201,213.0656308,1725.073547,Residential,Upper East Side,Tier 5: Ultra Niche / Insider Knowledge
130,MN,864,53,22 East 35th Street,1008640053,Thomas and Fanny Clarke House,LP-01047,"Borough of Manhattan Tax Map Block 864, Lot 53.",Designated,now the Collectors Club,9/11/1979,Individual Landmark,,106,4,40.7480227,-73.9820811,1007400,MN0501,248.9463613,2214.180783,Residential,Upper East Side,Tier 5: Ultra Niche / Insider Knowledge
118,MN,12,1,Bowling Green,1000120001,United States Custom House,LP-00020,"Borough of Manhattan Tax Map Block 12, Lot 1.",Designated,now Alexander Hamilton Custom House (National Museum of the American Indian and Federal Bankruptcy Court),10/14/1965,Individual Landmark,,101,1,40.7040358,-74.0137486,1000900,MN0101,1084.841316,72251.29109,Residential,Upper East Side,Tier 5: Ultra Niche / Insider Knowledge
1471,,0,0,1501 Third Avenue,0,"Sidewalk Clock, 1501 Third Avenue",LP-01169,"The portion of the sidewalk on which the described improvement is situated adjacent to Borough of Manhattan, Tax Map Block 1530, Lot 47.",Designated,,8/25/1981,Individual Landmark,,,,,,,MN0803,37.65103864,112.5225701,Other,Unknown,Tier 5: Ultra Niche / Insider Knowledge
1348,,0,0,Over the Harlem River from West 181st Street (Manhattan) to University Avenue (Bronx),0,Washington Bridge,LP-01222,Too long,Designated,,9/14/1982,Individual Landmark,,,,,,,,4269.686455,141097.6408,Other,Unknown,Tier 5: Ultra Niche / Insider Knowledge
1263,,0,0,"Spanning the Harlem River Betweem West Fordham Road, the Bronx, and West 207th Street, Manhattan",0,University Heights Bridge,LP-01455,Too long,Designated,,9/11/1984,Individual Landmark,,,,,,,,2329.772886,50167.61075,Other,Unknown,Tier 5: Ultra Niche / Insider Knowledge
1250,,0,0,"Including all or part of Beaver, Bridge, Broad, Hanover, Marketfield, New, Pearl, South William, Stone, Wall, Whitehall, and William Street; Exchange Place; Hanover Square; Mill Lane; and Broadway",0,Street Plan of New Amsterdam and Colonial New York,LP-01235,Too long,Designated,,6/14/1983,Individual Landmark,,101,1,40.7053123,-74.0119996,1000900,MN0101,24599.56762,410681.391,Other,Unknown,Tier 5: Ultra Niche / Insider Knowledge
1073,,0,0,"Spanning the Harlem River between West 155th Street and Saint Nicholas Place, Manhattan, and Jerome Avenue and East 162nd Street, the Bronx",0,Macomb's Dam Bridge and 155th Street Viaduct,LP-01629,Too long,Designated,,1/14/1992,Individual Landmark,,,,,,,,9273.206338,297131.6745,Other,Unknown,Tier 5: Ultra Niche / Insider Knowledge
1543,MN,754,34,307 WEST 30 STREET,1007540034,Lithuanian Alliance Building,LP-02695,"Borough of Manhattan Tax Map Block 754, Lot 34",Designated,,4/4/2026,Individual,,104,3,40.7500963,-73.9957701,1010300,MN0401,264.6011139,2641.090847,Commercial,Upper East Side,Tier 4: Neighborhood Staple
1542,MN,801,1,275 7 AVENUE,1008010001,Lefcourt Clothing Center,LP-02691,"Borough of Manhattan Tax Map Block 801, Lot 1",Designated,,8/12/2025,Individual Landmark,,104,3,40.7455454,-73.9941608,1009100,MN0401,645.1437752,24309.04066,Commercial,Hell's Kitchen,Tier 4: Neighborhood Staple
1541,MN,840,31,15 WEST 38 STREET,1008400031,Barbey Building,LP-02687,"Borough of Manhattan Tax Map Block 840, Lot 31",Designated,,8/12/2025,Individual Landmark,,105,4,40.7516186,-73.9837223,1008400,MN0502,327.0132861,6051.234747,Commercial,Greenwich Village,Tier 4: Neighborhood Staple
1540,MN,779,66,242 WEST 30 STREET,1007790066,Furcraft Building,LP-02690,"Borough of Manhattan Tax Map Block 779, Lot 66",Designated,,8/12/2025,Individual Landmark,,105,3,40.7490999,-73.994525,1009500,MN0501,355.5406354,7637.4683,Commercial,Tribeca,Tier 4: Neighborhood Staple
1539,MN,778,52,224 WEST 29 STREET,1007780052,29th Street Towers,LP-02689,"Borough of Manhattan Tax Map Block 778, Lot 52",Designated,,8/12/2025,Individual Landmark,,105,3,40.7481722,-73.9942327,1009500,MN0501,313.9947529,4710.50956,Commercial,Upper East Side,Tier 4: Neighborhood Staple
1538,MN,812,19,135 WEST 36 STREET,1008120019,Fashion Tower,LP-02688,"Borough of Manhattan Tax Map Block 812, Lot 19",Designated,,8/12/2025,Individual Landmark,,105,3,40.7519073,-73.9883349,1010900,MN0502,269.5840055,4475.846311,Commercial,Tribeca,Tier 4: Neighborhood Staple
1537,MN,778,48,214 WEST 29 STREET,1007780048,29th Street Towers,LP-02689,"Borough of Manhattan Tax Map Block 778, Lot 48",Designated,,8/12/2025,Individual Landmark,,105,3,40.7480679,-73.9939981,1009500,MN0501,435.1421517,10665.70337,Commercial,Harlem,Tier 4: Neighborhood Staple
1533,BK,140,7503,"345 Adams Street (aka 372-392 Pearl Street, 11-17 Willoughby Street)",3001407503,Brooklyn Edison Building,LP-02680,"Borough of Brooklyn Tax Map Block 150, Lot 7503 (previously lot 123)",Designated,,6/18/2024,Individual Landmark,,302,33,40.6927194,-73.9884462,3001100,BK0202,735.591823,26064.41654,Commercial,DUMBO,Tier 4: Neighborhood Staple
1532,MN,1272,7503,"730 Fifth Avenue (aka 728-734 Fifth Avenue, 2-4 West 57th Street)",1012727503,Heckscher Building (now the Crown Building),LP-02678,"Borough of Manhattan Tax Map Block 1272, Lot 7503",Designated,,5/14/2024,Individual Landmark,,105,4,40.7628622,-73.9747238,1011201,MN0502,556.2927571,18545.01595,Commercial,Harlem,Tier 4: Neighborhood Staple
1530,MN,1331,128,246 East 58th Street,1013310128,Modulightor Building,LP-02676,"Borough of Manhattan Tax Map Block 1331, Lot 128",Designated,,12/19/2023,Individual Landmark,,106,4,40.7599778,-73.965383,1010803,MN0604,244.5217632,2059.52282,Commercial,Upper East Side,Tier 4: Neighborhood Staple
1526,MN,2107,72,"935 St. Nicholas Avenue (aka 929-939 St. Nicholas Avenue, 426-466 West 157th Street)",1021070072,935 St. Nicholas Avenue Building,LP-02670,"Borough of Manhattan Tax Map Block 2107, Lot 72",Designated,,6/27/2023,Individual Landmark,,112,10,40.8323383,-73.9413689,1023900,MN1201,536.3494986,16887.38341,Commercial,Hell's Kitchen,Tier 4: Neighborhood Staple
1520,MN,611,30,155-159 West 10th Street (aka 186-188 Waverly Place),1006110030,Julius' Bar Building,LP-02663,"Borough of Manhattan, Tax Map Block 611, Lot 30",Designated,,12/6/2022,Individual Landmark,,102,3,40.7345446,-74.0016237,1007300,MN0203,196.7915404,1540.619774,Commercial,Greenwich Village,Tier 4: Neighborhood Staple
1518,BK,1103,31,484 14th Street,3011030031,The Lesbian Herstory Archives,LP-02662,"Borough of Brooklyn Tax Map Block 1103, Lot 31.",Designated,,11/22/2022,Individual Landmark,,306,39,40.6618368,-73.9803813,3016700,BK0602,245.1095884,2065.270441,Other,Brooklyn Heights,Tier 5: Ultra Niche / Insider Knowledge
1517,MN,117,100,Chatham Square and East Broadway,1001170100,Kimlau War Memorial,LP-02653,"Borough of Manhattan, Tax Map Block 117, Lot 100 in part",Designated,,6/22/2021,Individual Landmark,,103,1,40.7135143,-73.9981279,1002700,MN0301,77.55916005,86.76188179,Other,Tribeca,Tier 5: Ultra Niche / Insider Knowledge
1513,MN,576,36,70 Fifth Avenue (aka 2-6 West 13th Street),1005760036,"Educational Building, 70 Fifth Avenue",LP-02650,"Borough of Manhattan, Tax Map Block 576, Lot 36",Designated,,5/18/2021,Individual Landmark,,102,2,40.7353899,-73.9947859,1006300,MN0202,626.6865432,11262.27446,Commercial,Harlem,Tier 4: Neighborhood Staple
1509,MN,830,7,55 West 28 Street,1008300007,"55 West 28th Street Building, Tin Pan Alley",LP-02630,"Borough of Manhattan Tax Map Block 830, Lot 7",Designated,,12/10/2019,Individual Landmark,,105,3,40.7460392,-73.9900249,1007600,MN0501,189.2064146,1507.085147,Commercial,Hell's Kitchen,Tier 4: Neighborhood Staple
1508,MN,830,8,53 West 28 Street,1008300008,"53 West 28th Street Building, Tin Pan Alley",LP-02629,"Borough of Manhattan Tax Map Block 830, Lot 8",Designated,,12/10/2019,Individual Landmark,,105,3,40.7460145,-73.9899599,1007600,MN0501,189.2522383,1508.789928,Commercial,Hell's Kitchen,Tier 4: Neighborhood Staple
1507,MN,830,9,51 West 28 Street,1008300009,"51 West 28th Street Building, Tin Pan Alley",LP-02628,"Borough of Manhattan Tax Map Block 830, Lot 9",Designated,,12/10/2019,Individual Landmark,,105,3,40.7460145,-73.9898733,1007600,MN0501,240.5699731,2084.983085,Commercial,Greenwich Village,Tier 4: Neighborhood Staple
1506,MN,830,10,49 West 28 Street,1008300010,"49 West 28th Street Building, Tin Pan Alley",LP-02627,"Borough of Manhattan Tax Map Block 830, Lot 10",Designated,,12/10/2019,Individual Landmark,,105,3,40.745987,-73.9898047,1007600,MN0501,242.570027,2184.27491,Commercial,Hell's Kitchen,Tier 4: Neighborhood Staple
1505,MN,830,11,47 West 28th Street,1008300011,"47 West 28th Street Building, Tin Pan Alley",LP-02626,"Borough of Manhattan Tax Map Block 830, Lot 11",Designated,,12/10/2019,Individual Landmark,,105,3,40.7459568,-73.9897362,1007600,MN0501,241.346556,2123.541781,Commercial,Greenwich Village,Tier 4: Neighborhood Staple
1501,BK,1025,49,170 2nd Avenue,3010250049,Montauk Paint Manufacturing Company Building,LP-02641,"Borough of Brooklyn Tax Map Block 1025, Lot 49",Designated,,10/29/2019,Individual Landmark,,306,38,40.6704405,-73.9955444,3011902,BK0601,321.6051093,5689.860917,Commercial,Bed-Stuy,Tier 4: Neighborhood Staple
1500,BK,980,8,"238-246 3rd Street, 365-379 3rd Avenue, and 232-236 3rd Street (aka 361-363 3rd Avenue)",3009800008,Somers Brothers Tinware Factory (later American Can Company),LP-02640,"Borough of Brooklyn Tax Map Block 980, Lot 8 in part",Designated,,10/29/2019,Individual Landmark,,306,39,40.6744776,-73.9878689,3011901,BK0601,713.0703596,15956.78339,Commercial,Park Slope,Tier 4: Neighborhood Staple
1499,MN,617,47,208 West 13th Street,1006170047,"The Lesbian, Gay, Bisexual & Transgender Community Center",LP-02634,"Borough of Manhattan Tax Map Block 617, Lot 47 in part",Designated,,6/18/2019,Individual Landmark,,102,3,40.7380414,-74.0011944,1007700,MN0203,452.6034121,7432.494416,Commercial,Hell's Kitchen,Tier 4: Neighborhood Staple
1496,MN,770,17,243 West 20 Street,1007700017,Women's Liberation Center,LP-02633,"Borough of Manhattan Tax Map Block 770, Lot 17",Designated,,6/18/2019,Individual Landmark,,104,3,40.7431549,-73.9987297,1008700,MN0401,207.0337338,2015.397416,Commercial,Hell's Kitchen,Tier 4: Neighborhood Staple
1495,MN,590,47,31 Cornelia Street,1005900047,The Caffe Cino,LP-02635,"Borough of Manhattan Tax Map Block 590, Lot 47 in part",Designated,,6/18/2019,Individual Landmark,,102,3,40.7314622,-74.0025979,1006700,MN0203,164.2990742,1265.68252,Other,Hell's Kitchen,Tier 5: Ultra Niche / Insider Knowledge
1493,MN,563,31,817 Broadway,1005630031,817 Broadway Building,LP-02614,"Borough of Manhattan Tax Map Block 563, Lot 31",Designated,,6/11/2019,Individual Landmark,,102,2,40.7331966,-73.9915242,1006100,MN0202,447.5867946,9098.409206,Commercial,Hell's Kitchen,Tier 4: Neighborhood Staple
1492,MN,564,34,826 Broadway,1005640034,826 Broadway Building,LP-02615,"Borough of Manhattan Tax Map Block 564, Lot 34",Designated,,6/11/2019,Individual Landmark,,102,2,40.7332158,-73.9906691,1006100,MN0202,515.5967309,11696.84,Commercial,Upper East Side,Tier 4: Neighborhood Staple
1491,MN,564,36,830 Broadway,1005640036,830 Broadway Building,LP-02616,"Borough of Manhattan Tax Map Block 564, Lot 36 in part",Designated,,6/11/2019,Individual Landmark,,102,2,40.7334244,-73.9907304,1006100,MN0202,308.3284812,3378.306967,Commercial,Upper East Side,Tier 4: Neighborhood Staple
1490,MN,564,36,832 Broadway,1005640036,832-834 Broadway Building,LP-02617,"Borough of Manhattan Tax Map Block 564, Lot 36 in part",Designated,,6/11/2019,Individual Landmark,,102,2,40.7334244,-73.9907304,1006100,MN0202,355.9125685,5748.83235,Commercial,Greenwich Village,Tier 4: Neighborhood Staple
1489,MN,565,15,841 Broadway,1005650015,The Roosevelt Building,LP-02620,"Borough of Manhattan Tax Map Block 565, Lot 15 in part",Designated,,6/11/2019,Individual Landmark,,102,2,40.7344372,-73.9911524,1006100,MN0202,435.3855346,11008.40747,Commercial,Hell's Kitchen,Tier 4: Neighborhood Staple
1488,MN,564,41,840 Broadway,1005640041,840 Broadway Building,LP-02619,"Borough of Manhattan Tax Map Block 564, Lot 41",Designated,,6/11/2019,Individual Landmark,,102,2,40.7337428,-73.9907195,1006100,MN0202,288.1515329,3829.366125,Commercial,Harlem,Tier 4: Neighborhood Staple
1487,MN,564,39,836 Broadway,1005640039,836 Broadway Building,LP-02618,"Borough of Manhattan Tax Map Block 564, Lot 39",Designated,,6/11/2019,Individual Landmark,,102,2,40.7335726,-73.9905896,1006100,MN0202,552.0526031,11081.46482,Commercial,Harlem,Tier 4: Neighborhood Staple
1485,MN,1426,10,215 East 71st Street,1014260010,National Society of Colonial Dames in New York State Headquarters,LP-02605,"Borough of Manhattan Tax Map Block 1426, Lot 10",Designated,,6/11/2019,Individual Landmark,,108,5,40.768858,-73.9600209,1012602,MN0801,290.6731742,4308.090127,Other,Upper East Side,Tier 5: Ultra Niche / Insider Knowledge
1483,BK,351,10,236 President Street,3003510010,Hans S. Christian Memorial Kindergarten,LP-02611,"Borough of Brooklyn Tax Map Block 351, Lot 10",Designated,,9/18/2018,Individual Landmark,,306,39,40.6819494,-73.9978151,3006500,BK0601,277.5803889,3628.643523,Other,Williamsburg,Tier 5: Ultra Niche / Insider Knowledge
1476,BK,0,0,753 Manhattan Avenue,0,"Sidewalk Clock, 753 Manhattan Avenue",LP-01173,"The portion of the sidewalk on which the described improvement is situated adjacent to Borough of Brooklyn, Tax Map Block 2619, Lot 10.",Moved,,8/25/1981,Individual Landmark,,,,,,,BK0101,37.65154282,112.525582,Other,Williamsburg,Tier 5: Ultra Niche / Insider Knowledge
1475,BK,0,0,753 Manhattan Avenue,0,"Sidewalk Clock, 753 Manhattan Avenue",LP-01173,"Proposed Site: The portion of the sidewalk on which the described improvement is situated adjacent to Borough of Brooklyn, Tax Map Block 2619, Lot 17.",Proposed,,8/25/1981,Individual Landmark,,,,,,,BK0101,37.65151191,112.5253985,Other,Brooklyn Heights,Tier 5: Ultra Niche / Insider Knowledge
1474,MN,0,0,200 Fifth Avenue at West 23rd Street,0,"Sidewalk Clock, 200 Fifth Avenue",LP-01172,"The portion of the sidewalk on which the described improvement is situated adjacent to Borough of Manhattan, Tax Map Block 528, Lot 31.",Designated,,8/25/1981,Individual Landmark,,,,,,,MN0501,37.65120503,112.5235642,Other,Upper East Side,Tier 5: Ultra Niche / Insider Knowledge
1473,MN,0,0,522 Fifth Avenue,0,"Sidewalk Clock, 522 Fifth Avenue",LP-01171,"The portion of the sidewalk on which the described improvement is situated adjacent to Borough of Manhattan, Tax Map Block 1258, Lot 38.",Designated,,8/25/1981,Individual Landmark,,,,,,,MN0502,37.65134631,112.5244086,Other,Tribeca,Tier 5: Ultra Niche / Insider Knowledge
1472,MN,0,0,783 Fifth Avenue at East 59th Street,0,"Sidewalk Clock, 783 Fifth Avenue",LP-01170,"The portion of the sidewalk on which the described improvement is situated adjacent to Borough of Manhattan, Tax Map Block 1374, Lot 1.",Designated,,8/25/1981,Individual Landmark,,,,,,,MN0802,37.6513157,112.5242252,Other,Tribeca,Tier 5: Ultra Niche / Insider Knowledge
1465,MN,858,17,22 East 29th Street (aka 18-20 East 29th Street; 15-17 East 28th Street; 90-94 Madison Avenue),1008580017,Hotel Seville (now The James NoMad Hotel),LP-02602,"Borough of Manhattan Tax Map Block 858, Lot 17 in part",Designated,,3/6/2018,Individual Landmark,,105,2,40.7445237,-73.9858027,1007400,MN0501,715.4146373,18419.14786,Other,Tribeca,Tier 5: Ultra Niche / Insider Knowledge
1464,MN,858,58,95 Madison Avenue,1008580058,Emmet Building,LP-02603,"Borough of Manhattan Tax Map Block 858, Lot 58",Designated,,3/6/2018,Individual Landmark,,105,2,40.744326,-73.9851135,1007400,MN0501,413.9177203,10707.31337,Commercial,Greenwich Village,Tier 4: Neighborhood Staple
1396,MN,74,1,189 Front Street,1000740001,189 Front Street Building,LP-00073,"Borough of Manhattan Tax Map Block 74, Lot 10 in part, consisting of the land on which the described building is situated.",Designated,,10/29/1968,Individual Landmark,,101,1,40.7063586,-74.0038196,1001502,MN0101,171.8678216,1379.91212,Commercial,Hell's Kitchen,Tier 4: Neighborhood Staple
1395,MN,0,0,827-831 Broadway,0,827-831 Broadway Buildings,LP-02594,"Borough of Manhattan Tax Map Block 564, Lot 17, Block 564, Lot 19 in part",Designated,,10/31/2017,Individual Landmark,,102,2,40.7336742,-73.9914448,1006100,MN0202,366.7585527,7530.238923,Commercial,Upper East Side,Tier 4: Neighborhood Staple
1393,BK,609,23,120-130 West 14th Street,1006090023,The Salvation Army National and Territorial Headquarters,LP-02565,"Borough of Manhattan Tax Map Block 609, Lot 23 in part.",Designated,,10/17/2017,Individual Landmark,,102,3,40.7375282,-73.9983148,1007100,MN0203,604.1602299,19632.02726,Other,Brooklyn Heights,Tier 5: Ultra Niche / Insider Knowledge
1390,BK,244,13,185 Montague Street,3002440013,National Title Guaranty Company,LP-02587,"Borough of Brooklyn Tax Map Block 244, Lot 13.",Designated,,1/24/2017,Individual Landmark,,302,33,40.6943391,-73.9918177,3000900,BK0201,300.3052511,4897.464043,Commercial,Williamsburg,Tier 4: Neighborhood Staple
1389,BK,244,15,181 Montague Street,3002440015,People's Trust Company Building,LP-02586,"Borough of Brooklyn Tax Map Block 244, Lot 15, in part.",Designated,,1/24/2017,Individual Landmark,,302,33,40.6943857,-73.9919871,3000900,BK0201,302.6275292,5122.606641,Commercial,Brooklyn Heights,Tier 4: Neighborhood Staple
1386,BK,2446,51,183-195 Broadway,3024460051,183-195 Broadway,LP-01504,"Borough of Brooklyn Tax Map Block 2446, Lot 51",Designated,,12/13/2016,Individual Landmark,,301,34,40.7100441,-73.9618777,3052500,BK0102,473.5771973,13801.60863,Other,Park Slope,Tier 5: Ultra Niche / Insider Knowledge
1385,MN,2145,1,4140 Broadway,1021450001,United Palace (Formerly Loew's 175th Street Theatre),LP-00656,"Borough of Manhattan Tax Map Block 2145, Lot 1",Designated,,12/13/2016,Individual Landmark,,112,10,40.8464663,-73.9379083,1026300,MN1201,757.7791899,34021.77625,Other,Tribeca,Tier 5: Ultra Niche / Insider Knowledge
1384,MN,77,24,33-43 Gold Street,1000770024,Excelsior Steam Power Company Building,LP-00962,"Borough of Manhattan Tax Map Block 77, Lot 24 in part",Designated,,12/13/2016,Individual Landmark,,101,1,40.7089112,-74.0060128,1001502,MN0101,450.2391151,12399.0993,Commercial,Tribeca,Tier 4: Neighborhood Staple
1382,MN,1273,33,754 Fifth Avenue,1012730033,Bergdorf Goodman,LP-00735,"Borough of Manhattan Tax Map Block 1273, Lot 33",Designated,,12/13/2016,Individual Landmark,,105,4,40.7634851,-73.9740666,1011201,MN0502,690.2457501,27607.26722,Other,Greenwich Village,Tier 5: Ultra Niche / Insider Knowledge
1381,MN,1920,7,181 West 135th Street,1019200007,"Young Men's Christian Association Building, Harlem Branch (now) Jackie Robinson YMCA Youth Center",LP-01848,"Borough of Manhattan Tax Map Block 1920, Lot 7",Designated,,12/13/2016,Individual Landmark,,110,9,40.8152257,-73.9427785,1022800,MN1002,362.4492483,7972.068875,Commercial,Upper East Side,Tier 4: Neighborhood Staple
1376,MN,1285,59,18-20 East 50th Street,1012850059,Hampton Shops Building,LP-02580,"Borough of Manhattan Tax Map Block 1285, Lot 59",Designated,,11/22/2016,Individual Landmark,,105,4,40.7578506,-73.9761804,1010200,MN0502,328.760158,5982.892721,Commercial,Tribeca,Tier 4: Neighborhood Staple
1375,MN,1283,17,400 Madison Avenue,1012830017,400 Madison Avenue Building,LP-02576,"Borough of Manhattan Tax Map Block 1283, Lot 17",Designated,,11/22/2016,Individual Landmark,,105,4,40.7563768,-73.9769317,1009400,MN0502,496.0776023,9117.686736,Commercial,Harlem,Tier 4: Neighborhood Staple
1374,MN,1275,61,18 East 41st Street,1012750061,18 East 41st Street Building,LP-02581,"Borough of Manhattan Tax Map Block 1275, Lot 61",Designated,,11/22/2016,Individual Landmark,,105,4,40.7521972,-73.9804882,1008200,MN0502,309.1005762,5195.383573,Commercial,Hell's Kitchen,Tier 4: Neighborhood Staple
1373,MN,1296,1,125 Park Avenue,1012960001,Pershing Square Building,LP-02556,"Borough of Manhattan Tax Map Block 1296, Lot 1",Designated,,11/22/2016,Individual Landmark,,105,4,40.751601,-73.9775144,1008000,MN0603,692.5542368,28621.3517,Commercial,Tribeca,Tier 4: Neighborhood Staple
1372,MN,1280,60,420 Lexington Avenue,1012800060,Graybar Building,LP-02554,"Borough of Manhattan Tax Map Block 1280, Lot 60",Designated,,11/22/2016,Individual Landmark,,105,4,40.7526959,-73.975861,1009200,MN0604,1048.57383,68416.82226,Commercial,Tribeca,Tier 4: Neighborhood Staple
1370,MN,1302,51,511 Lexington Avenue,1013020051,Hotel Lexington,LP-02559,"Borough of Manhattan Tax Map Blcok 1302, Lot 51",Designated,,11/22/2016,Individual Landmark,,106,4,40.7548883,-73.9730268,1009200,MN0604,554.0221987,17820.0072,Other,Harlem,Tier 5: Ultra Niche / Insider Knowledge
1369,MN,1303,53,525 Lexington Avenue,1013030053,Shelton Hotel,LP-02557,"Borough of Manhattan Tax Map Blcok 1303, Lot 53",Designated,,11/22/2016,Individual Landmark,,106,4,40.7554619,-73.9726656,1009200,MN0604,693.2875443,22740.04238,Other,Greenwich Village,Tier 5: Ultra Niche / Insider Knowledge
1368,MN,1305,20,125 East 50th Street,1013050020,Beverly Hotel (now The Benjamin),LP-02555,"Borough of Manhattan Tax Map Block 1305, Lot 20",Designated,,11/22/2016,Individual Landmark,,106,4,40.7565953,-73.9719865,1010000,MN0604,401.8512094,7470.289598,Other,Greenwich Village,Tier 5: Ultra Niche / Insider Knowledge
1367,BK,2023,1,Dock Street at the foot of Third Street,3020230001,Dry Dock No. 1,LP-00895,"Borough of Brooklyn Tax Map Block 2023, Lot 1.",Designated,,9/23/1975,Individual Landmark,,302,33,40.7022575,-73.9727668,3054300,BK0261,37074.59252,7077302.002,Other,Park Slope,Tier 5: Ultra Niche / Insider Knowledge
1364,MN,151,29,315 Broadway,1001510029,315 Broadway Building,LP-01756,"Borough of Manhattan Tax Map Block 151, Lot 29",Designated,,6/28/2016,Individual Landmark,,101,1,40.7157374,-74.0053857,1003300,MN0102,300.1208767,4403.698027,Commercial,Tribeca,Tier 4: Neighborhood Staple
1345,MN,79,15,11 John Street,1000790015,Corbin Building,LP-02569,"Borough of Manhattan Tax Map Block 79, Lot 15 in part, consisting of the land underneath the described building.",Designated,,6/23/2015,Individual Landmark,,101,1,40.7103986,-74.0089706,1001502,MN0101,390.6687136,5331.804783,Commercial,Harlem,Tier 4: Neighborhood Staple
1343,MN,610,1,51-53 Christopher Street,1006100001,Stonewall Inn,LP-02574,"Borough of Manhattan, Tax Map Block 610, Lot 1 in part consisting of the land on which the buildings at 51-53 Christopher Street are situated",Designated,,6/23/2015,Individual Landmark,,102,3,40.7338694,-74.0022624,1007300,MN0203,291.0657433,4306.543277,Other,Harlem,Tier 5: Ultra Niche / Insider Knowledge
1337,MN,1029,14,1780 Broadway,1010290014,B. F. Goodrich Company Building,LP-02380,"Borough of Manhattan Tax Map Block 1029, Lot 14, in part, consisting of the land beneath 1780-82 Broadway",Designated,,11/10/2009,Individual Landmark,,105,6,40.7664727,-73.9812674,1013700,MN0502,354.7177639,6142.680956,Commercial,Harlem,Tier 4: Neighborhood Staple
1335,BK,255,36,176 Remsen Street,3002550036,Brooklyn Union Gas Company Building,LP-02336,Too long,Designated,,5/10/2011,Individual Landmark,,302,33,40.6931643,-73.9919981,3000900,BK0201,409.095683,10454.76808,Commercial,Brooklyn Heights,Tier 4: Neighborhood Staple
1331,MN,870,24,4 Irving Place,1008700024,Consolidated Edison Company Building,LP-02313,"Borough of Manhattan Tax Map Block 870, Lot 24 in part, consisting of the land on which the described building is situated, excluding the 1915 addition at 142 East 15th STreet and the parking lot to the east.",Designated,,2/10/2009,Individual Landmark,,106,2,40.7340005,-73.9877462,1005000,MN0602,1089.375635,69606.68514,Commercial,Harlem,Tier 4: Neighborhood Staple
1328,BK,3135,0,"71-83 Beaver Street, 31-47 Belvidere Street, 26-28 Locust Street",0,William Ulmer Brewery Complex,LP-02280,"Borough of Brooklyn Tax Map Block 3135, Lots 34, 27, 16",Designated,,5/11/2010,Individual Landmark,,304,34,40.6993697,-73.9369346,3038900,BK0401,1111.062152,25145.07914,Other,DUMBO,Tier 5: Ultra Niche / Insider Knowledge
1322,BK,2696,1,"Lorimer Street, between Driggs Avenue and Bayard Street",3026960001,McCarren Play Center,LP-02244,Too long,Designated,,7/24/2007,Individual Landmark,,301,33,40.7202174,-73.9506488,3051500,BK0102,2259.051629,292417.1126,Commercial,Brooklyn Heights,Tier 4: Neighborhood Staple
1321,BK,582,1,155 Bay Street,3005820001,Red Hook Play Center (Sol Goldman Pool),LP-02241,Too long,Designated,,11/18/2008,Individual Landmark,,306,38,40.6727901,-74.0038501,3005302,BK0601,1931.933285,237402.5231,Commercial,Park Slope,Tier 4: Neighborhood Staple
1320,BK,3570,1,Thomas Boyland Street between Livonia and Dumont Avenues,3035700001,Betsy Head Play Center,LP-02240,Too long,Designated,,9/16/2008,Individual Landmark,,316,41,40.6626952,-73.9133386,3089800,BK1602,1633.872383,154009.7876,Commercial,Bed-Stuy,Tier 4: Neighborhood Staple
1317,BK,978,0,360 3rd Avenue,0,"New York & Long Island Coignet Stone Company Building, Amendment to Landmark Site",LP-02202A,Too long,Designated,,1/24/2012,Individual Landmark,,306,39,40.6750156,-73.9882978,3011901,BK0601,213.4002034,2263.525341,Commercial,Brooklyn Heights,Tier 4: Neighborhood Staple
1312,BK,145,1,"503-513 Fulton Street, 234-248 Duffield Street",3001450001,Offerman Building,LP-02169,"Borough of Manhattan Tax Map Block 145, lot 35.",Designated,,3/15/2005,Individual Landmark,,302,33,40.6909596,-73.9848802,3001502,BK0202,769.2831338,26490.0405,Commercial,Bed-Stuy,Tier 4: Neighborhood Staple
1309,BK,2296,14,100-118 North 11th Street,3022960014,Hecla Iron Works Building,LP-02146,"Borough of Brooklyn Tax Map Block 2296, lot 14, in part, consisting of the land beneath the 1896-97 building.",Designated,,6/8/2004,Individual Landmark,,301,33,40.7208129,-73.9573296,3055700,BK0102,294.8964986,4480.137981,Commercial,Brooklyn Heights,Tier 4: Neighborhood Staple
1308,BK,66,18,100-110 Bridge Street,3000660018,Thomson Meter Company Building,LP-02139,Too long,Designated,(later New York Eskimo Pie Corporation Building),2/10/2004,Individual Landmark,,302,33,40.7011564,-73.9852385,3002100,BK0202,603.062089,21014.16376,Commercial,Bed-Stuy,Tier 4: Neighborhood Staple
1304,MN,1015,7501,217-247 West 43rd Street,1010157501,New York Times Building,LP-02091,"Borough of Manhattan Tax Map Block 1015, lot 12, in part consisting of the land beneath the original 1912-13 building and the 1922-24 and 1930-32 additions known as 217-247 West 43rd Street.",Designated,originally the Times Annex,4/24/2001,Individual Landmark,,105,3,40.7575093,-73.9874965,1011900,MN0502,822.5008492,29470.7858,Commercial,Upper East Side,Tier 4: Neighborhood Staple
1301,MN,25,19,25 Broad Street,1000250019,Broad Exchange Building,LP-02074,"Borough of Manhattan Tax Map Block 25, Lot 19.",Designated,,6/27/2000,Individual Landmark,,101,1,40.705919,-74.0107662,1000900,MN0101,984.9611418,30609.97136,Commercial,Harlem,Tier 4: Neighborhood Staple
1294,MN,23,7,1 Wall Street,1000230007,1 Wall Street Building,LP-02029,Too long,Designated,now the Bank of New York,3/6/2001,Individual Landmark,,101,1,40.7071211,-74.0118304,1000700,MN0101,594.74814,21159.53472,Commercial,Hell's Kitchen,Tier 4: Neighborhood Staple
1291,BK,1920,1,215 Ryerson Street,3019200001,Pratt Institute: Main Building Complex,LP-02010,"Borough of Brooklyn, Tax Map Block 1920, Lot 1 in part, consisting of the land on which the described building is situated.",Designated,,12/22/1981,Individual Landmark,,302,35,40.6910208,-73.9638935,3019300,BK0204,781.9410577,19371.14062,Commercial,Park Slope,Tier 4: Neighborhood Staple
1289,MN,1268,1,51 West 52nd Street,1012680001,CBS Building,LP-01971,"Borough of Manhattan Tax Map Block 1268, Lot 1 (excluding the portion of the lot subject to the Easement and Perpetual Maintenance Agreement between the 40 West 53rd Street Partnership and CBS Inc., made May 2, 1984, and described as Exhibit B).",Designated,,10/21/1997,Individual Landmark,,105,4,40.7612271,-73.9787457,1010400,MN0502,845.7828515,44680.17903,Commercial,Harlem,Tier 4: Neighborhood Staple
1288,MN,29,7501,56 Beaver Street,1000297501,Delmonico's Building,LP-01944,"Borough of Manhattan Tax Map Block 29, Lot 82 in part consisting of the portion of the lot occupied by the Delmonico's Building.",Designated,,2/13/1996,Individual Landmark,,101,1,40.7049556,-74.010409,1000900,MN0101,380.6982955,5737.504457,Commercial,Harlem,Tier 4: Neighborhood Staple
1286,BK,3429,3,617 Central Avenue,3034290003,Engine Company No. 252,LP-01931,"Borough of Brooklyn Tax Map Block 3429, Lot 3.",Designated,"originally Fire Engine Company 52, later Engine Company 152",10/19/1995,Individual Landmark,,304,37,40.6886896,-73.9081448,3041100,BK0402,249.8236286,2529.749676,Commercial,Bed-Stuy,Tier 4: Neighborhood Staple
1278,MN,793,61,140 West 18th Street,1007930061,140 West 18th Street Stable,LP-01819,"Borough of Manhattan Tax Map Block 793, Lot 61 in part, consisting of the land on which the described building is situated.",Designated,,12/11/1990,Individual Landmark,,104,3,40.7403854,-73.996828,1008100,MN0401,228.8893883,2070.0416,Other,Greenwich Village,Tier 5: Ultra Niche / Insider Knowledge
1269,MN,994,45,130-132 West 42nd Street and 113-137 West 41st Street,1009940045,Bush Tower,LP-01561,"Borough of Manhattan Tax Map Block 994, Lot 45 in part, consisting of the land on which the described building is situated.",Designated,,10/18/1988,Individual Landmark,,105,4,40.7549619,-73.9856417,1011300,MN0502,587.839819,14199.5696,Commercial,Tribeca,Tier 4: Neighborhood Staple
1268,BK,0,0,spanning the Gowanus Canal,0,Carroll Street Bridge,LP-01553,Too long,Designated,,9/29/1987,Individual Landmark,,,,,,,BK0601,559.0401418,14664.47582,Other,DUMBO,Tier 5: Ultra Niche / Insider Knowledge
1267,MN,1271,39,714 Fifth Avenue,1012710039,Coty Building,LP-01534,"Borough of Manhattan Tax Map Block 1271, Lot 39.",Designated,"later the Rizzoli Building, now part of the Henri Bendel Store",1/29/1985,Individual Landmark,,105,4,40.7622941,-73.975103,1010400,MN0502,277.5700418,3295.711565,Commercial,Upper East Side,Tier 4: Neighborhood Staple
1266,MN,1271,38,712 Fifth Avenue,1012710038,712 Fifth Avenue Building,LP-01533,"Tax Map Block 1271, Lot 38 in part, consisting of that portion of the lot, formerly known as lot 38, on which 712 Fifth Avenue is situated, and excluding that portion of the lot, formerly known as lot 42, on which 2 West 56th Street is situated.",Designated,"later the Rizzoli Building, now part of the Henri Bendel Store",1/29/1985,Individual Landmark,,105,4,40.7622941,-73.975103,1010400,MN0502,272.9753651,2920.831168,Commercial,Hell's Kitchen,Tier 4: Neighborhood Staple
1265,MN,23,19,8-18 Broad Street,1000230019,New York Stock Exchange,LP-01529,"Borough of Manhattan Tax Map Block 23, Lot 19 in part consisting of the land on which the described building is situated.",Designated,,7/9/1985,Individual Landmark,,101,1,40.7070306,-74.011192,1000700,MN0101,564.9537753,18395.56531,Other,Hell's Kitchen,Tier 2: National Draw
1261,MN,153,1,280 Broadway,1001530001,A. T. Stewart Store,LP-01439,"Borough of Manhattan Tax Map Block 153, Lot 1 in part consisting of the land on which the described building is situtated.",Designated,designated as the Sun Building,10/7/1986,Individual Landmark,,101,1,40.7142333,-74.0056525,1003100,MN0102,754.7807625,33947.07275,Commercial,Greenwich Village,Tier 4: Neighborhood Staple
1246,MN,1705,1,First Avenue between East 111st and 114th Streets,1017050001,Thomas Jefferson Play Center,LP-02236,Too long,Designated,,7/24/2007,Individual Landmark,,111,8,40.793201,-73.9355925,1017800,MN1102,1619.99575,159631.9475,Commercial,Upper East Side,Tier 4: Neighborhood Staple
1241,MN,0,0,"Broadway, from West 122nd to West 135th Streets",0,"Interborough Rapid Transit System, Manhattan Valley Viaduct",LP-01094,"The portions of the roadbed of Broadway containing the above described structure, Borough of Manhattan.",Designated,,11/24/1981,Individual Landmark,,,,,,,MN0902,6819.515774,150160.4488,Other,Greenwich Village,Tier 5: Ultra Niche / Insider Knowledge
1240,MN,841,49,452 Fifth Avenue,1008410049,Knox Building,LP-01091,"Borough of Manhattan, Tax Map Block 841, Lot 49.",Designated,,9/23/1980,Individual Landmark,,105,4,40.7520493,-73.982477,1008400,MN0502,370.461713,5120.362824,Commercial,Tribeca,Tier 4: Neighborhood Staple
1238,MN,193,0,46-50 White Street,0,Woods Mercantile Buildings,LP-01040,"Borough of Manhattan Tax Map Block 193, Lots 10 and 11.",Designated,,9/11/1979,Individual Landmark,,101,1,40.7186716,-74.0039357,1003300,MN0102,360.7117229,7931.035055,Commercial,Tribeca,Tier 4: Neighborhood Staple
1232,BK,6153,1,Whiting Quadrangle,3061530001,Fort Hamilton Casemate Fort,LP-00953,"Borough of Brooklyn Tax Map Block 6153, Lot 1 in part consisting of the land described above.",Designated,now the  Officers' Club,3/8/1977,Individual Landmark,,310,50,40.6082374,-74.0290605,3016400,BK1061,2369.058568,298742.4826,Other,Park Slope,Tier 5: Ultra Niche / Insider Knowledge
1230,MN,1254,1,Riverside Drive at West 89th Street,1012540001,Soldiers' and Sailors' Monument,LP-00932,"Borough of Manhattan Tax Map Block 1254, Lot 1 in part.",Designated,,9/14/1976,Individual Landmark,,107,6,40.7960655,-73.9757911,1016700,MN0702,819.5880962,17567.51457,Other,Tribeca,Tier 5: Ultra Niche / Insider Knowledge
1225,MN,841,71,40 West 40th Street,1008410071,American Radiator Building,LP-00878,"Borough of Manhattan Tax Map Block 841, Lot 71 in part, consisitng of the land on which the described building is situated.",Designated,now the Bryant Park Hotel,11/12/1974,Individual Landmark,,105,4,40.7527851,-73.9838086,1008400,MN0502,311.2906985,5958.843483,Commercial,Greenwich Village,Tier 4: Neighborhood Staple
1216,BK,200,5,8 Cadman Plaza West (Old Fulton Street),3002000005,Brooklyn City Railroad Company Building,LP-00718,"Borough of Brooklyn Tax Map Block 200, Lot 1.",Designated,,2/20/1973,Individual Landmark,,302,33,40.7026943,-73.9947163,3000100,BK0201,510.4341385,8655.72021,Commercial,DUMBO,Tier 4: Neighborhood Staple
1211,BK,1785,161,679 Lafayette Avenue,3017850161,Magnolia Grandiflora,LP-00641,Too long,Designated,,5/12/1970,Individual Landmark,,303,36,40.6906271,-73.9468772,3026100,BK0301,121.3365993,815.9180348,Other,DUMBO,Tier 5: Ultra Niche / Insider Knowledge
1194,MN,1,10,Andes Road,1000010010,Fort Jay,LP-00543,"Borough of Manhattan Tax Map Block 1, Lot 10 in part, consisting of the land on which the described improvement is situated.",Designated,designated as Fort Jay,9/19/1967,Individual Landmark,,101,1,40.6887742,-74.0187035,1000500,MN0191,2358.068914,296892.7232,Other,Greenwich Village,Tier 5: Ultra Niche / Insider Knowledge
1193,MN,1,10,Hay Road,1000010010,Castle Williams,LP-00542,"Borough of Manhattan Tax Map Block 1, Lot 10 in part, consisting of the land on which the described improvement is situated.",Designated,,9/19/1967,Individual Landmark,,101,1,40.6887742,-74.0187035,1000500,MN0191,667.5430979,33524.67019,Other,Harlem,Tier 5: Ultra Niche / Insider Knowledge
1186,MN,1506,21,Madison Avenue between East 94th and 95th Streets,1015060021,Squadron A Armory,LP-00398,"Borough of Manhattan Tax Map Block 1506, Lot 21 in part, consisting of the land on which the described improvement is situated.",Designated,,10/19/1966,Individual Landmark,,108,5,40.7859143,-73.9541353,1016001,MN0802,597.363627,4046.110779,Other,Tribeca,Tier 5: Ultra Niche / Insider Knowledge
1172,MN,1111,1,Central Park at East 64th Street,1011110001,The Arsenal,LP-00312,"Borough of Manhattan Tax Map Block 1111, Lot 1 in part, consisting of the land on which the described building is situated.",Designated,now the Administration Building of the New York City Department of Parks and Recreation,10/12/1967,Individual Landmark,,164,4,40.7824929,-73.9655482,1012200,MN6491,532.9011359,9760.327583,Other,Upper East Side,Tier 5: Ultra Niche / Insider Knowledge
1152,BK,1183,26,200 Eastern Parkway at Washington Avenue,3011830026,Brooklyn Institute of Arts and Sciences,LP-00155,"Borough of Brooklyn Tax Map Block 1183, Lot 26.",Designated,now the Brooklyn Museum,3/15/1966,Individual Landmark,,355,35,40.6705529,-73.9637567,3017700,BK5591,2982.978909,522111.9482,Other,DUMBO,Tier 5: Ultra Niche / Insider Knowledge
1139,MN,1373,1,"Roosevelt Island, located approximately opposite East 52nd Street",1013730001,Strecker Laboratory,LP-00909,"Tax Map Block 1373, Lot 1 in part consisting of the land on which the described building is situated.",Designated,,3/23/1976,Individual Landmark,,108,5,40.7661789,-73.9459217,1023804,MN0801,195.2411867,1863.535938,Other,Harlem,Tier 5: Ultra Niche / Insider Knowledge
1135,MN,1373,1,"Roosevelt Island, located approximately opposite East 79th Street",1013730001,New York City Lunatic Asylum,LP-00910,"Tax Map Block 1373, Lot 1 in part consisting of the land on which the described building is situated.",Designated,designated as Octagon Tower,3/23/1976,Individual Landmark,,108,5,40.7661789,-73.9459217,1023804,MN0801,287.6857709,5591.387378,Other,Greenwich Village,Tier 5: Ultra Niche / Insider Knowledge
1132,MN,2179,701,Fort Tryon Park,1021790701,The Cloisters,LP-00835,"Borough of Manhattan Tax Map Block 2179, Lot 701 in part, consisting of the land on which the described building is situated.",Designated,,3/19/1974,Individual Landmark,,112,10,40.8648989,-73.9317269,1027300,MN1202,1076.751919,41386.35343,Other,Harlem,Tier 5: Ultra Niche / Insider Knowledge
1131,MN,1957,0,Convent Avenue between West 138th and 140th Streets,0,City College,LP-01036,"Borough of Manhattan Tax Map Block 1957, Lots 105 and 200 in part, consisting of the land bounded by St. Nicholas Terrace, West 140th Street, Amsterdam Avenue, and a line extending eastward from the northern curb line of West 138th Street (excluding lots",Designated,"now City College North Campus, City University of New Yory",5/26/1981,Individual Landmark,,,,,,,MN0902,3220.145457,347660.1635,Other,Harlem,Tier 5: Ultra Niche / Insider Knowledge
1128,MN,16,1,Battery Park,1000160001,Pier A,LP-00918,"Borough of Manhattan, Tax Map Block 16, Lot 1.",Designated,,7/12/1977,Individual Landmark,,101,1,40.7041011,-74.0180334,1031704,MN0101,736.3547505,14195.17278,Other,Upper East Side,Tier 5: Ultra Niche / Insider Knowledge
1126,BK,8697,4,834 Surf Avenue,3086970004,The Cyclone,LP-01636,"Borough of Brooklyn Tax Map Block 8697, Lot 4 in part consisting of the land on which the described improvement is situated.",Designated,,7/12/1988,Individual Landmark,,313,47,40.574368,-73.9777288,3035200,BK1302,1065.669893,27205.58776,Other,DUMBO,Tier 5: Ultra Niche / Insider Knowledge
1125,BK,7073,101,Riegelmann Boardwalk at West 16th Street,3070730101,Parachute Jump,LP-01638,"Borough of Brooklyn Tax Map Block 7073, Lot 1 in part consisting of the property encompassed by the concrete platform beneath the described improvement.",Designated,,5/23/1989,Individual Landmark,,313,47,40.573919,-73.9847303,3035200,BK1302,646.6938898,20744.84335,Other,Williamsburg,Tier 5: Ultra Niche / Insider Knowledge
1124,BK,921,1,"7th Avenue, between 41st and 44th Streets",3009210001,Sunset Play Center,LP-02242,Too Long,Designated,,7/24/2007,Individual Landmark,,307,38,40.6479745,-74.0037442,3008600,BK0703,3020.181019,421287.022,Commercial,Park Slope,Tier 4: Neighborhood Staple
1121,BK,0,0,Grand Army Plaza,0,Soldiers' and Sailors' Memorial Arch,LP-00821,"Borough of Brooklyn Tax Map Block 1117, Lot 1 in part, consisting of the land on which the described improvement is situated.",Designated,,10/16/1973,Individual Landmark,,,,,,,BK0602,219.1204858,1592.481811,Other,Park Slope,Tier 5: Ultra Niche / Insider Knowledge
1119,BK,1117,1,Prospect Park near Parkside Avenue,3011170001,Croquet Shelter,LP-00154,"Borough of Brooklyn Tax Map Block 1117, Lot 1 in part, consisting of the land on which the described improvement is situated.",Designated,also known as the Grecian Shelter,12/10/1968,Individual Landmark,,355,39,40.6613843,-73.9696332,3017700,BK5591,197.6890042,1789.595806,Other,Williamsburg,Tier 5: Ultra Niche / Insider Knowledge
1096,MN,12,28,Bowling Green Park,1000120028,Bowling Green Fence,LP-00548,"Borough of Manhattan Tax Map Block 12, Lot 28 in part, consisting of the land on which the described improvement is situated.",Designated,,7/14/1970,Individual Landmark,,101,1,40.7049965,-74.0136406,1001300,MN0101,1090.862393,2727.13771,Other,Harlem,Tier 5: Ultra Niche / Insider Knowledge
1079,MN,981,2,Asser Levy Place at East 23rd Street,1009810002,Public Baths,LP-00842,"Borough of Manhattan Tax Map Block 981, Lot 2 in part, consisting of the land on which the described building is situated",Designated,,3/19/1974,Individual Landmark,,106,4,40.7363508,-73.975488,1006200,MN0603,643.6882471,18902.33654,Other,Greenwich Village,Tier 5: Ultra Niche / Insider Knowledge
1074,MN,0,0,Bradhurst Avenue between West 145th and West 153rd Streets,0,Jackie Robinson Play Center,LP-02238,"Tax Map Block 2052, Lot 1, and portions of the adjacent public way, consisting of the property bounded by a line extending northerly from the intersection of the western curbline of Bradhurst Avenue and the northern curbline of West 145th Street to the s",Designated,,4/10/2007,Individual Landmark,,110,9,40.8265825,-73.9411319,1023100,MN0903,5797.962013,676995.4186,Commercial,Upper East Side,Tier 4: Neighborhood Staple
1071,MN,2106,1,High Bridge Park,1021060001,High Bridge Water Tower,LP-00319,"Borough of Manhattan Tax Map Block 2106, Lot 1 in part, consisting of the land on which the described improvement is situated",Designated,,7/12/1967,Individual Landmark,,112,10,40.8411172,-73.9336921,1031100,MN1291,113.1862167,966.5236933,Commercial,Harlem,Tier 4: Neighborhood Staple
1070,MN,2106,1,"Amsterdam Avenue, between West 172nd and West 174th Streets",1021060001,Highbridge Play Center,LP-02237,Too long,Designated,,8/14/2007,Individual Landmark,,112,10,40.8411172,-73.9336921,1031100,MN1291,2133.878511,287681.8392,Commercial,Upper East Side,Tier 4: Neighborhood Staple
1068,MN,1587,1,Franklin Delano Roosevelt Drive at East 90th Street,1015870001,Municipal Asphalt Plant,LP-00905,"Borough of Manhattan Tax Map Block 1587, Lot 1 in part consisting of the land on which the described building is situated",Designated,now the Murphy Center at Asphalt Green,1/27/1976,Individual Landmark,,108,5,40.7786473,-73.9440159,1015200,MN0803,320.2689516,6245.354176,Other,Harlem,Tier 5: Ultra Niche / Insider Knowledge
1065,MN,1264,0,600 Fifth Avenue,0,Manufacturers Hanover Trust Building,LP-01447,"Borough of Manhattan Tax Map Block 1264, Lot 30.",Designated,,4/23/1985,Individual Landmark,,105,4,40.7576753,-73.9784472,1009600,MN0502,860.473693,27167.71281,Commercial,Tribeca,Tier 4: Neighborhood Staple
1061,MN,1312,0,465 Park Avenue,0,Ritz Tower,LP-02118A,"Borough of Manhattan Tax Map Block 1312, Lot 70; amended to include Tax Map Block 1312, Lots 1301, 1302.",Designated,,10/29/2002,Individual Landmark,,105,4,40.7616396,-73.9701218,1011203,MN0604,477.7434394,12473.22738,Commercial,Upper East Side,Tier 4: Neighborhood Staple
1059,MN,812,1,485 Seventh Avenue,1008120001,Mills Hotel No. 3,LP-02424,"Borough of Manhattan Tax Map Block 812, Lot 1",Designated,,10/28/2014,Individual Landmark,,105,3,40.7522807,-73.9891361,1010900,MN0502,554.6250541,17591.08291,Other,Harlem,Tier 5: Ultra Niche / Insider Knowledge
1058,MN,74,1,10 Fulton Street,1000740001,10 Fulton Street Building,LP-00063,"Borough of Manhattan Tax Map Block 74, Lot 19.",Designated,,10/29/1968,Individual Landmark,,101,1,40.7063586,-74.0038196,1001502,MN0101,172.9005457,1326.356863,Commercial,Harlem,Tier 4: Neighborhood Staple
1056,BK,5133,14,2227-2323 Beverly Road,3051330014,Sears Roebuck & Company Department Store,LP-02469,Too long,Designated,,5/15/2012,Individual Landmark,,314,40,40.6451581,-73.9554465,3079201,BK1401,959.1242805,47793.42307,Commercial,Williamsburg,Tier 4: Neighborhood Staple
1055,MN,859,26,27 East 29th Street,1008590026,Martha Washington Hotel,LP-02428,"Borough of Manhattan Tax Map Block 859, Lot 26 in part, consisting of the land on which the described building is located.",Designated,,6/12/2012,Individual Landmark,,105,2,40.7447019,-73.9844746,1007400,MN0501,569.3072255,15871.01765,Other,Upper East Side,Tier 5: Ultra Niche / Insider Knowledge
1048,MN,1116,29,2 West 64th Street,1011160029,New York Society for Ethical Culture,LP-00831,"Borough of Manhattan Tax Map Block 1116, Lot 29 in part, consisting of the land on which the described building is stiuated.",Designated,,7/23/1974,Individual Landmark,,107,6,40.7709712,-73.9801867,1014900,MN0701,378.7162932,8328.888227,Other,Greenwich Village,Tier 5: Ultra Niche / Insider Knowledge
1047,MN,853,1,1 Madison Avenue,1008530001,Metropolitan Life Insurance Company Tower,LP-01530,Too long,Designated,,6/13/1989,Individual Landmark,,105,2,40.7412686,-73.9873552,1005600,MN0501,327.6593726,6644.668683,Commercial,Hell's Kitchen,Tier 4: Neighborhood Staple
1042,MN,558,43,126-128 East 13th Street,1005580043,Van Tassell & Kearney Auction Mart,LP-02205,"Block 558, Lot 43, in part, consisting of the property on which the 1903-04 structure is located.",Designated,,5/15/2012,Individual Landmark,,103,2,40.7326968,-73.9887351,1004200,MN0303,301.7355656,4980.412422,Other,Harlem,Tier 5: Ultra Niche / Insider Knowledge
1040,MN,464,37,137 Second Avenue,1004640037,Deutsches (German) Dispensary,LP-00924,"Borough of Manhattan, Tax Map Block 464, Lot 37 in part consisting of the land on which the described building is situated.",Designated,later Stuyvesant Polyclinic Hospital,11/9/1976,Individual Landmark,,103,2,40.7290325,-73.9878013,1003800,MN0303,271.6713676,3219.320628,Other,Harlem,Tier 5: Ultra Niche / Insider Knowledge
1038,MN,529,0,1-5 Bond Street,0,Robbins & Appleton Building,LP-01038,"Borough of Manhattan Tax Map Block 529, Lot 10 and portions of Shinbone Alley which are located to the west and the south of Lot 10.",Designated,,5/22/1979,Individual Landmark,,102,2,40.7266561,-73.9947613,1005502,MN0202,454.4764758,12567.65943,Commercial,Greenwich Village,Tier 4: Neighborhood Staple
1037,MN,524,0,100 and 110 Bleecker Street and 505 LaGuardia Place,0,University Village,LP-02300,Too long,Designated,now called Silver Towers I & II and 505 LaGuardia Place,11/18/2008,Individual Landmark,,102,2,40.7267934,-73.9979543,1005501,MN0202,1640.218712,147014.4115,Other,Greenwich Village,Tier 5: Ultra Niche / Insider Knowledge
1036,MN,289,0,Manhattan Bridge Plaza at Canal Street,0,Manhattan Bridge Arch and Colonnade,LP-00899,"Borough of Manhattan Tax Map Block 290, Lot 1 in part consisting of the land on which the described improvement is situated.",Designated,,11/25/1975,Individual Landmark,,103,1,40.7151665,-73.994921,1001600,MN0301,687.5826887,4519.678137,Other,Hell's Kitchen,Tier 5: Ultra Niche / Insider Knowledge
1033,MN,426,8,227 Bowery,1004260008,Bowery Mission,LP-02494,Too long,Designated,,6/26/2012,Individual Landmark,,103,1,40.7219734,-73.9928424,1003601,MN0302,282.8913273,2955.210736,Other,Harlem,Tier 5: Ultra Niche / Insider Knowledge
1031,MN,308,0,315-317 Grand Street and 319-321 Grand Street,0,Edward Ridley & Sons Department Store Buildings,LP-02397,"Borough of Manhattan Tax Map Block 308, Lots 14 and 15",Designated,,9/11/2012,Individual Landmark,,103,1,40.7171151,-73.9911006,1001600,MN0301,329.6956198,6732.12066,Commercial,Tribeca,Tier 4: Neighborhood Staple
1028,MN,288,78,267 Henry Street,1002880078,267 Henry Street Building,LP-00097,"Borough of Manhattan Tax Map Block 287, Lot 8 in part, consisting of the land on which the described building is situated.",Designated,a part of the Henry Street Settlement,1/18/1966,Individual Landmark,,103,1,40.7140759,-73.9844782,1000202,MN0302,226.592563,1872.949276,Commercial,Tribeca,Tier 4: Neighborhood Staple
1027,MN,288,78,265 Henry Street,1002880078,265 Henry Street Building,LP-00096,"Borough of Manhattan Tax Map Block 287, Lot 8 in part, consisting of the land on which the described building is situated.",Designated,a part of the Henry Street Settlement,1/18/1966,Individual Landmark,,103,1,40.7140759,-73.9844782,1000202,MN0302,135.657967,1032.394717,Commercial,Upper East Side,Tier 4: Neighborhood Staple
1026,MN,297,1,31 Canal Street,1002970001,Loew's Canal Street Theatre,LP-02368,Too long,Designated,,9/14/2010,Individual Landmark,,103,1,40.7150263,-73.9906752,1001600,MN0301,166.5128054,1351.401322,Other,Tribeca,Tier 5: Ultra Niche / Insider Knowledge
1021,MN,1719,1,Marcus Garvey Park,1017190001,Watch Tower,LP-00313,"Borough of Manhattan Tax Map Block 1719, Lot 1 in part, consisting of the land on which the described improvement is situated.",Designated,,7/12/1967,Individual Landmark,,111,9,40.8044833,-73.9436727,1019800,MN1102,57.8281506,250.7047298,Commercial,Harlem,Tier 4: Neighborhood Staple
1014,MN,74,1,191 Front Street,1000740001,191 Front Street Building,LP-00056,"Borough of Manhattan Tax Map Block 74, Lot 12.",Designated,,10/29/1968,Individual Landmark,,101,1,40.7063586,-74.0038196,1001502,MN0101,168.5023795,1270.1852,Commercial,Upper East Side,Tier 4: Neighborhood Staple
1013,MN,74,1,159-163 John Street,1000740001,159-163 John Street Building,LP-00072,"Borough of Manhattan Tax Map Block 74, Lot 10 in part, consisting of the land on which the described building is situated.",Designated,,10/29/1968,Individual Landmark,,101,1,40.7063586,-74.0038196,1001502,MN0101,210.7622793,2279.156437,Commercial,Tribeca,Tier 4: Neighborhood Staple
1012,MN,74,1,165 John Street,1000740001,165 John Street Building,LP-00071,"Borough of Manhattan Tax Map Block 74, Lot 9.",Designated,,10/29/1968,Individual Landmark,,101,1,40.7063586,-74.0038196,1001502,MN0101,190.576456,1566.59348,Commercial,Hell's Kitchen,Tier 4: Neighborhood Staple
1011,MN,74,1,167-171 John Street,1000740001,167-171 John Street Building,LP-00070,"Borough of Manhattan Tax Map Block 74, Lot 8.",Designated,,10/29/1968,Individual Landmark,,101,1,40.7063586,-74.0038196,1001502,MN0101,265.6672872,4378.985462,Commercial,Tribeca,Tier 4: Neighborhood Staple
1010,MN,74,1,91 South Street,1000740001,91 South Street Building,LP-00069,"Borough of Manhattan Tax Map Block 74, Lot 3.",Designated,,10/29/1968,Individual Landmark,,101,1,40.7063586,-74.0038196,1001502,MN0101,182.5525976,1362.497223,Commercial,Tribeca,Tier 4: Neighborhood Staple
1009,MN,74,1,92 South Street,1000740001,92 South Street Building,LP-00068,"Borough of Manhattan Tax Map Block 74, Lot 2.",Designated,,10/29/1968,Individual Landmark,,101,1,40.7063586,-74.0038196,1001502,MN0101,180.0620863,1233.425929,Commercial,Upper East Side,Tier 4: Neighborhood Staple
1008,MN,74,1,2 Fulton Street,1000740001,2 Fulton Street Building,LP-00067,"Borough of Manhattan Tax Map Block 74, Lot 1.",Designated,,10/29/1968,Individual Landmark,,101,1,40.7063586,-74.0038196,1001502,MN0101,204.9920658,2118.249712,Commercial,Upper East Side,Tier 4: Neighborhood Staple
1007,MN,74,1,4 Fulton Street,1000740001,4 Fulton Street Building,LP-00066,"Borough of Manhattan Tax Map Block 74, Lot 22.",Designated,,10/29/1968,Individual Landmark,,101,1,40.7063586,-74.0038196,1001502,MN0101,156.7953735,1084.814074,Commercial,Harlem,Tier 4: Neighborhood Staple
1006,MN,74,1,6 Fulton Street,1000740001,6 Fulton Street Building,LP-00065,"Borough of Manhattan Tax Map Block 74, Lot 21.",Designated,,10/29/1968,Individual Landmark,,101,1,40.7063586,-74.0038196,1001502,MN0101,167.0968199,1320.381252,Commercial,Hell's Kitchen,Tier 4: Neighborhood Staple
1005,MN,74,1,8 Fulton Street,1000740001,8 Fulton Street Building,LP-00064,"Borough of Manhattan Tax Map Block 74, Lot 20.",Designated,,10/29/1968,Individual Landmark,,101,1,40.7063586,-74.0038196,1001502,MN0101,168.7484858,1285.071527,Commercial,Greenwich Village,Tier 4: Neighborhood Staple
1004,MN,74,1,12 Fulton Street,1000740001,12 Fulton Street Building,LP-00062,"Borough of Manhattan Tax Map Block 74, Lot 18.",Designated,,10/29/1968,Individual Landmark,,101,1,40.7063586,-74.0038196,1001502,MN0101,178.524041,1433.723406,Commercial,Hell's Kitchen,Tier 4: Neighborhood Staple
1003,MN,74,1,14 Fulton Street,1000740001,14 Fulton Street Building,LP-00061,"Borough of Manhattan Tax Map Block 74, Lot 15 in part, consisting of the land on which the described building is situated.",Designated,,10/29/1968,Individual Landmark,,101,1,40.7063586,-74.0038196,1001502,MN0101,119.7328519,829.6901576,Commercial,Tribeca,Tier 4: Neighborhood Staple
1002,MN,74,1,16 Fulton Street,1000740001,16 Fulton Street Building,LP-00060,"Borough of Manhattan Tax Map Block 74, Lot 15 in part, consisting of the land on which the described building is situated.",Designated,,10/29/1968,Individual Landmark,,101,1,40.7063586,-74.0038196,1001502,MN0101,121.202479,862.6979404,Commercial,Hell's Kitchen,Tier 4: Neighborhood Staple
1001,MN,74,1,18 Fulton Street,1000740001,18 Fulton Street Building,LP-00059,"Borough of Manhattan Tax Map Block 74, Lot 15 in part, consisting of the land on which the described building is situated.",Designated,,10/29/1968,Individual Landmark,,101,1,40.7063586,-74.0038196,1001502,MN0101,141.4887047,1241.127921,Commercial,Tribeca,Tier 4: Neighborhood Staple
1000,MN,74,1,195 Front Street,1000740001,195 Front Street Building,LP-00058,"Borough of Manhattan Tax Map Block 74, Lot 15 in part, consisting of the land on which the described building is situated.",Designated,,10/29/1968,Individual Landmark,,101,1,40.7063586,-74.0038196,1001502,MN0101,190.6509875,1417.963935,Commercial,Tribeca,Tier 4: Neighborhood Staple
999,MN,74,1,193 Front Street,1000740001,193 Front Street Building,LP-00057,"Borough of Manhattan Tax Map Block 74, Lot 13.",Designated,,10/29/1968,Individual Landmark,,101,1,40.7063586,-74.0038196,1001502,MN0101,194.9609239,1539.382455,Commercial,Tribeca,Tier 4: Neighborhood Staple
998,MN,26,7501,23 Wall Street,1000267501,J. P. Morgan & Co. Building,LP-00039,"Borough of Manhattan Tax Map Block 26, Lot 1 in part, consisting of the land on which the described four-story building is situated.",Designated,,12/21/1965,Individual Landmark,,101,1,40.7065311,-74.0105896,1000700,MN0101,411.8343284,10751.37765,Commercial,Harlem,Tier 4: Neighborhood Staple
996,MN,3,1,Battery Park,1000030001,Castle Clinton,LP-00029,"Borough of Manhattan Tax Map Block 3 in part, consisting of the land on which the described building is situated.",Designated,now Castle Clinton National Monument,11/23/1965,Individual Landmark,,101,1,40.7028059,-74.015631,1031900,MN0191,639.031686,29787.27044,Other,Hell's Kitchen,Tier 5: Ultra Niche / Insider Knowledge
930,BK,2471,8,103 Broadway,3024710008,"Smith, Gray & Company Building",LP-02161,"Borough of Brooklyn Tax Map Block 2471, Lot 8.",Designated,,6/7/2005,Individual Landmark,,301,34,40.7106269,-73.9647954,3054900,BK0102,183.5900534,1697.463002,Commercial,Williamsburg,Tier 4: Neighborhood Staple
925,BK,2132,30,143 South 8th Street,3021320030,Long Island Business College,LP-02544,"Borough of Brooklyn, Tax Map Block 2132, Lot 30",Designated,,9/17/2013,Individual Landmark,,301,34,40.709641,-73.9629924,3054900,BK0102,399.1902202,9935.558423,Other,Brooklyn Heights,Tier 5: Ultra Niche / Insider Knowledge
915,BK,8775,41,1901-1929 Emmons Avenue,3087750041,F.W.I.L. Lundy Brothers Restaurant Building,LP-01706,"Borough of Brooklyn Tax Map Block 8775, Lot 41.",Designated,,3/3/1992,Individual Landmark,,315,48,40.5839795,-73.949133,3060800,BK1503,845.6537801,42140.59432,Commercial,Williamsburg,Tier 4: Neighborhood Staple
906,BK,3339,19,1054 Bushwick Avenue,3033390019,"Ridgewood Lodge No. 710, Free and Accepted Masons",LP-02541,"Borough of Brooklyn Tax Map Block 3339, Lot 19.",Designated,,7/22/2014,Individual Landmark,,304,37,40.6905517,-73.920763,3039700,BK0402,418.0246856,7309.94217,Other,DUMBO,Tier 5: Ultra Niche / Insider Knowledge
874,BK,1199,15,1322 Bedford Avenue,3011990015,23rd Regiment Armory,LP-00950,"Borough of Brooklyn Tax Map Block 1199, Lot 15.",Designated,,3/8/1977,Individual Landmark,,308,35,40.6784269,-73.9538235,3022100,BK0802,1356.59461,95021.41302,Other,DUMBO,Tier 5: Ultra Niche / Insider Knowledge
868,BK,1239,1,1469 Bedford Avenue,3012390001,Studebaker Building,LP-02083,"Borough of Brooklyn Tax Map 1239, Lot 1.",Designated,,12/19/2000,Individual Landmark,,308,36,40.6729072,-73.9539391,3021900,BK0802,332.8906727,6559.753388,Commercial,DUMBO,Tier 4: Neighborhood Staple
865,BK,8696,145,3059 West 12th Street,3086960145,Wonder Wheel,LP-01708,Too long,Designated,,5/23/1989,Individual Landmark,,313,47,40.5742832,-73.9791004,3035200,BK1302,1288.656734,40807.96339,Other,DUMBO,Tier 5: Ultra Niche / Insider Knowledge
864,BK,8694,18,1208 Surf Avenue,3086940018,Child's Restaurant Building,LP-02410,Borough of Brooklyn Tax Nao Block 8694 Lot 18.,Designated,,1/11/2011,Individual Landmark,,313,47,40.5752468,-73.9798524,3035200,BK1302,356.7473156,6559.206356,Commercial,Bed-Stuy,Tier 4: Neighborhood Staple
863,BK,6859,67,2425-2427 86th Street,3068590067,Fire Engine Company 253,LP-01986,"Borough of Brooklyn Tax Map Block 6859, Lot 67.",Designated,originally Engine Company 53,9/15/1998,Individual Landmark,,311,43,40.5990207,-73.9884444,3029800,BK1103,288.3984704,4234.753887,Commercial,Brooklyn Heights,Tier 4: Neighborhood Staple
862,BK,7071,130,2101 Boardwalk at West 21st Street,3070710130,Child's Restaurant Building,LP-02106,"Borough of Brooklyn Tax Map Block 7071, Lot 130.",Designated,,2/4/2003,Individual Landmark,,313,47,40.572912,-73.9876066,3035200,BK1302,715.0433902,25667.26676,Commercial,Brooklyn Heights,Tier 4: Neighborhood Staple
856,BK,154,17,372 Fulton Street,3001540017,Gage & Tollner Restaurant,LP-00836,"Borough of Brooklyn Tax Map Block 154, Lot 17.",Designated,,11/12/1974,Individual Landmark,,302,33,40.6913332,-73.9878298,3003700,BK0202,312.0764757,3352.467955,Other,DUMBO,Tier 5: Ultra Niche / Insider Knowledge
851,BK,955,1,227-231 4th Avenue,3009550001,Public Bath No. 7,LP-01287,"Borough of Brooklyn Tax Map Block 955, Lot 1.",Designated,,9/11/1984,Individual Landmark,,306,39,40.6767935,-73.9830412,3013300,BK0602,324.4447203,6343.58614,Other,Brooklyn Heights,Tier 5: Ultra Niche / Insider Knowledge
850,BK,147,2,365-367 Jay Street,3001470002,Brooklyn Fire Headquarters,LP-00148,"Borough of Brooklyn Tax Map Block 147, Lot 2.",Designated,,4/19/1966,Individual Landmark,,302,33,40.6927137,-73.9869389,3001100,BK0202,311.8269004,5144.831192,Other,Bed-Stuy,Tier 5: Ultra Niche / Insider Knowledge
846,BK,2058,7501,97-105 Willoughby Street,3020587501,Long Island Headquarters of the New York Telephone Company,LP-02144,"Borough of Brooklyn Tax Map Block 2058, Lot 1.",Designated,,9/21/2004,Individual Landmark,,302,33,40.6925762,-73.9849736,3001502,BK0202,724.2659445,26420.41445,Commercial,Bed-Stuy,Tier 4: Neighborhood Staple
839,BK,157,9,450-458 Fulton Street,3001570009,A. I. Namm & Son Department Store,LP-02170,"Borough of Brooklyn Tax Map Block 157, Lot 9.",Designated,,3/15/2005,Individual Landmark,,302,33,40.6902624,-73.9849921,3003700,BK0202,428.1506501,9665.347987,Commercial,Williamsburg,Tier 4: Neighborhood Staple
823,BK,244,17,177-179 Montague Street,3002440017,Brooklyn Trust Company Building,LP-01905,"Borough of Brooklyn Tax Map Block 244, Lot 17.",Designated,,6/25/1996,Individual Landmark,,302,33,40.6945861,-73.9920556,3000900,BK0201,579.6839938,14170.91869,Commercial,DUMBO,Tier 4: Neighborhood Staple
821,BK,148,46,81 Willoughby Street,3001480046,New York and New Jersey Telephone and Telegraph Building,LP-02156,"Borough of Brooklyn Tax Map Block 148, Lot 46.",Designated,,6/29/2004,Individual Landmark,,302,33,40.692398,-73.9859689,3001100,BK0202,436.2604946,11883.23494,Commercial,Park Slope,Tier 4: Neighborhood Staple
815,BK,1102,12,1402 8th Avenue,3011020012,14th Regiment Armory,LP-01965,"Borough of Brooklyn Tax Map Block 1102, Lot 12.",Designated,,4/14/1998,Individual Landmark,,306,39,40.6628995,-73.9829257,3014901,BK0602,1524.965397,114845.7666,Other,Bed-Stuy,Tier 5: Ultra Niche / Insider Knowledge
809,MN,1300,1,230 Park Avenue,1013000001,New York Central Building,LP-01297,"Borough of Manhattan Tax Map Block 1300, Lot 1.",Designated,now the Helmsley Building,3/31/1987,Individual Landmark,,105,4,40.7543922,-73.9761058,1009200,MN0604,1117.245061,72682.51738,Commercial,Tribeca,Tier 4: Neighborhood Staple
802,MN,1505,31,69 East 93rd Street,1015050031,69 East 93rd Street Building,LP-00439,"Borough of Manhattan Tax Map Block 1505, Lot 31.",Designated,,1/14/1969,Individual Landmark,,108,5,40.7850691,-73.9544429,1016001,MN0802,257.7007966,2590.882432,Commercial,Upper East Side,Tier 4: Neighborhood Staple
801,MN,1270,38,696-700 Fifth Avenue,1012700038,Gotham Hotel,LP-01697,"Borough of Manhattan Tax Map Block 1270, Lot 38.",Designated,now the Peninsula Hotel,6/6/1989,Individual Landmark,,105,4,40.7616299,-73.9754029,1010400,MN0502,489.7402434,14832.45461,Other,Greenwich Village,Tier 5: Ultra Niche / Insider Knowledge
799,MN,1890,40,310-312 Riverside Drive,1018900040,Master Building,LP-01661,"Borough of Manhattan Tax Map Block 1890, Lot 40.",Designated,,12/5/1989,Individual Landmark,,107,7,40.8004257,-73.9710615,1019100,MN0703,491.6755977,14819.29925,Commercial,Hell's Kitchen,Tier 4: Neighborhood Staple
792,MN,1361,1,3 Mitchell Place,1013610001,Panhellenic Tower,LP-01972,"Borough of Manhattan Tax Map Block 1361, Lot 1.",Designated,now the Beekman Tower Hotel,2/3/1998,Individual Landmark,,106,4,40.7533439,-73.9660902,1008603,MN0604,447.2579623,11115.49543,Commercial,Upper East Side,Tier 4: Neighborhood Staple
788,MN,1294,37,500 Park Avenue,1012940037,Pepsi-Cola Building,LP-01920,"Borough of Manhattan Tax Map Block 1294, Lot 37.",Designated,,6/20/1995,Individual Landmark,,105,4,40.7628941,-73.9703558,1011202,MN0502,462.8266782,13239.52398,Commercial,Harlem,Tier 4: Neighborhood Staple
781,MN,1242,9,"3-22 Pomander Walk, 261-267 West 94th Street, and 260-274 West 95th Street",1012420009,Pomander Walk,LP-01279,"Borough of Manhattan Tax Map Block 1242, Lot 10 in part excluding the land on which the Healy Building at 2521-2523 Broadway is situated",Designated,,9/14/1982,Individual Landmark,,107,7,40.794042,-73.9733251,1018300,MN0702,814.4220916,22970.15289,Other,Hell's Kitchen,Tier 5: Ultra Niche / Insider Knowledge
779,MN,1397,7505,140 East 63rd Street,1013977505,Barbizon Hotel for Women,LP-02495,"Borough of Manhattan, Tax Map Block 1397, Lots 1501-1588",Designated,,4/17/2012,Individual Landmark,,108,4,40.7643998,-73.9662001,1011402,MN0802,469.0124847,13767.38292,Other,Hell's Kitchen,Tier 5: Ultra Niche / Insider Knowledge
777,MN,1129,29,170 Central Park West,1011290029,New-York Historical Society,LP-00281,Borough of Manhattan Tax Map Block 1129. Lot 20.,Designated,,7/19/1966,Individual Landmark,,107,6,40.7792948,-73.9743854,1016100,MN0702,980.5706048,46387.8108,Other,Greenwich Village,Tier 5: Ultra Niche / Insider Knowledge
773,MN,2126,35,514 West 170th Street,1021260035,Fire Engine Company No. 67,LP-02050,"Borough of Manhattan Tax Map Block 2126, Lot 35.",Designated,,2/27/2001,Individual Landmark,,112,10,40.8412784,-73.9371795,1025300,MN1201,241.7289528,2397.823165,Commercial,Greenwich Village,Tier 4: Neighborhood Staple
770,MN,379,27,444 East 10th Street,1003790027,Wheatsworth Bakery Building,LP-02262,Borough of Manhattan Block/Lot: 379/27,Designated,,9/16/2008,Individual Landmark,,103,2,40.7249355,-73.9758891,1002800,MN0303,485.3022925,13494.66028,Commercial,Greenwich Village,Tier 4: Neighborhood Staple
769,MN,2120,46,513-515 West 161st Street,1021200046,Fire Engine Company No. 384 and Hook & Ladder Company No. 34,LP-01863,"Borough of Manhattan Tax Map Block 2120, Lot 46.",Designated,,6/17/1997,Individual Landmark,,112,10,40.835909,-73.9409466,1024500,MN1201,305.7619021,5210.049957,Commercial,Upper East Side,Tier 4: Neighborhood Staple
766,MN,1264,40,608 Fifth Avenue,1012640040,Goelet Building,LP-01810,"Borough of Manhattan Tax Map Block 1264, Lot 40",Designated,now Swiss Center Building,1/14/1992,Individual Landmark,,105,4,40.7579251,-73.9782161,1009600,MN0502,526.1908395,13300.57609,Commercial,Upper East Side,Tier 4: Neighborhood Staple
764,MN,13,27,25 Broadway,1000130027,Cunard Building,LP-01928,"Borough of Manhattan Tax Map Block 13, Lot 27.",Designated,,9/19/1995,Individual Landmark,,101,1,40.7057595,-74.0140015,1001300,MN0101,902.7085701,50181.66256,Commercial,Tribeca,Tier 4: Neighborhood Staple
762,MN,72,7501,170-176 John Street,1000727501,Hickson W. Field Stores,LP-00074,"Borough of Manhattan Tax Map Block 72, Lot 26.",Designated,"also known as the Baker, Carver & Morrell Building",10/29/1968,Individual Landmark,,101,1,40.7059085,-74.0042812,1001502,MN0101,377.6684897,5502.81597,Commercial,Hell's Kitchen,Tier 4: Neighborhood Staple
756,MN,41,7503,56-58 Pine Street,1000417503,56-58 Pine Street Building,LP-01951,"Borough of Manhattan Tax Map Block 41, Lot 19.",Designated,,2/11/1997,Individual Landmark,,101,1,40.706836,-74.0083282,1000700,MN0101,386.2754039,7027.565431,Commercial,Harlem,Tier 4: Neighborhood Staple
755,MN,834,29,17 West 32nd Street,1008340029,Aberdeen Hotel,LP-02076,"Borough of Manhattan Tax Map Block 834, Lot 29.",Designated,,1/30/2001,Individual Landmark,,105,4,40.7478174,-73.9865094,1007600,MN0501,352.0565001,7544.749176,Other,Greenwich Village,Tier 5: Ultra Niche / Insider Knowledge
754,MN,65,2,63 Nassau Street,1000650002,63 Nassau Street Building,LP-02213,"Borough of Manhattan Tax Map Block 65, Lot 2.",Designated,,5/15/2007,Individual Landmark,,101,1,40.7093776,-74.0087613,1001502,MN0101,144.7439031,1120.30462,Commercial,Harlem,Tier 4: Neighborhood Staple
751,MN,1296,14,122 East 42nd Street,1012960014,Chanin Building,LP-00993,"Borough of Manhattan Tax Map Block 1296, Lot 14.",Designated,,11/14/1978,Individual Landmark,,105,4,40.7512194,-73.9766772,1008000,MN0603,776.843017,32013.39855,Commercial,Harlem,Tier 4: Neighborhood Staple
745,MN,1287,71,647 Fifth Avenue,1012870071,647 Fifth Avenue Building,LP-00954,"Borough of Manhattan Tax Map Block 1287, Lot 71.",Designated,"also known as the George W. Vanderbilt Residence, now Versace",3/22/1977,Individual Landmark,,105,4,40.7594178,-73.9761545,1010200,MN0502,276.8628619,3692.584616,Commercial,Hell's Kitchen,Tier 5: Ultra Niche / Insider Knowledge
741,MN,529,72,65-69 Bleecker Street,1005290072,Bayard-Condict Building,LP-00882,"Borough of Manhattan Tax Map Block 529, Lot 72.",Designated,,11/25/1975,Individual Landmark,,102,2,40.7263597,-73.9949959,1005502,MN0202,382.117509,9008.767794,Commercial,Upper East Side,Tier 4: Neighborhood Staple
738,MN,1413,26,163-165 East 78th Street,1014130026,163-165 East 78th Street,LP-00424,"Borough of Manhattan Tax Map Block 1413, Lot 26.",Designated,,4/18/1968,Individual Landmark,,108,4,40.7741933,-73.9586132,1014000,MN0802,281.6337885,3745.365083,Other,Upper East Side,Tier 5: Ultra Niche / Insider Knowledge
734,MN,1919,53,180 West 135th Street,1019190053,"Young Men's Christian Association Building, 135th Street Branch",LP-01973,"Borough of Manhattan Tax Map Block 1919, Lot 53.",Designated,now Harlem YMCA,2/10/1998,Individual Landmark,,110,9,40.8147016,-73.9430066,1022800,MN1002,505.6617401,15383.45409,Commercial,Greenwich Village,Tier 3: Local Favorite / Regional Gem
732,MN,1305,60,570 Lexington Avenue,1013050060,General Electric Building,LP-01412,"Borough of Manhattan Tax Map Block 1305, Lot 60.",Designated,,7/9/1985,Individual Landmark,,105,4,40.7570757,-73.972405,1010000,MN0604,551.4834796,16481.97689,Commercial,Tribeca,Tier 4: Neighborhood Staple
731,MN,1305,7501,569 Lexington Avenue,1013057501,Summit Hotel,LP-02176,"Borough of Manhattan Tax Map Block 1305, Lot 50.",Designated,now Doubletree Metropolitan Hotel,5/17/2005,Individual Landmark,,106,4,40.7566692,-73.9714234,1010000,MN0604,854.2937031,32711.83665,Other,Greenwich Village,Tier 5: Ultra Niche / Insider Knowledge
724,MN,47,7501,120 Broadway,1000477501,Equitable Building,LP-01935,"Borough of Manhattan Tax Map Block 47, Lots 1001 and 1002",Designated,,6/25/1996,Individual Landmark,,101,1,40.7082192,-74.0105213,1000700,MN0101,969.991187,52664.24275,Commercial,Hell's Kitchen,Tier 4: Neighborhood Staple
723,MN,134,25,258 Broadway,1001340025,"Rogers, Peet & Company Building",LP-02432,"Borough of Manhattan Tax Map Block 134, Lot 25",Designated,,12/14/2010,Individual Landmark,,101,1,40.713676,-74.0073262,1002100,MN0102,535.990429,11824.58003,Commercial,Upper East Side,Tier 4: Neighborhood Staple
721,MN,1220,5,175 West 89th Street,1012200005,Claremont Stables,LP-01658,"Borough of Manhattan Tax Map Block 1220, Lot 5.",Designated,later the Claremenont Riding Academy,8/14/1990,Individual Landmark,,107,6,40.7895598,-73.972908,1017300,MN0702,344.5255369,7294.679481,Other,Tribeca,Tier 5: Ultra Niche / Insider Knowledge
716,MN,1307,1,375 Park Avenue,1013070001,Seagram Building,LP-01664,"Borough of Manhattan Tax Map Block 1307, Lot 1.",Designated,,10/3/1989,Individual Landmark,,105,4,40.7584563,-73.9721482,1010000,MN0604,995.2225371,59948.21059,Commercial,Harlem,Tier 4: Neighborhood Staple
713,MN,1293,5,3 East 57th Street,1012930005,L. P. Hollander & Company Building,LP-02124,"Borough of Manhattan Tax Map Block 1293, Lot 5.",Designated,,6/17/2003,Individual Landmark,,105,4,40.7629716,-73.9732618,1011202,MN0502,295.1506356,4419.485491,Commercial,Hell's Kitchen,Tier 4: Neighborhood Staple
711,MN,1401,1,643 Park Avenue,1014010001,Seventh Regiment Armory,LP-00417,"Borough of Manhattan Tax Map Block 1401, Lot 1.",Designated,,6/9/1967,Individual Landmark,,108,4,40.7672404,-73.96552,1012000,MN0802,1244.906778,87240.09593,Other,Upper East Side,Tier 5: Ultra Niche / Insider Knowledge
695,MN,1335,5,321 East 42nd Street,1013350005,Ford Foundation Building,LP-01969,"Borough of Manhattan Tax Map Block 1335, Lot 5.",Designated,,10/21/1997,Individual Landmark,,106,4,40.7498622,-73.9712206,1008800,MN0603,829.0567566,42886.37225,Commercial,Tribeca,Tier 4: Neighborhood Staple
672,MN,1296,46,150 East 42nd Street,1012960046,Socony-Mobil Building,LP-02117,"Borough of Manhattan Tax Map Block 1296, Lot 46.",Designated,,2/25/2003,Individual Landmark,,106,4,40.750758,-73.9755188,1008000,MN0603,1274.638449,89727.72169,Commercial,Upper East Side,Tier 4: Neighborhood Staple
667,MN,1867,14,409 East 114th Street,1018670014,Rectory of the Eglise de Notre Dame,LP-00300,"Borough of Manhattan Tax Map Block 1867, Lot 14.",Designated,,1/24/1967,Individual Landmark,,109,7,40.8052122,-73.9607178,1020101,MN0901,266.6432067,3063.850757,Other,Hell's Kitchen,Tier 5: Ultra Niche / Insider Knowledge
666,MN,1287,14,488 Madison Avenue,1012870014,Look Building,LP-02376,"Borough of Manhattan Tax Map Block 1287, Lot 14",Designated,,7/27/2010,Individual Landmark,,105,4,40.7588879,-73.9752415,1010200,MN0502,694.496538,22526.10997,Commercial,Greenwich Village,Tier 4: Neighborhood Staple
655,MN,1284,2,597 Fifth Avenue,1012840002,Scribner Building,LP-01100,"Borough of Manhattan Tax Map Block 1284, Lot 2.",Designated,,3/23/1982,Individual Landmark,,105,4,40.7573376,-73.9776713,1009400,MN0502,317.7805695,5719.305418,Commercial,Tribeca,Tier 4: Neighborhood Staple
649,MN,1632,29,175 East 104th Street,1016320029,Fire Engine Company No. 53,LP-02284,"Borough of Manhattan Tax Map Block 1632, Lot 29.",Designated,,9/16/2008,Individual Landmark,,111,8,40.7907719,-73.9462375,1016600,MN1101,259.0690989,2605.851042,Commercial,Harlem,Tier 4: Neighborhood Staple
648,MN,1930,30,"2090 Adam Clayton Powell, Jr. Boulevard",1019300030,Hotel Theresa,LP-01843,"Borough of Manhattan Tax Map Block 1930, Lot 30.",Designated,now Theresa Towers,7/13/1993,Individual Landmark,,110,9,40.8087456,-73.9489287,1022200,MN1001,543.7274318,13452.13386,Other,Harlem,Tier 5: Ultra Niche / Insider Knowledge
638,MN,1633,66,112 East 106th Street,1016330066,Regina Angelorum,LP-00934,"Borough of Manhattan Tax Map Block 1633, Lot 66.",Designated,designated as Saint Cecilia's Convent,9/14/1976,Individual Landmark,,111,8,40.7924357,-73.9474352,1017200,MN1101,471.2173857,12105.54734,Other,Upper East Side,Tier 5: Ultra Niche / Insider Knowledge
616,MN,1304,1,301 Park Avenue,1013040001,Waldorf-Astoria Hotel,LP-01812,"Borough of Manhattan Tax Map Block 1304, Lot 1.",Designated,,1/5/1993,Individual Landmark,,105,4,40.7565023,-73.973351,1010000,MN0604,1216.110221,82102.8145,Other,Tribeca,Tier 5: Ultra Niche / Insider Knowledge
610,MN,175,7503,55 White Street,1001757503,Condict Store,LP-01651,"Borough of Manhattan Tax Map Block 175, lot 25.",Designated,also known as 55 White Street Building,3/22/1988,Individual Landmark,,101,1,40.7181995,-74.0039429,1003300,MN0102,329.8855674,6253.43193,Commercial,Hell's Kitchen,Tier 4: Neighborhood Staple
608,MN,492,23,222 Bowery,1004920023,Young Men's Institute Building,LP-02028,"Borough of Manhattan Tax Map Block 492, Lot 23.",Designated,Young Men's Christian Association (YMCA),11/17/1998,Individual Landmark,,102,1,40.7221272,-73.9937371,1004300,MN0201,307.0309656,5196.168155,Commercial,Greenwich Village,Tier 4: Neighborhood Staple
607,MN,151,32,305 Broadway,1001510032,Mutual Reserve Fund Life Association Building,LP-02431,"Borough of Manhattan Tax Map Block 151, Lot 32.",Designated,,12/20/2011,Individual Landmark,,101,1,40.7155316,-74.0056021,1003300,MN0102,407.0885658,9586.384587,Commercial,Hell's Kitchen,Tier 4: Neighborhood Staple
605,MN,132,6,75 Murray Street,1001320006,Hopkins Store,LP-00601,"Borough of Manhattan Tax Map Block 132, Lot 6.",Designated,designated as 75 Murray Street Building,12/10/1968,Individual Landmark,,101,1,40.7148285,-74.0105404,1002100,MN0102,265.7842745,2768.463958,Commercial,Tribeca,Tier 4: Neighborhood Staple
604,MN,21,4,65 Broadway,1000210004,American Express Company Building,LP-01932,"Borough of Manhattan Tax Map Block 21, Lot 4.",Designated,,12/12/1995,Individual Landmark,,101,1,40.7073269,-74.0126636,1001300,MN0101,592.2427514,16984.45739,Commercial,Hell's Kitchen,Tier 4: Neighborhood Staple
601,MN,1168,56,2171-2179 Broadway,1011680056,Belleclaire Hotel,LP-01507,"Borough of Manhattan Tax Map Block 1168, Lot 56.",Designated,,2/10/1987,Individual Landmark,,107,6,40.7824444,-73.9813388,1016300,MN0702,496.6233196,15006.88605,Other,Harlem,Tier 5: Ultra Niche / Insider Knowledge
599,MN,639,1,"445-465 West Street, 137-169 Bank Street, 51-77 Bethune Street, and 734-754 Washington Street",1006390001,Bell Telephone Laboratories Complex,LP-02391,"Borough of Manhattan Tax Map Block 639, Lot 1.",Designated,"including former Western Electric Company & Hook's Steam-powered Factory Buildings, now Westbeth Artists' Housing",10/25/2011,Individual Landmark,,102,3,40.7365287,-74.0090752,1007900,MN0203,1299.99825,101586.1922,Other,Tribeca,Tier 5: Ultra Niche / Insider Knowledge
597,MN,470,12,363 Broome Street,1004700012,Fire Engine Company 55,LP-01987,"Borough of Manhattan Tax Map Block 470, Lot 12.",Designated,,10/13/1998,Individual Landmark,,102,1,40.7198134,-73.9957684,1004100,MN0201,261.8104385,2580.767609,Commercial,Harlem,Tier 4: Neighborhood Staple
593,MN,875,69,16 Gramercy Park South,1008750069,The Players,LP-00222,"Borough of Manhattan Tax Map Block 875, Lot 69.",Designated,,3/15/1966,Individual Landmark,,106,2,40.7375795,-73.9866739,1005000,MN0602,346.6999373,4580.118778,Other,Hell's Kitchen,Tier 5: Ultra Niche / Insider Knowledge
586,MN,1346,32,342-348 East 54th Street,1013460032,"Free Public Baths of the City of New York, East 54th Street Bath and Gymnasium",LP-02435,"Borough of Manhattan Tax Map Block 1346, Lot 32.",Designated,,5/10/2011,Individual Landmark,,106,4,40.7564781,-73.9651321,1009800,MN0604,352.9342715,7609.811558,Other,Harlem,Tier 5: Ultra Niche / Insider Knowledge
577,MN,1290,1,689-691 Fifth Avenue,1012900001,Aeolian Building,LP-02125,"Borough of Manhattan Tax Map Block 1290, Lot 1.",Designated,,12/10/2002,Individual Landmark,,105,4,40.761026,-73.9749086,1010200,MN0502,409.3211928,7195.299892,Commercial,Upper East Side,Tier 4: Neighborhood Staple
575,MN,376,13,242 East 7th Street,1003760013,Congregation Beth Hamedrash Hagadol Anshe Ungarin,LP-02261,"Borough of Manhattan Tax Map Block 376, Lot 13.",Designated,,3/18/2008,Individual Landmark,,103,2,40.7235992,-73.9782815,1002602,MN0303,232.4952777,2159.031472,Other,Greenwich Village,Tier 5: Ultra Niche / Insider Knowledge
567,MN,1290,7502,699-703 Fifth Avenue,1012907502,St. Regis Hotel,LP-01552,"Borough of Manhattan, Tax Map Block 1290, Lot 69.",Designated,,11/1/1988,Individual Landmark,,105,4,40.7612482,-73.9744789,1010200,MN0502,708.6842999,23437.3714,Other,Tribeca,Tier 5: Ultra Niche / Insider Knowledge
562,MN,894,37,149 East 38th Street,1008940037,George S. Bowdoin Stable,LP-01953,"Borough of Manhattan Tax Map Block 894, Lot 37.",Designated,,6/17/1997,Individual Landmark,,106,4,40.7487079,-73.9768044,1008000,MN0603,257.0118942,2666.855253,Other,Hell's Kitchen,Tier 5: Ultra Niche / Insider Knowledge
561,MN,1740,17,2360 Fifth Avenue,1017400017,369th Regiment Armory,LP-01390,"Borough of Manhattan Tax Map Block 1740, Lot 17.",Designated,,5/14/1985,Individual Landmark,,110,9,40.8178813,-73.935164,1021400,MN1002,1386.240323,100527.0166,Other,Harlem,Tier 5: Ultra Niche / Insider Knowledge
556,MN,1315,24,220 East 42nd Street,1013150024,Daily News Building,LP-01049,"Borough of Manhattan Tax Map Block 1315, Lot 24.",Designated,,7/28/1981,Individual Landmark,,106,4,40.7497694,-73.9731804,1008800,MN0603,1120.208863,72625.98583,Commercial,Greenwich Village,Tier 4: Neighborhood Staple
552,MN,1874,52,2689-2693 Broadway,1018740052,Marseilles Hotel,LP-01660,"Borough of Manhattan Tax Map Block 1874, Lot 52.",Designated,,10/2/1990,Individual Landmark,,107,7,40.7990913,-73.9691081,1019100,MN0703,449.5380348,12574.83913,Other,Greenwich Village,Tier 5: Ultra Niche / Insider Knowledge
542,MN,895,60,148 East 40th Street,1008950060,Jonathan W. Allen Stable,LP-01954,"Borough of Manhattan Tax Map Block 895, Lot 60.",Designated,,6/17/1997,Individual Landmark,,106,4,40.7495807,-73.976205,1008000,MN0603,268.4092316,1814.677201,Other,Upper East Side,Tier 5: Ultra Niche / Insider Knowledge
535,MN,1402,24,149-151 East 67th Street,1014020024,Mount Sinai Dispensary,LP-01053,"Borough of Manhattan Tax Map Block 1402, Lot 24.",Designated,"also known as the 149-151 East 67th Street Building, now the Kennedy Child Study Center",1/29/1980,Individual Landmark,,108,4,40.7672536,-73.9640038,1012000,MN0802,316.1363524,5719.204097,Other,Greenwich Village,Tier 5: Ultra Niche / Insider Knowledge
534,MN,1961,37,1151-1161 Amsterdam Avenue,1019610037,Casa Italiana,LP-00991,"Borough of Manhattan Tax Map Block 1691, Lot 37.",Designated,,3/28/1978,Individual Landmark,,109,7,40.807589,-73.9602071,1020101,MN0901,285.574535,4319.7886,Other,Tribeca,Tier 5: Ultra Niche / Insider Knowledge
524,MN,1773,62,120 East 125th Street,1017730062,Fire Hook and Ladder Company No. 14,LP-01838,"Borough of Manhattan Tax Map Block 1773, Lot 62.",Designated,now Engine Company No. 36,6/17/1997,Individual Landmark,,111,9,40.8043899,-73.9381932,1019600,MN1102,258.408862,2562.067828,Commercial,Hell's Kitchen,Tier 4: Neighborhood Staple
522,MN,1293,26,41 East 57th Street,1012930026,Fuller Building,LP-01460,"Borough of Manhattan Tax Map Block 1293, Lot 26.",Designated,,3/18/1986,Individual Landmark,,105,4,40.7623482,-73.9718289,1011202,MN0502,514.5543943,13913.02193,Commercial,Harlem,Tier 4: Neighborhood Staple
514,MN,1340,16,333 East 47th Street,1013400016,Japan Society Headquarters,LP-02420,"Borough of Manhattan Tax Map Block 1340, Lot 16.",Designated,,3/22/2011,Individual Landmark,,106,4,40.752554,-73.9682598,1009000,MN0604,422.0831649,11114.58867,Other,Tribeca,Tier 5: Ultra Niche / Insider Knowledge
505,MN,1884,38,500 West 113th Street,1018840038,Fire Engine Company No. 47,LP-01962,"Borough of Manhattan Tax Map Block 1884, Lot 38.",Designated,,6/17/1997,Individual Landmark,,109,7,40.8048534,-73.9629937,1019900,MN0901,251.1443936,2473.364589,Commercial,Greenwich Village,Tier 4: Neighborhood Staple
499,MN,1875,46,2710-2714 Broadway,1018750046,Horn & Hardart Automat-Cafeteria Building,LP-02192,"Borough of Manhattan Tax Map Block 1875, Lot 46.",Designated,,1/30/2007,Individual Landmark,,107,7,40.7994807,-73.9679449,1019100,MN0703,283.9322274,4977.405742,Commercial,Harlem,Tier 4: Neighborhood Staple
495,MN,15,22,21 West Street,1000150022,21 West Street Building,LP-01999,"Borough of Manhattan Tax Map Block 15, Lot 22.",Designated,,6/16/1998,Individual Landmark,,101,1,40.7063823,-74.0155345,1001300,MN0101,515.5370038,13537.94719,Commercial,Upper East Side,Tier 4: Neighborhood Staple
489,MN,196,21,254-260 Canal Street,1001960021,254-260 Canal Street,LP-01458,"Borough of Manhattan, Tax Map Block 196 Lot 21.",Designated,,3/12/1985,Individual Landmark,,101,1,40.7183945,-74.0009704,1003100,MN0102,392.9199584,9439.697833,Other,Hell's Kitchen,Tier 5: Ultra Niche / Insider Knowledge
488,MN,545,39,430 Lafayette Street,1005450039,430 Lafayette Street Building,LP-00011,"Borough of Manhattan Tax Map Block 545, Lot 39.",Designated,"a part of La Grange Terrace, also known as Colonnade Row",10/14/1965,Individual Landmark,,102,2,40.7292607,-73.9924664,1005700,MN0202,335.637457,3659.860826,Commercial,Upper East Side,Tier 4: Neighborhood Staple
487,MN,304,2,97 Bowery,1003040002,97 Bowery Building,LP-02353,"Borough of Manhattan Tax Block 304, Lot 2.",Designated,,9/14/2010,Individual Landmark,,103,1,40.7173321,-73.9950254,1001600,MN0301,269.7495501,2727.415731,Commercial,Tribeca,Tier 4: Neighborhood Staple
480,MN,2082,28,1828 Amsterdam Avenue,1020820028,Joseph Loth & Company Silk Ribbon Mill,LP-01860,"Borough of Manhattan Tax Map Block 2082, Lot 28.",Designated,,9/21/1993,Individual Landmark,,109,7,40.8288408,-73.9453685,1023700,MN0903,621.6159268,21743.75254,Commercial,Tribeca,Tier 4: Neighborhood Staple
472,MN,1285,7501,611 Fifth Avenue,1012857501,Saks Fifth Avenue,LP-01523,"Borough of Manhattan Tax Map Block 1285, Lot 1.",Designated,,12/20/1984,Individual Landmark,,105,4,40.757966,-73.9768156,1010200,MN0502,1008.101941,61120.94837,Other,Hell's Kitchen,Tier 5: Ultra Niche / Insider Knowledge
470,MN,1897,100,Riverside Drive at West 122nd Street,1018970100,General Ulysses S. Grant Tomb,LP-00900,"Borough of Manhattan Tax Map Block 1897, Lot 100.",Designated,now the General Grant National Memorial,11/25/1975,Individual Landmark,,109,7,40.8134252,-73.9630431,1021100,MN0901,738.9411449,31176.61424,Other,Upper East Side,Tier 5: Ultra Niche / Insider Knowledge
466,MN,1867,20,Morningside Drive at West 114th Street,1018670020,Eglise de Notre Dame,LP-00301,"Borough of Manhattan Tax Map Block 1867, Lot 20.",Designated,,1/24/1967,Individual Landmark,,109,7,40.8050831,-73.9604037,1020101,MN0901,565.3631,17278.26284,Other,Upper East Side,Tier 5: Ultra Niche / Insider Knowledge
463,MN,176,14,175 West Broadway,1001760014,175 West Broadway Building,LP-01725,"Borough of Manhattan Tax Map Block 176, Lot 14.",Designated,,11/12/1991,Individual Landmark,,101,1,40.7177931,-74.007204,1003300,MN0102,98.40754143,590.5008033,Commercial,Upper East Side,Tier 4: Neighborhood Staple
462,MN,1336,47,304 East 44th Street,1013360047,Beaux-Arts Institute of Design,LP-01667,"Borough of Manhattan Tax Map Block 1336, Lot 47.",Designated,,8/23/1988,Individual Landmark,,106,4,40.7507212,-73.9708485,1008800,MN0603,332.5493896,5797.116193,Other,Upper East Side,Tier 5: Ultra Niche / Insider Knowledge
459,MN,672,1,601-625 West 26th Street,1006720001,Starrett-Lehigh Building,LP-01295,"Borough of Manhattan Tax Map Block 672, Lot 1.",Designated,,10/7/1986,Individual Landmark,,104,3,40.7515838,-74.0065544,1009902,MN0401,1664.241161,124723.6436,Commercial,Upper East Side,Tier 4: Neighborhood Staple
458,MN,1066,32,400-406 West 57th Street,1010660032,The Windermere,LP-02171,"Borough of Manhattan Tax Map Block 1066, Lot 32.",Designated,,6/28/2005,Individual Landmark,,104,6,40.7677854,-73.9862202,1013900,MN0402,464.5735134,13273.3965,Other,Greenwich Village,Tier 5: Ultra Niche / Insider Knowledge
451,MN,571,7502,22-26 East 14th Street,1005717502,Baumann Brothers Furniture and Carpets Store,LP-02123,"Borough of Manhattan Tax Map Block 571, Lots 1101 and 1102.",Designated,,11/18/2008,Individual Landmark,,102,2,40.735118,-73.9926714,1006100,MN0202,586.1990304,16272.52177,Commercial,Hell's Kitchen,Tier 4: Neighborhood Staple
449,MN,1323,8,211-215 East 49th Street,1013230008,Amster Yard,LP-00277,"Borough of Manhattan Tax Map Block 1323, Lot 8.",Designated,now Instituto Cervantes,6/21/1966,Individual Landmark,,106,4,40.7551209,-73.9702763,1009800,MN0604,512.0255192,9994.802953,Other,Greenwich Village,Tier 5: Ultra Niche / Insider Knowledge
444,MN,136,10,122 Chambers Street,1001360010,"Swift, Seaman & Company Building",LP-02061,"Borough of Manhattan Tax Map Block 136, Lot 10.",Designated,,5/16/2000,Individual Landmark,,101,1,40.7149687,-74.0088883,1002100,MN0102,410.4477141,4397.45861,Commercial,Upper East Side,Tier 4: Neighborhood Staple
443,MN,846,30,33 East 17th Street,1008460030,Century Building,LP-01539,"Borough of Manhattan Tax Map Block 846, Lot 30.",Designated,now Barnes & Noble Bookstore,10/7/1986,Individual Landmark,,105,2,40.7371489,-73.9894056,1005200,MN0501,623.6007714,17441.76068,Commercial,Upper East Side,Tier 4: Neighborhood Staple
440,MN,547,8,23-29 Washington Place,1005470008,Brown Building,LP-02128,"Borough of Manhattan Tax Map Block 547, Lot 8.",Designated,originally the Asch Building,3/25/2003,Individual Landmark,,102,2,40.7300788,-73.9953708,1005900,MN0202,428.499891,11474.47708,Commercial,Greenwich Village,Tier 4: Neighborhood Staple
439,MN,815,21,104 West 40th Street,1008150021,Springs Mills Building,LP-02385,"Borough of Manhattan Tax Map Block 815, Lot 21",Designated,,4/13/2010,Individual Landmark,,105,4,40.7534633,-73.9858911,1011300,MN0502,645.1437219,14954.48387,Commercial,Harlem,Tier 4: Neighborhood Staple
438,MN,91,12,127 Fulton Street,1000910012,Keuffel & Esser Company Building,LP-02178,"Borough of Manhattan Tax Map Block 91, Lot 12.",Designated,,4/26/2005,Individual Landmark,,101,1,40.7102533,-74.0072393,1001501,MN0101,302.6323701,3125.993595,Commercial,Harlem,Tier 4: Neighborhood Staple
436,MN,1030,46,222 Central Park South,1010300046,Gainsborough Studios,LP-01423,"Borough of Manhattan Tax Map Block 1030, Lot 46.",Designated,,2/16/1988,Individual Landmark,,105,6,40.7671588,-73.9804803,1013700,MN0502,314.0356764,5599.279903,Other,Tribeca,Tier 5: Ultra Niche / Insider Knowledge
434,MN,1258,34,500 Fifth Avenue,1012580034,500 Fifth Avenue Building,LP-02427,"Borough of Manahattan, Tax Map Block 1258, Lot 34",Designated,,12/14/2010,Individual Landmark,,105,4,40.75391,-73.981206,1009600,MN0502,637.1808404,22665.84313,Commercial,Hell's Kitchen,Tier 4: Neighborhood Staple
427,MN,531,49,44 Great Jones Street,1005310049,Fire Engine Company No. 33,LP-00468,"Borough of Manhattan Tax Map Block 531, Lot 49.",Designated,,11/12/1968,Individual Landmark,,102,2,40.7269908,-73.9925064,1005502,MN0202,276.9845204,4200.141647,Commercial,Harlem,Tier 4: Neighborhood Staple
425,MN,1165,7503,2101-2119 Broadway,1011657503,Ansonia Hotel,LP-00285,"Borough of Manhattan Tax Map Block 1165, Lot 20.",Designated,,3/14/1972,Individual Landmark,,107,6,40.7801417,-73.9822132,1015900,MN0701,883.6029955,47494.61178,Other,Upper East Side,Tier 5: Ultra Niche / Insider Knowledge
422,MN,609,7503,144 West 14th Street,1006097503,144 West 14th Street Building,LP-02315,"Borough of Manhattan Tax Map Block 609, Lot 1101, 1102.",Designated,,11/18/2008,Individual Landmark,,102,3,40.7379289,-73.9989499,1007100,MN0203,461.4165127,13207.7968,Commercial,Harlem,Tier 4: Neighborhood Staple
420,MN,149,33,277 Broadway,1001490033,Broadway-Chambers Building,LP-01753,"Borough of Manhattan Tax Map Block 149, Lot 33.",Designated,,1/14/1992,Individual Landmark,,101,1,40.7144336,-74.0064642,1002100,MN0102,309.9532601,5503.125287,Commercial,Tribeca,Tier 4: Neighborhood Staple
418,MN,100,7501,150 Nassau Street,1001007501,American Tract Society Building,LP-02038,"Borough of Manhattan Tax Map Block 100, Lot 3.",Designated,,6/15/1999,Individual Landmark,,101,1,40.7113952,-74.0059048,1001501,MN0101,404.7789597,10217.93897,Commercial,Upper East Side,Tier 4: Neighborhood Staple
417,MN,818,24,19 West 16th Street,1008180024,19 West 16th Street Building,LP-01585,"Borough of Manhattan Tax Map Block 818, Lot 24.",Designated,,5/1/1990,Individual Landmark,,105,3,40.7381538,-73.9940676,1005400,MN0501,241.8580508,2425.041566,Commercial,Harlem,Tier 4: Neighborhood Staple
415,MN,848,68,901 Broadway,1008480068,Lord & Taylor Store,LP-00970,"Borough of Manhattan Tax Map Block 848, Lot 68.",Designated,,11/15/1977,Individual Landmark,,105,3,40.7391746,-73.9900692,1005200,MN0501,262.4074191,2929.559236,Commercial,Tribeca,Tier 4: Neighborhood Staple
414,MN,288,77,263 Henry Street,1002880077,263 Henry Street Building,LP-00095,"Borough of Manhattan Tax Map Block 287, Lot 7.",Designated,a part of the Henry Street Settlement,1/18/1966,Individual Landmark,,103,1,40.714065,-73.984608,1000202,MN0302,237.0815511,2314.517221,Commercial,Hell's Kitchen,Tier 4: Neighborhood Staple
413,MN,145,7501,105-107 Chambers Street,1001457501,Cary Building,LP-01224,"Borough of Manhattan Tax Map Block 145, Lot 3.",Designated,,8/24/1982,Individual Landmark,,101,1,40.7152789,-74.0079613,1002100,MN0102,415.434296,7827.919706,Commercial,Greenwich Village,Tier 4: Neighborhood Staple
412,MN,64,8,55 Liberty Street,1000640008,Liberty Tower,LP-01243,"Borough of Manhattan Tax Map Block 64, Lot 8.",Designated,,8/24/1982,Individual Landmark,,101,1,40.7088423,-74.0093816,1001502,MN0101,311.4298818,5877.956309,Commercial,Tribeca,Tier 4: Neighborhood Staple
411,MN,999,1,1522-1554 Broadway,1009990001,I. Miller Building,LP-02023,"Borough of Manhattan Tax Map Block 999, Lot 1.",Designated,,6/29/1999,Individual Landmark,,105,4,40.7585876,-73.9847277,1012500,MN0502,249.7858828,3467.805807,Commercial,Greenwich Village,Tier 4: Neighborhood Staple
409,MN,1258,40,510 Fifth Avenue,1012580040,Manufacturers Trust Company Building,LP-01968,"Borough of Manhattan Tax Map Block 1258, Lot 40.",Designated,,10/21/1997,Individual Landmark,,105,4,40.7541104,-73.9808883,1009600,MN0502,469.0762323,13630.63268,Commercial,Hell's Kitchen,Tier 4: Neighborhood Staple
408,MN,88,5,20 Vesey Street,1000880005,New York Evening Post Building,LP-00077,"Borough of Manhattan Tax Map Block 88, Lot 5.",Designated,,11/23/1965,Individual Landmark,,101,1,40.7120482,-74.0095264,1002100,MN0102,361.1577958,7304.993773,Commercial,Upper East Side,Tier 4: Neighborhood Staple
407,MN,866,76,397-409 Fifth Avenue,1008660076,Tiffany & Co. Building,LP-01624,"Borough of Manhattan Tax Map Block 866, Lot 76.",Designated,,2/16/1988,Individual Landmark,,105,4,40.7499798,-73.9829395,1008200,MN0502,573.1358488,19319.89935,Commercial,Upper East Side,Tier 4: Neighborhood Staple
404,MN,149,29,287 Broadway,1001490029,287 Broadway Building,LP-01649,"Borough of Manhattan Tax Map Block 149, Lot 29.",Designated,,8/29/1989,Individual Landmark,,101,1,40.7147026,-74.0062405,1002100,MN0102,258.2002312,2802.477237,Commercial,Greenwich Village,Tier 4: Neighborhood Staple
401,MN,1118,52,56 West 66th Street,1011180052,First Battery Armory,LP-01670,"Borough of Manhattan Tax Map Block 1118, Lot 52.",Designated,"later the 102nd Medical Battalion Armory, now television studios",8/1/1989,Individual Landmark,,107,6,40.7730271,-73.9808071,1014900,MN0701,552.4414702,17832.7484,Other,Tribeca,Tier 5: Ultra Niche / Insider Knowledge
399,MN,1167,29,318-330 Amsterdam Avenue,1011670029,New-York Cab Company Stable,LP-02209,"Borough of Manhattan Tax Map Block 1167, Lot 29.",Designated,,11/14/2006,Individual Landmark,,107,6,40.7808797,-73.980386,1016300,MN0702,416.4004734,10835.60172,Commercial,Hell's Kitchen,Tier 4: Neighborhood Staple
398,MN,1018,6,235-245 West 46th Street,1010180006,Paramount Hotel,LP-02342,"Borough of Manhattan Tax Map Block 1018, Lot 6",Designated,,11/17/2009,Individual Landmark,,105,3,40.7596391,-73.9870124,1012500,MN0502,505.4891525,15386.21859,Other,Hell's Kitchen,Tier 5: Ultra Niche / Insider Knowledge
396,MN,545,37,434 Lafayette Street,1005450037,434 Lafayette Street Building,LP-00013,"Borough of Manhattan Tax Map Block 545, Lot 37.",Designated,"a part of La Grange Terrace, also known as Colonnade Row",10/14/1965,Individual Landmark,,102,2,40.7294034,-73.9924051,1005700,MN0202,435.4875897,4947.613722,Commercial,Harlem,Tier 4: Neighborhood Staple
393,MN,41,15,60 Pine Street,1000410015,Down Town Association Building,LP-01950,"Borough of Manhattan Tax Map Block 41, Lot 15.",Designated,,2/11/1997,Individual Landmark,,101,1,40.7067235,-74.0081694,1000700,MN0101,417.1882788,9220.771353,Commercial,Tribeca,Tier 4: Neighborhood Staple
389,MN,863,60,181 Madison Avenue,1008630060,Madison Belmont Building,LP-02425,"Borough of Manhattan Tax Map Block 863, Lot 60.",Designated,,9/20/2011,Individual Landmark,,105,4,40.7473805,-73.9828824,1007400,MN0501,723.1694053,13476.6415,Commercial,Tribeca,Tier 4: Neighborhood Staple
387,MN,1029,53,1790 Broadway,1010290053,United States Rubber Company Building,LP-02078,"Borough of Manhattan Tax Map Block 1029, Lot 53.",Designated,,12/19/2000,Individual Landmark,,105,6,40.7667418,-73.981419,1013700,MN0502,428.7967835,11082.01051,Commercial,Hell's Kitchen,Tier 4: Neighborhood Staple
386,MN,840,42,424-434 Fifth Avenue,1008400042,Lord & Taylor Building,LP-02271,"Borough of Manhattan, Tax Map Block 840, Lot 42.",Designated,,10/30/2007,Individual Landmark,,105,4,40.7514977,-73.9830654,1008400,MN0502,939.8220674,49327.09988,Commercial,Hell's Kitchen,Tier 4: Neighborhood Staple
385,MN,404,23,538-540 East 11th Street,1004040023,"Free Public Baths of the City of New York, East 11th Street Bath",LP-02252,"Borough of Manhattan Tax Map Block 404, Lot 23.",Designated,,3/18/2008,Individual Landmark,,103,2,40.7275493,-73.9802357,1003400,MN0303,295.6015492,4918.318081,Other,Upper East Side,Tier 5: Ultra Niche / Insider Knowledge
383,MN,89,1,99 Nassau Street,1000890001,Bennett Building,LP-01937,"Borough of Manhattan Tax Map Block 89, Lot 1.",Designated,,11/21/1995,Individual Landmark,,101,1,40.710514,-74.0077226,1001501,MN0101,455.3302679,10911.38078,Commercial,Harlem,Tier 4: Neighborhood Staple
382,MN,994,7502,1462-1470 Broadway,1009947502,Knickerbocker Hotel,LP-01556,Borough of Manhattan Tax Map Block 994 Lot 54.,Designated,,10/18/1988,Individual Landmark,,105,4,40.7553133,-73.9860423,1011300,MN0502,759.9820569,20327.35544,Other,Harlem,Tier 5: Ultra Niche / Insider Knowledge
375,MN,1259,14,42 West 44th Street,1012590014,Association of the Bar of the City of New York,LP-00256,"Borough of Manhattan Tax Map Block 1259, Lot 14.",Designated,,6/7/1966,Individual Landmark,,105,4,40.7553512,-73.9821729,1009600,MN0502,576.6119707,13487.71983,Other,Upper East Side,Tier 5: Ultra Niche / Insider Knowledge
373,MN,832,66,1232-1238 Broadway,1008320066,Grand Hotel,LP-01041,"Borough of Manhattan Tax Map Block 832, Lot 66.",Designated,,9/11/1979,Individual Landmark,,105,3,40.7471616,-73.9879892,1007600,MN0501,531.8280091,16381.4649,Other,Greenwich Village,Tier 5: Ultra Niche / Insider Knowledge
372,MN,197,1,87 Lafayette Street,1001970001,Fire Engine Company No. 31,LP-00087,"Borough of Manhattan Tax Map Block 197, Lot 1.",Designated,now the Downtown Community Television Center,1/18/1966,Individual Landmark,,101,1,40.7173103,-74.0011508,1003100,MN0102,396.5985299,9730.186506,Commercial,Greenwich Village,Tier 4: Neighborhood Staple
371,MN,818,22,23 West 16th Street,1008180022,23 West 16th Street Building,LP-01587,"Borough of Manhattan Tax Map Block 818, Lot 22.",Designated,,5/1/1990,Individual Landmark,,105,3,40.738217,-73.9942192,1005400,MN0501,239.5093117,2311.693912,Commercial,Upper East Side,Tier 4: Neighborhood Staple
369,MN,510,7502,295-309 Lafayette Street,1005107502,Puck Building,LP-01226,"Borough of Manhattan Tax Map Block 510, Lot 45.",Designated,,4/12/1983,Individual Landmark,,102,1,40.7245317,-73.9953965,1004300,MN0201,701.8028302,24711.29464,Commercial,Hell's Kitchen,Tier 4: Neighborhood Staple
368,MN,818,35,7 West 16th Street,1008180035,7 West 16th Street Building,LP-01582,"Borough of Manhattan Tax Map Block 818, Lot 35.",Designated,,5/1/1990,Individual Landmark,,105,3,40.737893,-73.993447,1005400,MN0501,259.5478732,3274.149229,Commercial,Harlem,Tier 4: Neighborhood Staple
367,MN,1030,23,215 West 58th Street,1010300023,Fire Engine Company No. 23,LP-01563,"Borough of Manhattan Tax Map Block 1030, Lot 23.",Designated,,8/29/1989,Individual Landmark,,105,6,40.766769,-73.9803107,1013700,MN0502,250.4568809,2463.146802,Commercial,Hell's Kitchen,Tier 4: Neighborhood Staple
366,MN,176,10,41 Worth Street,1001760010,41 Worth Street Building,LP-02540,"Borough of Manhattan Tax Map Block 176, Lot 10",Designated,,10/29/2013,Individual Landmark,,101,1,40.7176449,-74.0069551,1003300,MN0102,266.3448192,3219.262067,Commercial,Greenwich Village,Tier 4: Neighborhood Staple
363,MN,1044,22,314 West 54th Street,1010440022,Eleventh District Municipal Court/Seventh District Magistrates' Court,LP-01575,"Borough of Manhattan Tax Map Block 1044, Lot 22.",Designated,now Midtown Community Court,6/6/1989,Individual Landmark,,104,3,40.7648787,-73.9854555,1013300,MN0402,506.9339657,9979.810372,Other,Upper East Side,Tier 5: Ultra Niche / Insider Knowledge
361,MN,832,49,4 West 31st Street,1008320049,Hotel Wolcott,LP-02423,"Borough of Manhattan Tax Map Block 832, Lot 49",Designated,,12/20/2011,Individual Landmark,,105,3,40.7466153,-73.9867118,1007600,MN0501,397.9743491,9891.591578,Other,Upper East Side,Tier 5: Ultra Niche / Insider Knowledge
358,MN,842,21,1-3 Union Square West,1008420021,Lincoln Building,LP-01536,"Borough of Manhattan Tax Map Block 842, Lot 21.",Designated,,7/12/1988,Individual Landmark,,105,2,40.7354995,-73.9918739,1005200,MN0501,357.2816111,6753.097772,Commercial,Harlem,Tier 4: Neighborhood Staple
357,MN,459,23,74 East 4th Street,1004590023,Aschenbroedel Verein Building,LP-02328,"Borough of Manhattan Tax Map Block 459, Lot 23.",Designated,"later Gesangverein Schillerbund, now La Mama Experimental Theatre Club",11/17/2009,Individual Landmark,,103,2,40.7262907,-73.9902299,1003800,MN0303,241.035085,2405.510978,Commercial,Greenwich Village,Tier 4: Neighborhood Staple
356,MN,609,7,154 West 14th Street,1006090007,154 West 14th Street Building,LP-02419,"Borough of Manhattan Tax Map Block 609, Lot 7.",Designated,,6/28/2011,Individual Landmark,,102,3,40.7381622,-73.9995598,1007100,MN0203,440.4842383,12041.10195,Commercial,Greenwich Village,Tier 4: Neighborhood Staple
355,MN,150,25,100 Duane Street,1001500025,Fire Engine Company No. 7/Hook & Ladder Company No. 1,LP-01719,"Borough of Manhattan Tax Map Block 150, Lot 25.",Designated,now Hook & Ladder Company No. 1,9/21/1993,Individual Landmark,,101,1,40.7153229,-74.0062298,1003300,MN0102,401.9527642,9466.400329,Commercial,Tribeca,Tier 4: Neighborhood Staple
352,MN,818,1,574 Sixth Avenue,1008180001,574 Sixth Avenue Building,LP-01805,"Borough of Manhattan Tax Map Block 818, Lot 1.",Designated,,8/14/1990,Individual Landmark,,105,3,40.7386781,-73.9955507,1005400,MN0501,203.1583128,2255.013056,Commercial,Greenwich Village,Tier 4: Neighborhood Staple
351,MN,864,7502,355-371 Fifth Avenue and 188-198 Madison Avenue,1008647502,B. Altman & Co. Department Store,LP-01274,"Borough of Manhattan, Tax Map Block 864, Lot 1.",Designated,"now B. Altman Advanced Learning Super Block (New York Public Library, Science, Industry and Business Library; Oxford University Press; and City University of New York, Graduate School and University Center)",3/12/1985,Individual Landmark,,105,4,40.7484511,-73.9834885,1007400,MN0501,1263.039327,87786.56365,Commercial,Tribeca,Tier 2: National Draw
348,MN,1259,48,20 West 44th Street,1012590048,General Society of Mechanics and Tradesmen,LP-01546,"Borough of Manhattan Tax Map Block 1259, Lot 48.",Designated,,10/18/1988,Individual Landmark,,105,4,40.7551232,-73.9813428,1009600,MN0502,404.9612633,10242.46918,Other,Tribeca,Tier 5: Ultra Niche / Insider Knowledge
347,MN,41,7504,70 Pine Street,1000417504,Cities Service Building,LP-02441,"Borough of Manhattan Tax Map Block 41, Lot 1.",Designated,,6/21/2011,Individual Landmark,,101,1,40.7064627,-74.0077149,1000700,MN0101,771.7241917,32369.56999,Commercial,Upper East Side,Tier 4: Neighborhood Staple
345,MN,544,76,Cooper Square,1005440076,Cooper Union,LP-00202,"Borough of Manhattan Tax Map Block 544, Lot 76.",Designated,,3/15/1966,Individual Landmark,,103,2,40.7293676,-73.9904748,1004200,MN0303,590.835169,20375.87169,Other,Hell's Kitchen,Tier 5: Ultra Niche / Insider Knowledge
338,MN,841,18,35 West 39th Street,1008410018,Haskins & Sells Building,LP-02417,"Borough of Manhattan Tax Map Block 841, Lot 18.",Designated,,1/11/2011,Individual Landmark,,105,4,40.7526067,-73.9841371,1008400,MN0502,291.7499947,4482.531234,Commercial,Hell's Kitchen,Tier 4: Neighborhood Staple
336,MN,604,33,641 Washington Street,1006040033,United States Appraisers' Store,LP-00211,"Borough of Manhattan Tax Map Block 604, Lot 33.",Designated,"later the United States Federal Building, now the Archives Apartments",3/15/1966,Individual Landmark,,102,3,40.7322579,-74.0081834,1006900,MN0203,965.7797731,55607.28269,Commercial,Harlem,Tier 4: Neighborhood Staple
335,MN,49,2,111 Broadway,1000490002,Trinity Building,LP-01557,"Borough of Manhattan Tax Map Block 49, Lot 2.",Designated,,6/7/1988,Individual Landmark,,101,1,40.7087131,-74.0116395,1001300,MN0101,695.8703738,20726.34202,Commercial,Harlem,Tier 4: Neighborhood Staple
332,MN,174,7503,85 Leonard Street,1001747503,"Kitchen, Montross & Wilcox Store",LP-00877,"Borough of Manhattan Tax Map Block 174, Lot 3.",Designated,also known as 85 Leonard Street Building,11/26/1974,Individual Landmark,,101,1,40.7174557,-74.0046968,1003300,MN0102,304.262246,3244.562405,Commercial,Upper East Side,Tier 4: Neighborhood Staple
331,MN,43,2,40 Wall Street,1000430002,Manhattan Company Building,LP-01936,"Borough of Manhattan Tax Map Block 43, Lot 2.",Designated,now the Trump Building,12/12/1995,Individual Landmark,,101,1,40.7070143,-74.0097348,1000700,MN0101,851.052986,35085.91079,Commercial,Greenwich Village,Tier 4: Neighborhood Staple
324,MN,818,37,5 West 16th Street,1008180037,5 West 16th Street Building,LP-01581,"Borough of Manhattan Tax Map Block 818, Lot 37.",Designated,,5/1/1990,Individual Landmark,,105,3,40.7378491,-73.9933423,1005400,MN0501,255.585741,3085.689775,Commercial,Upper East Side,Tier 4: Neighborhood Staple
320,MN,848,12,889-891 Broadway,1008480012,Gorham Manufacturing Company Building,LP-01227,"Borough of Manhattan, Tax Map Block 848, Lot 12.",Designated,,6/19/1984,Individual Landmark,,105,3,40.7387519,-73.9901884,1005200,MN0501,328.3123051,6054.009797,Commercial,Tribeca,Tier 4: Neighborhood Staple
319,MN,881,6,68 Lexington Avenue,1008810006,Sixty-Ninth Regiment Armory,LP-01228,"Borough of Manhattan Tax Map Block 881, Lot 6.",Designated,,4/12/1983,Individual Landmark,,105,2,40.741356,-73.9842192,1006800,MN0602,1074.213058,64686.65078,Other,Tribeca,Tier 5: Ultra Niche / Insider Knowledge
314,MN,1015,29,1501 Broadway,1010150029,Paramount Building,LP-01566,"Borough of Manhattan Tax Map Block 1015, Lot 29.",Designated,,11/1/1988,Individual Landmark,,105,3,40.757221,-73.9867132,1011900,MN0502,832.8638741,43343.25594,Commercial,Upper East Side,Tier 4: Neighborhood Staple
312,MN,869,54,275 Madison Avenue,1008690054,275 Madison Avenue Building,LP-02286,"Borough of Manhattan Tax Map Block 869, Lot 54.",Designated,originally 22 East 40th Street Building,1/13/2009,Individual Landmark,,106,4,40.751198,-73.979976,1008200,MN0502,510.6452652,13164.69634,Commercial,Tribeca,Tier 4: Neighborhood Staple
310,MN,284,7503,173-175 East Broadway,1002847503,Forward Building,LP-01419,"Borough of Manhattan Tax Map Block 284, Lot 23.",Designated,,3/18/1986,Individual Landmark,,103,1,40.7138679,-73.9895247,1000600,MN0301,312.4460185,5429.606212,Commercial,Greenwich Village,Tier 4: Neighborhood Staple
309,MN,174,31,361 Broadway,1001740031,361 Broadway Building,LP-01225,"Borough of Manhattan, Tax Map Block 174, Lot 31.",Designated,also known as the James S. White Building,7/27/1982,Individual Landmark,,101,1,40.7175024,-74.0039934,1003300,MN0102,456.1697224,9747.415533,Commercial,Hell's Kitchen,Tier 4: Neighborhood Staple
307,MN,1032,48,330 West 42nd Street,1010320048,McGraw-Hill Building,LP-01050,"Borough of Manhattan Tax Map Block 1032, Lot 48.",Designated,,9/11/1979,Individual Landmark,,104,3,40.7575041,-73.9915825,1011500,MN0402,711.8191471,28856.58414,Commercial,Upper East Side,Tier 4: Neighborhood Staple
304,MN,851,1,Broadway and Fifth Avenue at 23rd Street,1008510001,Flatiron Building,LP-00219,"Borough of Manhattan Tax Map Block 851, Lot 1.",Designated,,9/20/1966,Individual Landmark,,105,3,40.7409916,-73.9896539,1005600,MN0501,535.0795835,10029.67635,Commercial,Upper East Side,Tier 1: Global Icon
303,MN,123,7501,233 Broadway,1001237501,Woolworth Building,LP-01273,"Borough of Manhattan, Tax Map Block 123, Lot 22.",Designated,,4/12/1983,Individual Landmark,,101,1,40.7124573,-74.0083289,1002100,MN0102,708.3983247,30963.66652,Commercial,Upper East Side,Tier 2: National Draw
294,MN,1009,50,140 West 57th Street,1010090050,140 West 57th Street Studio Building,LP-02043,"Borough of Manhattan Tax Map Block 1009, Lot 50.",Designated,,10/19/1999,Individual Landmark,,105,6,40.7647486,-73.9789431,1013700,MN0502,362.3555129,8117.409688,Commercial,Hell's Kitchen,Tier 4: Neighborhood Staple
293,MN,56,4,90 West Street and 140 Cedar Street,1000560004,West Street Building,LP-01984,"Borough of Manhattan Tax Map Block 56, Lot 4.",Designated,,5/19/1998,Individual Landmark,,101,1,40.7099919,-74.0142584,1001300,MN0101,581.8082706,18654.58821,Commercial,Harlem,Tier 4: Neighborhood Staple
292,MN,531,7504,376-380 Lafayette Street,1005317504,Schermerhorn Building,LP-00193,"Borough of Manhattan Tax Map Block 531, Lot 12.",Designated,also known as the 376-380 Lafayette Street Building,5/17/1966,Individual Landmark,,102,2,40.727603,-73.9937835,1005502,MN0202,387.1555653,9321.556481,Commercial,Hell's Kitchen,Tier 4: Neighborhood Staple
290,MN,21,6,71 Broadway,1000210006,Empire Building,LP-01933,"Borough of Manhattan Tax Map Block 21, Lot 6, and the portions of the adjacent sidewalk on which the described improvement is situated.",Designated,,6/25/1996,Individual Landmark,,101,1,40.7074916,-74.0125122,1001300,MN0101,592.5411703,15343.15119,Commercial,Tribeca,Tier 4: Neighborhood Staple
289,MN,1021,19,1619 Broadway,1010210019,Brill Building,LP-02387,"Borough of Manhattan Tax Map Block 1021, Lot 19",Designated,,3/23/2010,Individual Landmark,,105,3,40.7611347,-73.9846441,1012500,MN0502,479.7273428,13817.61389,Commercial,Greenwich Village,Tier 4: Neighborhood Staple
288,MN,848,55,28 East 20th Street,1008480055,Theodore Roosevelt Birthplace,LP-00218,"Borough of Manhattan Tax Map Block 848, Lot 55.",Designated,now the Theodore Roosevelt Birthplace Historic Site,3/15/1966,Individual Landmark,,105,2,40.7386393,-73.9890409,1005200,MN0501,293.2029249,4844.162512,Other,Tribeca,Tier 5: Ultra Niche / Insider Knowledge
287,MN,494,21,32 Prince Street,1004940021,Roman Catholic Orphan Asylum,LP-00186,"Borough of Manhattan Tax Map Block 494, Lot 21.",Designated,now Saint Patrick's Convent and Girls' School,6/21/1966,Individual Landmark,,102,1,40.722893,-73.9951982,1004300,MN0201,509.1005904,15383.8422,Other,Greenwich Village,Tier 5: Ultra Niche / Insider Knowledge
284,MN,101,1,38 Park Row,1001010001,Potter Building,LP-01948,"Borough of Manhattan Tax Map Block 101, Lot 1.",Designated,,9/17/1996,Individual Landmark,,101,1,40.7115379,-74.0064783,1001501,MN0101,453.1865395,12198.6006,Commercial,Hell's Kitchen,Tier 4: Neighborhood Staple
283,MN,805,7501,130 West 30th Street,1008057501,130 West 30th Street Building,LP-02101,"Borough of Manhattan Tax Map Block 805, Lot 81.",Designated,,11/13/2001,Individual Landmark,,105,3,40.7476834,-73.9911723,1009500,MN0501,383.36631,9151.412116,Commercial,Upper East Side,Tier 4: Neighborhood Staple
278,MN,48,1,140 Broadway,1000480001,140 Broadway,LP-02530,"Borough of Manhattan Tax Map Block 48, Lot 1",Designated,Marine Midland Bank Building,6/25/2013,Individual Landmark,,101,1,40.7086501,-74.0101174,1000700,MN0101,955.0376031,50824.20895,Other,Harlem,Tier 5: Ultra Niche / Insider Knowledge
274,MN,793,56,130-132 West 18th Street,1007930056,130-132 West 18th Street Stables Building,LP-01817,"Borough of Manhattan Tax Map Block 793, Lot 56.",Designated,,12/11/1990,Individual Landmark,,104,3,40.7402317,-73.9964672,1008100,MN0401,273.4245451,4018.944665,Commercial,Upper East Side,Tier 4: Neighborhood Staple
273,MN,121,1,1 Centre Street,1001210001,Municipal Building,LP-00079,"Borough of Manhattan Tax Map Block 121, Lot 1.",Designated,,2/1/1966,Individual Landmark,,101,1,40.7129735,-74.0036757,1002901,MN0102,1037.103202,62385.58863,Commercial,Hell's Kitchen,Tier 2: National Draw
269,MN,1260,7,59-61 West 44th Street,1012600007,Algonquin Hotel,LP-01547,"Borough of Manhattan Tax Map Block 1260, Lot 7.",Designated,,9/15/1987,Individual Landmark,,105,4,40.7560319,-73.9823243,1009600,MN0502,393.8368564,9679.585372,Other,Upper East Side,Tier 5: Ultra Niche / Insider Knowledge
265,MN,1053,49,432 West 44th Street,1010530049,Actors Studio,LP-01814,"Borough of Manhattan, Tax Map Block 1053, Lot 49.",Designated,originally the Seventh Associate Presbyterian Church,2/19/1991,Individual Landmark,,104,3,40.7601694,-73.9933256,1012102,MN0402,299.944814,4952.820307,Other,Hell's Kitchen,Tier 5: Ultra Niche / Insider Knowledge
264,MN,172,23,70-76 Lafayette Street,1001720023,Ahrens Building,LP-01759,"Borough of Manhattan Tax Map Block 172, Lot 23.",Designated,,1/14/1992,Individual Landmark,,101,1,40.7169507,-74.0021067,1003100,MN0102,223.5175347,2385.353241,Commercial,Greenwich Village,Tier 4: Neighborhood Staple
263,MN,818,23,21 West 16th Street,1008180023,21 West 16th Street Building,LP-01586,"Borough of Manhattan Tax Map Block 818, Lot 23.",Designated,,5/1/1990,Individual Landmark,,105,3,40.7381868,-73.9941434,1005400,MN0501,239.0734448,2291.436154,Commercial,Harlem,Tier 4: Neighborhood Staple
260,MN,856,24,51 Madison Avenue,1008560024,New York Life Insurance Company Building,LP-02067,"Borough of Manhattan Tax Map Block 856, Lot 24",Designated,,10/24/2000,Individual Landmark,,105,2,40.742745,-73.9855866,1005600,MN0501,1271.40031,89288.95687,Commercial,Tribeca,Tier 4: Neighborhood Staple
259,MN,174,33,359 Broadway,1001740033,359 Broadway Building,LP-01758,"Borough of Manhattan Tax Map Block 174, Lot 33.",Designated,,10/16/1990,Individual Landmark,,101,1,40.7174035,-74.0040727,1003300,MN0102,385.8395698,4659.146607,Commercial,Upper East Side,Tier 4: Neighborhood Staple
256,MN,544,1,393-399 Lafayette Street,1005440001,De Vinne Press Building,LP-00201,"Borough of Manhattan Tax Map Block 544, Lot 1.",Designated,,10/19/1966,Individual Landmark,,102,2,40.7279185,-73.992647,1005700,MN0202,506.6362667,15753.12892,Commercial,Harlem,Tier 4: Neighborhood Staple
255,MN,1281,1,551 Fifth Avenue,1012810001,Fred F. French Building,LP-01415,"Borough of Manhattan Tax Map Block 1281, Lot 1.",Designated,,3/18/1986,Individual Landmark,,105,4,40.7553863,-73.9788703,1009400,MN0502,614.4322653,20067.40374,Commercial,Upper East Side,Tier 4: Neighborhood Staple
254,MN,152,31,319 Broadway,1001520031,319 Broadway Building,LP-01650,"Borough of Manhattan Tax Map Block 152, Lot 31.",Designated,,8/29/1989,Individual Landmark,,101,1,40.715957,-74.0051981,1003300,MN0102,276.2577613,3032.159717,Commercial,Harlem,Tier 4: Neighborhood Staple
253,MN,1047,7502,951-969 Eighth Avenue,1010477502,Hearst Magazine Building,LP-01625,"Borough of Manhattan, Tax Map Block 1047, Lot 36.",Designated,,2/16/1988,Individual Landmark,,104,6,40.7665582,-73.983614,1013900,MN0402,829.2931171,42945.67918,Commercial,Upper East Side,Tier 4: Neighborhood Staple
252,MN,837,48,390 Fifth Avenue,1008370048,Gorham Building,LP-02027,"Borough of Manhattan Tax Map Block 837, Lot 48.",Designated,,12/15/1998,Individual Landmark,,105,4,40.7497467,-73.9841667,1008400,MN0502,561.9428982,14354.4131,Commercial,Upper East Side,Tier 4: Neighborhood Staple
251,MN,832,39,1 West 30th Street,1008320039,The Wilbraham,LP-02153,"Borough of Manhattan Tax Map Block 832, Lot 39.",Designated,,6/8/2004,Individual Landmark,,105,3,40.7461871,-73.9866721,1007600,MN0501,337.9294601,5386.279118,Other,Greenwich Village,Tier 5: Ultra Niche / Insider Knowledge
250,MN,88,2,14 Vesey Street,1000880002,New York County Lawyers' Association Building,LP-00076,"Borough of Manhattan Tax Map Block 88, Lot 2.",Designated,,11/23/1965,Individual Landmark,,101,1,40.7119165,-74.0092197,1002100,MN0102,361.0948473,7913.97734,Commercial,Upper East Side,Tier 4: Neighborhood Staple
247,MN,80,1,195 Broadway,1000800001,American Telephone & Telegraph Company Building,LP-02194,"Borough of Manhattan Tax Map Block 80, Lot 1",Designated,,7/25/2006,Individual Landmark,,101,1,40.7108515,-74.0097643,1001300,MN0101,871.6112677,38137.72173,Commercial,Tribeca,Tier 4: Neighborhood Staple
246,MN,1028,7502,224-228 West 57th Street,1010287502,A. T. Demarest & Company and Peerless Motor Car Company Buildings,LP-02082,"Borough of Manhattan Tax Map Block 1028, Lot 47.",Designated,,12/19/2000,Individual Landmark,,105,6,40.7658333,-73.9815528,1013700,MN0502,497.955705,14977.79004,Commercial,Greenwich Village,Tier 4: Neighborhood Staple
244,MN,1259,47,12 West 44th Street,1012590047,Hotel Mansfield,LP-02517,"Borough of Manhattan Tax Map Block 1259, Lot 47",Designated,now the Mansfield Hotel,6/12/2012,Individual Landmark,,105,4,40.7550216,-73.9811082,1009600,MN0502,309.3729322,5280.481438,Other,Upper East Side,Tier 5: Ultra Niche / Insider Knowledge
243,MN,1029,23,215 West 57th Street,1010290023,American Fine Arts Society,LP-00255,"Borough of Manhattan Tax Map Block 1029, Lot 23.",Designated,now the Arts Students League,12/10/1968,Individual Landmark,,105,6,40.7664727,-73.9812674,1013700,MN0502,565.3106435,15610.8099,Other,Upper East Side,Tier 5: Ultra Niche / Insider Knowledge
240,MN,151,31,311 Broadway,1001510031,311 Broadway Building,LP-02343,"Borough of Manhattan Tax Map Block 151, Lot 31.",Designated,,1/12/2010,Individual Landmark,,101,1,40.7156468,-74.0054615,1003300,MN0102,297.2730967,4260.426436,Commercial,Upper East Side,Tier 4: Neighborhood Staple
239,MN,483,1,488-492 Broadway,1004830001,E. V. Haughwout Building,LP-00017,"Borough of Manhattan Tax Map Block 483, Lot 1.",Designated,,11/23/1965,Individual Landmark,,102,1,40.7218035,-73.9994661,1004500,MN0201,341.3101811,6879.791019,Commercial,Hell's Kitchen,Tier 4: Neighborhood Staple
235,MN,834,11,1260 Broadway,1008340011,Hotel Martinique,LP-01983,"Borough of Manhattan Tax Map Block 834, Lot 11.",Designated,,5/5/1998,Individual Landmark,,105,4,40.7484406,-73.9877291,1007600,MN0501,748.1616574,21045.772,Other,Greenwich Village,Tier 5: Ultra Niche / Insider Knowledge
232,MN,1259,18,33 West 43rd Street,1012590018,Fire Engine Company No. 65,LP-01545,"Borough of Manhattan Tax Map Block 1259, Lot 18.",Designated,,10/2/1990,Individual Landmark,,105,4,40.755041,-73.9819204,1009600,MN0502,249.77404,2307.750928,Commercial,Hell's Kitchen,Tier 4: Neighborhood Staple
231,MN,42,36,90-94 Maiden Lane,1000420036,90-94 Maiden Lane Building,LP-01648,"Borough of Manhattan Tax Map Block 42, Lot 36.",Designated,,8/1/1989,Individual Landmark,,101,1,40.7069101,-74.0074914,1000700,MN0101,387.52935,7599.712389,Commercial,Hell's Kitchen,Tier 4: Neighborhood Staple
230,MN,861,52,34 East 32nd Street,1008610052,St. Louis Hotel,LP-02533,"Borough of Manhattan Tax Map Block 861, Lot 52.",Designated,now Hotel Grand Union,6/25/2013,Individual Landmark,,105,4,40.746,-73.9833303,1007400,MN0501,286.6681901,4100.788272,Other,Harlem,Tier 5: Ultra Niche / Insider Knowledge
226,MN,1028,33,200 West 57th Street,1010280033,Rodin Studios,LP-01571,"Borough of Manhattan Tax Map Block 1028, Lot 33.",Designated,,2/16/1988,Individual Landmark,,105,6,40.7654186,-73.9805421,1013700,MN0502,459.3210478,12960.92468,Other,Greenwich Village,Tier 5: Ultra Niche / Insider Knowledge
222,MN,192,1,32 Sixth Avenue,1001920001,Long Distance Building of the American Telephone & Telegraph Company,LP-01747,"Borough of Manhattan Tax Map Block 192, Lot 1.",Designated,,10/1/1991,Individual Landmark,,101,1,40.7200001,-74.0046357,1003300,MN0102,902.7183524,46654.15191,Commercial,Harlem,Tier 4: Neighborhood Staple
218,MN,877,74,122-120 East 22nd Street,1008770074,Russell Sage Foundation Building and Annex,LP-02065,"Borough of Manhattan Tax Map Block 877, Lot 74.",Designated,,6/20/2000,Individual Landmark,,106,2,40.7388283,-73.9857426,1006800,MN0602,525.2448554,13731.00879,Commercial,Upper East Side,Tier 4: Neighborhood Staple
216,MN,151,7501,8 Thomas Street,1001517501,David S. Brown Store,LP-01010,"Borough of Manhattan Tax Map Block 151, Lot 27.",Designated,also known as the 8 Thomas Street Building,11/14/1978,Individual Landmark,,101,1,40.7158417,-74.0055805,1003300,MN0102,209.1255476,1857.437292,Commercial,Harlem,Tier 4: Neighborhood Staple
213,MN,577,12,56 West 14th Street,1005770012,"R. H. Macy & Co. Store, 14th Street Annex",LP-02474,"Borough of Manhattan Tax Map Block 577, Lot 12/",Designated,,12/20/2011,Individual Landmark,,102,2,40.7368364,-73.9963446,1006300,MN0202,269.8886029,2708.470658,Commercial,Greenwich Village,Tier 4: Neighborhood Staple
212,MN,144,40,60 Hudson Street,1001440040,Western Union Building,LP-01749,"Borough of Manhattan Tax Map Block 144, Lot 40.",Designated,,10/1/1991,Individual Landmark,,101,1,40.7176558,-74.0083403,1003300,MN0102,981.1111839,54919.17004,Commercial,Upper East Side,Tier 4: Neighborhood Staple
208,MN,50,1,115 Broadway,1000500001,United States Realty Building,LP-01558,"Borough of Manhattan Tax Map Block 50, Lot 1.",Designated,,6/7/1988,Individual Landmark,,101,1,40.7089355,-74.0114701,1001300,MN0101,680.3897571,18116.20731,Commercial,Greenwich Village,Tier 4: Neighborhood Staple
207,MN,152,25,325-333 Broadway,1001520025,325-333 Broadway Building,LP-02112,"Borough of Manhattan Tax Map Block 152, Lot 25.",Designated,,8/13/2002,Individual Landmark,,101,1,40.7162287,-74.0049709,1003300,MN0102,433.2921828,11719.34144,Commercial,Upper East Side,Tier 4: Neighborhood Staple
202,MN,642,12,110-112 Horatio Street,1006420012,F. W. Devoe & Co. Factory,LP-02308,"Borough of Manhattan, Tax Map Block 642, Lot 12.",Designated,,10/28/2008,Individual Landmark,,102,3,40.7385763,-74.0089853,1007900,MN0203,279.1702859,4479.208137,Other,Harlem,Tier 5: Ultra Niche / Insider Knowledge
201,MN,997,19,123 West 44th Street,1009970019,Hotel Gerard,LP-01242,"Borough of Manhattan, Tax Map Block 997, Lot 19.",Designated,now the Gerard Apartments,7/27/1982,Individual Landmark,,105,4,40.7568062,-73.9841614,1011900,MN0502,406.1743539,10308.67943,Other,Harlem,Tier 5: Ultra Niche / Insider Knowledge
200,MN,46,3,100 Broadway,1000460003,American Surety Company Building,LP-01934,"Borough of Manhattan Tax Map Block 46, Lot 3.",Designated,,6/24/1997,Individual Landmark,,101,1,40.7079666,-74.01112,1000700,MN0101,518.2958505,16658.2557,Commercial,Tribeca,Tier 4: Neighborhood Staple
196,MN,195,17,94-100 Lafayette Street,1001950017,94-100 Lafayette Street Building,LP-02107,"Borough of Manhattan Tax Map Block 195, Lot 17.",Designated,now called the Avildsen Building,12/18/2001,Individual Landmark,,101,1,40.7177961,-74.0014249,1003100,MN0102,490.3632796,9191.591556,Commercial,Hell's Kitchen,Tier 4: Neighborhood Staple
192,MN,100,26,138-42 Nassau Street,1001000026,Morse Building,LP-02191,"Borough of Manhattan Tax Map Block 100, Lot 26.",Designated,later Nassau-Beekman Building,9/19/2006,Individual Landmark,,101,1,40.7112469,-74.0061825,1001501,MN0101,323.4679141,6494.586417,Commercial,Harlem,Tier 4: Neighborhood Staple
190,MN,84,1,140 West Street,1000840001,Barclay-Vesey Building,LP-01745,"Borough of Manhattan, Tax Map Block 84, Lot 1.",Designated,,10/1/1991,Individual Landmark,,101,1,40.7137743,-74.0129354,1002100,MN0102,951.2698838,52430.2965,Commercial,Tribeca,Tier 4: Neighborhood Staple
188,MN,604,1,150 Barrow Street,1006040001,Keller Hotel,LP-02212,"Borough of Manhattan Tax Map Block 604, Lot 1.",Designated,,3/6/2007,Individual Landmark,,102,3,40.7321645,-74.0098035,1006900,MN0203,252.3382245,3841.587048,Other,Tribeca,Tier 5: Ultra Niche / Insider Knowledge
186,MN,459,7,357 Bowery,1004590007,Germania Fire Insurance Company Bowery Building,LP-02354,"Borough of Manhattan Tax Map Block 459, Lot 7",Designated,,3/23/2010,Individual Landmark,,103,2,40.7267464,-73.9913158,1003800,MN0303,188.7171819,1734.707401,Commercial,Tribeca,Tier 4: Neighborhood Staple
183,MN,793,54,126 West 18th Street,1007930054,126 West 18th Street Stable,LP-01815,"Borough of Manhattan Tax map Block 793, Lot 54.",Designated,,12/11/1990,Individual Landmark,,104,3,40.7401768,-73.9963336,1008100,MN0401,229.104416,1942.549291,Other,Harlem,Tier 5: Ultra Niche / Insider Knowledge
182,MN,873,10,105 East 17th Street,1008730010,Guardian Life Insurance Company of America Annex,LP-02247,"Borough of Manhattan Tax Map Block 873, Lot 10.",Designated,,11/18/2008,Individual Landmark,,105,2,40.7364818,-73.9879623,1005000,MN0602,832.2399538,30365.85587,Commercial,Harlem,Tier 4: Neighborhood Staple
181,MN,844,19,33 Union Square West,1008440019,Union Building,LP-01538,"Borough of Manhattan Tax Map Block 846, Lot 30.",Designated,,7/12/1988,Individual Landmark,,105,2,40.7368581,-73.9909681,1005200,MN0501,394.4030127,5375.069004,Commercial,Tribeca,Tier 4: Neighborhood Staple
171,MN,871,10,111 East 15th Street,1008710010,Century Assocation Building,LP-01763,"Borough of Manhattan Tax Map Block 871, Lot 10.",Designated,,1/5/1993,Individual Landmark,,105,2,40.7351644,-73.9888935,1005000,MN0602,319.7244218,5459.032006,Commercial,Hell's Kitchen,Tier 4: Neighborhood Staple
169,MN,793,55,128 West 18th Street,1007930055,128 West 18th Street Stable,LP-01816,"Borough of Manhattan Tax Map Block 793, Lot 55.",Designated,,12/11/1990,Individual Landmark,,104,3,40.7401768,-73.9963336,1008100,MN0401,229.1826789,1944.2719,Other,Harlem,Tier 5: Ultra Niche / Insider Knowledge
168,MN,545,40,428 Lafayette Street,1005450040,428 Lafayette Street Building,LP-00010,"Borough of Manhattan Tax Map Block 545, Lot 40.",Designated,"a part of La Grange Terrace, also known as Colonnade Row",10/14/1965,Individual Landmark,,102,2,40.7292003,-73.9925205,1005700,MN0202,339.7874466,3944.591847,Commercial,Upper East Side,Tier 4: Neighborhood Staple
164,MN,838,48,402-404 Fifth Avenue,1008380048,Stewart & Company Building,LP-02185,"Borough of Manhattan Tax Map Block 838, Lot 48.",Designated,,4/18/2006,Individual Landmark,,105,4,40.7503532,-73.9836865,1008400,MN0502,494.6246355,10810.73863,Commercial,Harlem,Tier 4: Neighborhood Staple
163,MN,846,33,200 Park Avenue South,1008460033,Everett Building,LP-01540,"Borough of Manhattan Tax Map Block 846, Lot 33.",Designated,,9/6/1988,Individual Landmark,,105,2,40.7369293,-73.9891855,1005200,MN0501,556.7652792,17696.69032,Commercial,Greenwich Village,Tier 4: Neighborhood Staple
162,MN,279,17,55-57 Saint James Place,1002790017,Shearith Israel Graveyard,LP-00091,"Borough of Manhattan Tax Map Block 279, Lot 17.",Designated,,2/1/1966,Individual Landmark,,103,1,40.7127485,-73.998366,1002700,MN0301,303.2769073,4909.481927,Other,Tribeca,Tier 5: Ultra Niche / Insider Knowledge
159,MN,176,11,39 Worth Street,1001760011,39 Worth Street Building,LP-02539,"Borough of Manhattan Tax Map Block 176, Lot 11",Designated,,10/29/2013,Individual Landmark,,101,1,40.7176449,-74.0069551,1003300,MN0102,253.6465522,2580.345163,Commercial,Harlem,Tier 4: Neighborhood Staple
155,MN,101,2,41 Park Row,1001010002,New York Times Building,LP-02031,"Borough of Manhattan Tax Map Block 101, Lot 2.",Designated,,3/16/1999,Individual Landmark,,101,1,40.7116669,-74.0061861,1001501,MN0101,357.7543247,7695.018322,Commercial,Tribeca,Tier 4: Neighborhood Staple
152,MN,1037,37,304 West 47th Street,1010370037,Fire Engine Company No. 54,LP-02299,"Borough of Manhattan Tax Map Block 1037, Lot 37.",Designated,,11/18/2008,Individual Landmark,,104,3,40.7604654,-73.9881096,1012700,MN0402,212.4446326,2001.05243,Commercial,Harlem,Tier 4: Neighborhood Staple
150,MN,818,33,9 West 16th Street,1008180033,9 West 16th Street Building,LP-01583,"Borough of Manhattan Tax Map Block 818, Lot 33.",Designated,,5/1/1990,Individual Landmark,,105,3,40.737937,-73.9935552,1005400,MN0501,258.2903655,3213.417508,Commercial,Upper East Side,Tier 4: Neighborhood Staple
148,MN,850,4,153-157 Fifth Avenue,1008500004,Scribner Building,LP-00935,"Borough of Manhattan Tax Map Block 850, Lot 4.",Designated,now the United Synagogue of America,9/14/1976,Individual Landmark,,105,3,40.7404317,-73.9900329,1005600,MN0501,290.5937181,5070.639158,Commercial,Harlem,Tier 4: Neighborhood Staple
142,MN,1009,46,130 West 57th Street,1010090046,130 West 57th Street Studio Building,LP-02042,"Borough of Manhattan Tax Map Block 1009, Lot 46.",Designated,,10/19/1999,Individual Landmark,,105,6,40.7646443,-73.9786905,1013700,MN0502,355.5481684,7777.015831,Commercial,Harlem,Tier 4: Neighborhood Staple
140,MN,545,38,432 Lafayette Street,1005450038,432 Lafayette Street Building,LP-00012,"Borough of Manhattan Tax Map Block 545, Lot 38.",Designated,"a part of La Grange Terrace, also known as Colonnade Row",10/14/1965,Individual Landmark,,102,2,40.7293211,-73.9924159,1005700,MN0202,338.6792017,3885.77904,Commercial,Greenwich Village,Tier 4: Neighborhood Staple
139,MN,64,9,65 Liberty Street,1000640009,Chamber of Commerce of the State of New York,LP-00053,"Borough of Manhattan Tax Map Block 64, Lot 9.",Designated,now the Mega International Commercial Bank,1/18/1966,Individual Landmark,,101,1,40.7089878,-74.0096594,1001502,MN0101,367.7947892,8368.413915,Other,Greenwich Village,Tier 5: Ultra Niche / Insider Knowledge
136,MN,793,59,136 West 18th Street,1007930059,136 West 18th Street Stable,LP-01818,"Borough of Manhattan Tax Map Block 793, Lot 59.",Designated,,12/11/1990,Individual Landmark,,104,3,40.7403086,-73.9966476,1008100,MN0401,232.9893606,2114.898831,Other,Greenwich Village,Tier 5: Ultra Niche / Insider Knowledge
133,MN,170,6,346 Broadway,1001700006,New York Life Insurance Company Building,LP-01512,"Borough of Manhattan Tax Map Block 170, Lot 6.",Designated,,2/10/1987,Individual Landmark,,101,1,40.7163688,-74.0033873,1003100,MN0102,971.6279779,31696.31928,Commercial,Hell's Kitchen,Tier 4: Neighborhood Staple
125,MN,873,1,50 Union Square East,1008730001,Germania Life Insurance Company Building,LP-01541,"Borough of Manhattan Tax Map Block 873, Lot 1 in part consisting of the western portion of the lot, which is approximately 80 feet by 115 feet, on which the described building is situated.",Designated,now the W Hotel,9/6/1988,Individual Landmark,,105,2,40.7365889,-73.9885649,1005000,MN0602,415.2996372,10343.50322,Commercial,Tribeca,Tier 4: Neighborhood Staple
122,MN,22,13,26 Broadway,1000220013,Standard Oil Building,LP-01930,"Borough of Manhattan Tax Map Block 22, Lot 13.",Designated,,9/19/1995,Individual Landmark,,101,1,40.7054275,-74.0129013,1000900,MN0101,872.3540941,48769.18689,Commercial,Tribeca,Tier 4: Neighborhood Staple
121,MN,7,35,54 Pearl Street,1000070035,Fraunces Tavern,LP-00030,"Borough of Manhattan Tax Map Block 7, Lot 35.",Designated,,11/23/1965,Individual Landmark,,101,1,40.7033965,-74.0113501,1000900,MN0101,206.6380723,2492.570029,Other,Harlem,Tier 3: Local Favorite / Regional Gem
119,MN,29,36,1 William Street,1000290036,J. & W. Seligman & Company Building,LP-01943,"Borough of Manhattan Tax Map Block 29, Lot 36.",Designated,"later Lehman Brothers, now Banca Commerciale Italiana",2/13/1996,Individual Landmark,,101,1,40.7047882,-74.0100303,1000900,MN0101,395.6064365,9391.004773,Commercial,Greenwich Village,Tier 4: Neighborhood Staple
114,MN,28,7501,82-92 Beaver Street/1 Wall Street Court,1000287501,Beaver Building,LP-01942,"Borough of Manhattan Tax Map Block 28, Lot 17.",Designated,later the New York Coca Exchange Building,2/13/1996,Individual Landmark,,101,1,40.7052138,-74.0085335,1000700,MN0101,387.3361432,7957.919714,Commercial,Greenwich Village,Tier 4: Neighborhood Staple
113,MN,13,1,1 Broadway,1000130001,International Mercantile Marine Company Building,LP-01926,"Borough of Manhattan Tax Map Block 13, Lot 1.",Designated,,9/19/1995,Individual Landmark,,101,1,40.7049497,-74.0144557,1001300,MN0101,563.2593826,18200.0779,Commercial,Greenwich Village,Tier 4: Neighborhood Staple
1479,QN,0,0,161-11 Jamaica Avenue,0,"Sidewalk Clock, 161-11 Jamaica Avenue",LP-01176,"The portion of the sidewalk on which the described improvement is situated adjacent to Borough of Queens, Tax Map Block 9760, Lot 87.",Moved,,8/25/1981,Individual Landmark,,,,,,,QN1201,37.65129271,112.5240879,Other,Flushing,Tier 5: Ultra Niche / Insider Knowledge
1478,QN,0,0,161-11 Jamaica Avenue,0,"Sidewalk Clock, 161-11 Jamaica Avenue",LP-01176,"Proposed Site: The portion of the sidewalk on which the described improvement is situated adjacent to Borough of Queens, Tax Map Block 10101, Lot 15.",Proposed,,8/25/1981,Individual Landmark,,,,,,,QN1201,37.65123352,112.5237352,Other,Astoria,Tier 5: Ultra Niche / Insider Knowledge
1477,QN,0,0,30-78 Steinway Street,0,"Sidewalk Clock, 30-78 Steinway Street",LP-01174,"The portion of the sidewalk on which the described improvement is situated adjacent to Borough of Queens Tax Map Block 660, Lot 81.",Designated,,8/25/1981,Individual Landmark,,,,,,,QN0104,37.6511799,112.5234146,Other,Flushing,Tier 3: Local Favorite / Regional Gem
1356,QN,21,120,4-09 47th Road,4000210120,Pepsi-Cola Sign,LP-01653,"Borough of Queens Tax Map Block 21, Lot 120.",Designated,,4/12/2016,Individual Landmark,,402,26,40.7474619,-73.9576409,4000102,QN0201,577.3427708,10530.67578,Other,Astoria,Tier 5: Ultra Niche / Insider Knowledge
1329,QN,2010,1,109-18 54th Avenue,4020100001,Congregation Tifereth Israel,LP-02283,Too long,Designated,,2/12/2008,Individual Landmark,,404,21,40.7420976,-73.8529189,4042700,QN0402,248.4241728,2474.167382,Other,Jamaica,Tier 5: Ultra Niche / Insider Knowledge
1313,QN,503,5,31-01 Vernon Boulevard,4005030005,Sohmer & Company Piano Factory,LP-02172,Too long,Designated,,2/27/2007,Individual Landmark,,401,22,40.7690251,-73.9351032,4008100,QN0102,858.6135485,40158.56407,Commercial,Jackson Heights,Tier 4: Neighborhood Staple
1302,QN,2475,12,82-10 Queens Boulevard,4024750012,"Benevolent and Protective Order of Elks, Lodge Number 878",LP-02086,"Borough of Queens Tax Map Block 2475, Lot 12 in part consisting of the land underneath the 1923-24 lodge building.",Designated,,8/14/2001,Individual Landmark,,404,30,40.7368932,-73.8811485,4047900,QN0401,381.4608793,8694.184867,Other,Long Island City,Tier 5: Ultra Niche / Insider Knowledge
1235,QN,643,1,35-11 35th Avenue,4006430001,Famous Players-Lasky Studio,LP-00977,"Borough of Queens Tax Map Block 643, Lot 1 in part consisting of the land on which the described building is situated.",Designated,"now Kaufman's Astoria Motion Picture and Television Center, designated as Paramount Studios Building No. 1",3/14/1978,Individual Landmark,,401,26,40.7572106,-73.9242825,4005700,QN0103,1082.199439,68089.86741,Other,Long Island City,Tier 5: Ultra Niche / Insider Knowledge
1218,QN,5917,1,Fort Totten Park,4059170001,Fort Totten Battery,LP-00826,"Borough of Queens Tax Map Block 5917, Lot 1, in part, consisting of the land on which the described improvement is situated.",Designated,,9/24/1974,Individual Landmark,,407,19,40.7913966,-73.7750816,4099900,QN0761,995.9815441,16881.84546,Other,Jackson Heights,Tier 5: Ultra Niche / Insider Knowledge
1127,QN,2018,1,Flushing Meadows-Corona Park,4020180001,Unisphere and Surrounding Reflecting Pool,LP-01925,"Queens Tax Map Block 2018, Lot 1 in part, consisting of the land bounded by a line extending around the inner edge of the walkway encircling the described improvements.",Designated,,5/16/1995,Individual Landmark,,481,21,40.7472615,-73.8433328,4038302,QN8191,1000.61582,79566.31057,Other,Astoria,Tier 5: Ultra Niche / Insider Knowledge
1080,QN,14260,1,John F. Kennedy International Airport,4142600001,Trans World Airlines Flight Center at New York International Airport,LP-01915,Too long,Designated,,7/19/1994,Individual Landmark,,483,31,40.647938,-73.7892771,4071600,QN8381,3782.443912,102808.3347,Commercial,Long Island City,Tier 4: Neighborhood Staple
111,QN,15574,10,adjacent to 1463 Gateway Boulevard,4155740010,Richard Cornell Graveyard,LP-00741,"Borough of Queens Tax Map Block 15574, Lot 10.",Designated,,8/18/1970,Individual Landmark,,414,31,40.6004016,-73.7499376,4101003,QN1401,305.3568491,5718.583571,Other,Jackson Heights,Tier 5: Ultra Niche / Insider Knowledge
109,QN,10102,10,162-24 Jamaica Avenue,4101020010,J. Kurtz & Sons Store,LP-01132,"Borough of Queens Tax Map Block 10102, Lot 10.",Designated,,11/24/1981,Individual Landmark,,412,27,40.7042694,-73.7970265,4044601,QN1201,362.5707426,6926.830752,Commercial,Flushing,Tier 4: Neighborhood Staple
107,QN,10101,11,161-04 Jamaica Avenue,4101010011,The Register,LP-00875,"Borough of Queens Tax Map Block 10101, Lot 11.",Designated,now the Jamaica Arts Center,11/12/1974,Individual Landmark,,412,27,40.7037415,-73.7981101,4044601,QN1201,591.1682836,9622.190677,Other,Long Island City,Tier 5: Ultra Niche / Insider Knowledge
106,QN,9757,8,90-33 160th Street,4097570008,La Casina,LP-01940,"Borough of Queens Tax Map Block 9757, Lot 8.",Designated,"also known as La Casino, now Jamaica Business Resource Center",1/30/1996,Individual Landmark,,412,27,40.704331,-73.7992949,4044601,QN1201,253.4077684,3595.719913,Other,Jackson Heights,Tier 5: Ultra Niche / Insider Knowledge
104,QN,9757,23,90-04 161st Street,4097570023,Suffolk Title and Guarantee Company Build,LP-02088,"Borough of Queens Tax Map Block 9757, Lot 23.",Designated,,3/6/2001,Individual Landmark,,412,27,40.7051743,-73.7996567,4044601,QN1201,414.2466318,7843.037117,Commercial,Astoria,Tier 4: Neighborhood Staple
102,QN,9760,27,89-31 161st Street,4097600027,Jamaica Chamber of Commerce Building,LP-02386,"Borough of Queens Tax Map Block 9760, Lot 27",Designated,,10/26/2010,Individual Landmark,,412,27,40.7056044,-73.7991757,4044601,QN1201,380.3557632,8575.598265,Commercial,Long Island City,Tier 4: Neighborhood Staple
93,QN,6290,100,216th Street at 42nd Avenue,4062900100,Lawrence Graveyard,LP-00630,"Borough of Queens Tax Map Block 6290, Lot 100.",Designated,,8/2/1967,Individual Landmark,,411,19,40.7633316,-73.7668339,4146700,QN1102,606.7355579,22727.55303,Other,Jackson Heights,Tier 5: Ultra Niche / Insider Knowledge
92,QN,6169,21,35-34 Bell Boulevard,4061690021,35-34 Bell Boulevard,LP-02154,"Borough of Queens Tax Map Block 6169, Lot 21.",Designated,,10/19/2004,Individual Landmark,,411,19,40.7680937,-73.7736621,4112300,QN1102,312.2350125,5792.426082,Other,Astoria,Tier 5: Ultra Niche / Insider Knowledge
91,QN,5012,60,"Weeping Beech Park, 37th Avenue between Parsons Boulevard and Bowne Street",4050120060,Weeping Beech Tree,LP-00142,"Borough of Queens Tax Map Block 5012, Lot 60.",Designated,,4/19/1966,Individual Landmark,,407,20,40.7637214,-73.8240207,4086500,QN0707,655.5539563,26734.56787,Other,Jackson Heights,Tier 5: Ultra Niche / Insider Knowledge
83,QN,4067,1,114-04 14th Road,4040670001,Poppenhusen Institute,LP-00662,"Borough of Queens Tax Map Block 4067, Lot 1.",Designated,,8/18/1970,Individual Landmark,,407,19,40.7842897,-73.8528185,4092900,QN0701,706.0175556,30451.26017,Other,Long Island City,Tier 5: Ultra Niche / Insider Knowledge
74,QN,1628,18,97-28 43rd Avenue,4016280018,"Fire Engine Company 289, Ladder Company 138",LP-02035,"Borough of Queens Tax Map Block 1628, Lot 18.",Designated,,6/22/1999,Individual Landmark,,404,21,40.7462024,-73.8652886,4040901,QN0402,300.0000073,4999.981638,Commercial,Long Island City,Tier 4: Neighborhood Staple
72,QN,828,90,southeast corner of 20th Road and 35th Street,4008280090,Lawrence Family Graveyard,LP-00136,"Borough of Queens Tax Map Block 828, Lot 90.",Designated,,4/19/1966,Individual Landmark,,401,22,40.7772911,-73.9056576,4011100,QN0101,295.387353,5161.758152,Other,Astoria,Tier 5: Ultra Niche / Insider Knowledge
69,QN,477,20,42-10 to 42-16 Vernon Boulevard,4004770020,New York Architectural Terra Cotta Company Building,LP-01304,"Borough of Queens Tax Map Block 477, Lot 20.",Designated,,8/24/1982,Individual Landmark,,402,26,40.7539802,-73.9498225,4000103,QN0201,272.0245575,4335.390129,Commercial,Long Island City,Tier 4: Neighborhood Staple
68,QN,46,34,10-40 47th Avenue,4000460034,"Fire Engine Company 258, Hook and Ladder Company 115",LP-02200,"Borough of Queens Tax Map Block 46, Lot 34.",Designated,,6/20/2006,Individual Landmark,,402,26,40.7449865,-73.9517167,4000702,QN0201,308.7137871,5313.876232,Commercial,Jamaica,Tier 4: Neighborhood Staple
67,QN,83,1,25-10 Court Square,4000830001,"New York State Supreme Court, Queens County, Long Island City Branch",LP-00925,"Borough of Queens Tax Map Block 83, Lot 1.",Designated,,5/11/1976,Individual Landmark,,402,26,40.7460064,-73.9431772,4001901,QN0201,1580.145757,114157.9627,Other,Jamaica,Tier 5: Ultra Niche / Insider Knowledge
1318,BX,2941,1,Fulton Avenue between East 172nd and East 174th Streets,2029410001,Crotona Play Center,LP-02232,Too long,Designated,,6/26/2007,Individual Landmark,,203,15,40.8401352,-73.8971044,2016300,BX0391,2776.649413,420916.4674,Commercial,Pelham Bay,Tier 4: Neighborhood Staple
1314,BX,2309,1,112-128 Lincoln Avenue,2023090001,Estey Piano Company Factory,LP-02195,Too long,Designated,,5/16/2006,Individual Landmark,,201,8,40.8078676,-73.9289353,2001901,BX0101,883.6205796,17103.9766,Commercial,Pelham Bay,Tier 4: Neighborhood Staple
1221,BX,4011,210,481 Morris Park Avenue,2040110210,"New York, Westchester & Boston Railroad, Administration Building",LP-00839,"Borough of the Bronx Tax Map Block 4011, Lot 210 in part consisting of the land on which the described building is situated.",Designated,now the East 180th Street Subway Station,5/11/1976,Individual Landmark,,206,15,40.8419471,-73.8727241,2022000,BX0601,297.9005288,4857.151578,Commercial,Riverdale,Tier 4: Neighborhood Staple
1149,BX,5958,1,6111 & 6115 Riverdale Avenue,2059580001,"College of Mount St. Vincent, Cottage and Stable",LP-01085,Too long,Designated,,7/28/1981,Individual Landmark,,208,11,40.9130123,-73.9068217,2031900,BX0803,658.9310498,21498.19257,Other,Fordham,Tier 5: Ultra Niche / Insider Knowledge
1148,BX,5958,1,West 261st Street at Palisade Avenue,2059580001,Mount Saint Vincent Academy,LP-01014,"Borough of The Bronx Tax Map Block 5958, Lot 1 in part consisting of the land on which the described building is situated.",Designated,now the Administration Building,2/8/1979,Individual Landmark,,208,11,40.9130123,-73.9068217,2031900,BX0803,2237.220835,49744.28759,Other,Riverdale,Tier 5: Ultra Niche / Insider Knowledge
1143,BX,5530,50,east of the Throgs Neck Bridge,2055300050,Fort Schuyler,LP-00124,"Borough of The Bronx Tax Map Block 5530, Lot 100 in part, consisting of the land on which the described building is situated.",Designated,now the State University of New York Maritime College,4/19/1966,Individual Landmark,,210,13,40.8069418,-73.7951927,2011800,BX1002,1690.628514,127346.682,Other,South Bronx,Tier 5: Ultra Niche / Insider Knowledge
1093,BX,3155,1,"Poe Park, 2640 Grand Concourse",2031550001,Edgar Allan Poe Cottage,LP-00110,"Borough of The Bronx Tax Map Block 3155, Lot 1 in part, consisting of the land on which the described building is situated.",Designated,,2/15/1966,Individual Landmark,,207,15,40.8648024,-73.894615,2039901,BX0701,155.8769245,1091.920731,Other,South Bronx,Tier 3: Local Favorite / Regional Gem
984,BX,3247,2,29 West Kingsbridge Road,2032470002,Eighth Coastal Artillery Armory,LP-00823,"Borough of the Bronx Tax Map Block 3247, Lot 2.",Designated,"later the Eighth Regiment Armory, designated as the Kingsbridge Armory",9/24/1974,Individual Landmark,,207,14,40.868382,-73.8983189,2026500,BX0701,2160.56773,293714.4178,Other,Pelham Bay,Tier 5: Ultra Niche / Insider Knowledge
981,BX,5914,315,640 West 249th Street,2059140315,Anthony Campagna Estate,LP-01887,"Borough of The Bronx Tax Map Block 5914, Lot 315.",Designated,now Yeshiva of the Telshe Alumni School,11/16/1993,Individual Landmark,,208,11,40.8966463,-73.9109754,2030701,BX0803,1375.943508,100472.8641,Other,Fordham,Tier 5: Ultra Niche / Insider Knowledge
969,BX,2307,59,2804-2808 Third Avenue,2023070059,Haffen Building,LP-02388,"Borough of the Bronx Tax Map Block 2307, Lot 59",Designated,,6/22/2010,Individual Landmark,,201,8,40.8152415,-73.9187324,2004300,BX0101,200.3913923,2569.491963,Commercial,South Bronx,Tier 4: Neighborhood Staple
965,BX,2306,52,341 East 143rd Street,2023060052,Fire Hook and Ladder Company 17,LP-02046,"Borough of the Bronx Tax Map Block 2306, Lot 52.",Designated,now Engine Company 60,6/20/2000,Individual Landmark,,201,8,40.8131688,-73.9221199,2004100,BX0101,305.960606,5199.078155,Commercial,Pelham Bay,Tier 4: Neighborhood Staple
961,BX,2613,1,1122 Franklin Avenue,2026130001,Second Battery Armory,LP-01794,"Borough of The Bronx Tax Map Block 2613, Lot 1.",Designated,,6/2/1992,Individual Landmark,,203,17,40.8281588,-73.9052711,2018502,BX0301,1078.333127,65864.08696,Other,South Bronx,Tier 5: Ultra Niche / Insider Knowledge
954,BX,2398,1,614 Courtlandt Avenue,2023980001,614 Courtlandt Avenue Building,LP-01283,"Borough of the Bronx Tax Map Block 2398, Lot 1.",Designated,,2/10/1987,Individual Landmark,,201,17,40.8179861,-73.9185917,2006700,BX0102,257.7722142,2787.352698,Commercial,South Bronx,Tier 4: Neighborhood Staple
947,BX,2546,15,158 Bruckner Boulevard,2025460015,Bronx Grit Chamber,LP-01128,"Borough of the Bronx Tax Map Block 2546, Lot 15.",Designated,,6/8/1982,Individual Landmark,,201,8,40.8028108,-73.919051,2001902,BX0101,638.7974005,21893.21806,Other,Fordham,Tier 5: Ultra Niche / Insider Knowledge
937,BX,2468,1,851 Grand Concourse,2024680001,Bronx County Building,LP-00928,"Borough of the Bronx, Tax Map Block 2468, Lot 1.",Designated,also known as the Bronx County Courthouse,7/13/1976,Individual Landmark,,204,16,40.8262897,-73.9237992,2006301,BX0401,1437.266193,131894.8296,Commercial,Pelham Bay,Tier 5: Ultra Niche / Insider Knowledge
1516,SI,7857,1,"Conference House Park, 258 Satterlee Street (aka 298-300 Satterlee Street)",5078570001,Aakawaxung Munahanung (Island Protected from the Wind) Archaeological Site,LP-02648,"Borough of Staten Island, Tax Map Block 7857, Lot 1 in part",Designated,,6/22/2021,Individual Landmark,,503,51,40.5027368,-74.2519122,5024402,SI0305,4283.965349,1120524.932,Other,St. George,Tier 5: Ultra Niche / Insider Knowledge
1380,SI,5391,2,4746 Amboy Road,5053910002,Brougham Cottage,LP-02068,"Borough of Staten Island, Tax Map Block 5391, Lot 2",Designated,,12/13/2016,Individual Landmark,,503,51,40.5396846,-74.1699458,5017600,SI0304,437.800731,11945.77259,Other,St. George,Tier 5: Ultra Niche / Insider Knowledge
1351,SI,934,250,,5009340250,Vanderbilt Mausoleum,LP-01208,"Borough of Richmond Tax Map Block 934, Lot 250 in part, consisting of the land on which the described landmark is situated",Designated,,4/12/2016,Individual Landmark,,502,50,40.5852497,-74.1212746,5018100,SI0203,4226.233529,53978.72323,Other,Tompkinsville,Tier 5: Ultra Niche / Insider Knowledge
1336,SI,332,4,321 Manor Road,5003320004,"Headquarters Troop, 51st Cavalry Brigade Armory",LP-02369,Too long,Designated,,8/10/2010,Individual Landmark,,501,50,40.6203033,-74.1214896,5014700,SI0105,2372.661301,331537.9347,Other,Great Kills,Tier 5: Ultra Niche / Insider Knowledge
1319,SI,487,0,Victory Boulevard at Murray Hulbert Avenue,5004870100,Tompkinsville (Joseph H. Lyons) Pool,LP-02234,Too long,Designated,,9/16/2008,Individual Landmark,,501,49,40.6370484,-74.0742228,5002100,SI0102,1410.760825,115721.1758,Other,St. George,Tier 5: Ultra Niche / Insider Knowledge
1311,SI,0,0,"Center Street, between St. Patrick's Place and Court Place",0,Seaman Cottage,LP-02168,"Borough of Staten Island Tax Map Block 4438, Lot 80.",Heard,,12/13/2005,Individual Landmark,,503,50,40.5712681,-74.1424251,5013800,SI0301,374.8149277,8513.965429,Other,St. George,Tier 5: Ultra Niche / Insider Knowledge
1259,SI,898,0,285 Flagg Place,0,Ernest Flagg Estate Cottage: Wallcot,LP-01402,"Borough of Staten Island Tax Map Block 898, Lot 4.",Designated,also known as House-on-the-Wall,2/10/1987,Individual Landmark,,502,50,40.5850875,-74.1078382,5018100,SI0203,768.4404072,30673.36115,Other,Tompkinsville,Tier 5: Ultra Niche / Insider Knowledge
1257,SI,534,1,75 Vanderbilt Avenue,5005340001,"Seaman's Retreat, Main Building",LP-01395,"Borough of Staten Island Tax Map Block 534, Lot 1 in part consisting of the land on which the described building is situated.",Designated,,4/9/1985,Individual Landmark,,501,49,40.6225742,-74.0756152,5002700,SI0102,777.5552515,14704.11332,Commercial,Tompkinsville,Tier 4: Neighborhood Staple
1247,SI,2860,68,33-37 Belair Road,5028600068,Woodland Cottage,LP-01212,"Borough of Staten Island Tax Map Block 2680, Lot 30.",Designated,also known as the 33-37 Belair Road House,10/12/1982,Individual Landmark,,501,49,40.6112389,-74.0655646,5000800,SI0103,615.3894236,20859.40193,Other,Great Kills,Tier 5: Ultra Niche / Insider Knowledge
1184,SI,6169,103,Arthur Kill Road at Rossville Road,5061690103,Sleight Family Graveyard,LP-00387,"Borough of Richmond Tax Map Block 6190, Lot 318 in part, consisting of the land on which the described cemetery is situated.",Designated,also known as the Rossville or Blazing Star Burial Ground,1/17/1968,Individual Landmark,,503,51,40.5563871,-74.2126114,5022602,SI0305,464.8960881,11787.89497,Other,Great Kills,Tier 5: Ultra Niche / Insider Knowledge
1183,SI,3128,1,Fort Wadsworth Reservation,5031280001,Fort Richmond,LP-00379,"Borough of Richmond Tax Map Block 3128, Lot 1 in part, consisting of the land on which the described building is situated.",Designated,now Battery Weed,10/12/1967,Individual Landmark,,595,49,40.6004312,-74.0579269,5001800,SI9561,1230.527861,57557.30669,Other,St. George,Tier 5: Ultra Niche / Insider Knowledge
1182,SI,3128,1,"Hudson Road, Fort Wadsworth Reservation",5031280001,Fort Tompkins,LP-00824,"Borough of Richmond Tax Map Block 3218, Lot 1 in part, consisting of the land on which the described building is situated.",Designated,,9/24/1974,Individual Landmark,,595,49,40.6004312,-74.0579269,5001800,SI9561,1629.001044,145717.9673,Other,St. George,Tier 5: Ultra Niche / Insider Knowledge
1180,SI,939,120,25 Boyle Street,5009390120,New Dorp Light,LP-00361,"Borough of Richmond Tax Map Block 939, Lot 120 in part, consisting of the land on which the described building is situated.",Amended,,11/15/1967,Individual Landmark,,502,50,40.5807634,-74.1199489,5018100,SI0203,198.1522293,1873.557219,Other,Tottenville,Tier 5: Ultra Niche / Insider Knowledge
1177,SI,891,0,95 West Entry Road,0,Ernest Flagg Estate Cottage: Bowcot,LP-01401,"Borough of Staten Island Tax Map Block 891, Lot 99.",Designated,,2/10/1987,Individual Landmark,,502,50,40.5871239,-74.105062,5018100,SI0203,599.407368,19342.22008,Other,Tottenville,Tier 5: Ultra Niche / Insider Knowledge
1117,SI,76,200,extending along Richmond Terrace and Snug Harbor Road between Tysen Street and Kissel Avenue,5000760200,"Sailors' Snug Harbor, Iron Fence",LP-00743,"Borough of Richmond Tax Map Block 76, Lot 1 in part, consisting of the land on which the described improvement is situated.",Designated,,5/15/1973,Individual Landmark,,501,49,40.6440512,-74.1017572,5009702,SI0191,3605.194299,8988.03888,Other,Tompkinsville,Tier 2: National Draw
1114,SI,4441,1,"Center Street, between St. Patrick's Place and Court Place",5044410001,Seaman Cottage,LP-02168,"Borough of Staten Island Tax Map Block 4441, Lot 1, in part consisting of the land on which the described improvement is situated.",Designated,,12/13/2005,Individual Landmark,,503,50,40.5711106,-74.1454376,5027900,SI0203,98.60283144,606.9285328,Other,St. George,Tier 5: Ultra Niche / Insider Knowledge
1111,SI,2359,1,3731 Richmond Road,5023590001,Britton Cottage,LP-00942,"Borough of Staten Island Tax Map Block 2359, Lot 1 in part consisting of the land on which the described building is situated.",Designated,designated as the Cubberly-Britton Cottage,11/9/1976,Individual Landmark,,502,50,40.5780583,-74.1492902,5027900,SI0203,191.5336049,2050.616607,Other,Tompkinsville,Tier 5: Ultra Niche / Insider Knowledge
1107,SI,4441,1,Court Place,5044410001,Eltingville Store,LP-00397-J,"Borough of Richmond Tax Map Block 4441, Lot 4 in part, consisting of the land on which the described building is situated.",Designated,"now Print Shop, designated as Grocery Store",8/26/1969,Individual Landmark,,503,50,40.5711106,-74.1454376,5027900,SI0203,57.31559646,203.7221351,Commercial,Tompkinsville,Tier 4: Neighborhood Staple
1098,SI,4441,200,74 Arthur Kill Road,5044410200,Parsonage,LP-00397-C,"Borough of Richmond Tax Map Block 4463, Lot 13 in part, consisting of the land on which the described building is situated.",Designated,,8/26/1969,Individual Landmark,,503,50,40.5708919,-74.1468913,5027900,SI0203,150.7386148,1122.699512,Other,Great Kills,Tier 5: Ultra Niche / Insider Knowledge
994,SI,76,200,914-1000 Richmond Terrace,5000760200,"Sailors' Snug Harbor, Building E",LP-00026,"Borough of Richmond Tax Map Block 76, Lot 1 in part, consisting of the land on which the described building is situated.",Designated,now the Snug Harbor Cultural Center,10/14/1965,Individual Landmark,,501,49,40.6440512,-74.1017572,5009702,SI0191,356.4957269,6698.19352,Commercial,Tompkinsville,Tier 2: National Draw
993,SI,76,200,914-1000 Richmond Terrace,5000760200,"Sailors' Snug Harbor, Building D",LP-00025,"Borough of Richmond Tax Map Block 76, Lot 1 in part, consisting of the land on which the described building is situated.",Designated,now the Snug Harbor Cultural Center,10/14/1965,Individual Landmark,,501,49,40.6440512,-74.1017572,5009702,SI0191,317.6516657,5689.886423,Commercial,Tottenville,Tier 2: National Draw
992,SI,76,200,914-1000 Richmond Terrace,5000760200,"Sailors' Snug Harbor, Building C",LP-00024,"Borough of Richmond Tax Map Block 76, Lot 1 in part, consisting of the land on which the described Building is situated.",Designated,now the Snug Harbor Cultural Center,10/14/1965,Individual Landmark,,501,49,40.6440512,-74.1017572,5009702,SI0191,366.689008,7879.953364,Commercial,Great Kills,Tier 2: National Draw
991,SI,76,200,914-1000 Richmond Terrace,5000760200,"Sailors' Snug Harbor, Building A",LP-00022,"Borough of Richmond Tax Map Block 76, Lot 1 in part, consisting of the land on which the described building is situated.",Designated,now the Snug Harbor Cultural Center,10/14/1965,Individual Landmark,,501,49,40.6440512,-74.1017572,5009702,SI0191,358.9751324,6753.548991,Commercial,Tompkinsville,Tier 2: National Draw
990,SI,76,200,914-1000 Richmond Terrace,5000760200,"Sailors' Snug Harbor, Building B",LP-00023,"Borough of Richmond Tax Map Block 76, Lot 1 in part, consisting of the land on which the described building is situated.",Designated,now the Snug Harbor Cultural Center,10/14/1965,Individual Landmark,,501,49,40.6440512,-74.1017572,5009702,SI0191,317.3648675,5639.937248,Commercial,Great Kills,Tier 2: National Draw
55,SI,7020,4,565 and 569 Bloomingdale Road,5070200004,565 and 569 Bloomingdale Road Cottages,LP-02415,"Borough of Staten Island Tax Map Block 7020, Lot 4",Designated,,2/1/2011,Individual Landmark,,503,51,40.5391218,-74.2172084,5020803,SI0304,618.5783034,21830.65251,Other,Great Kills,Tier 5: Ultra Niche / Insider Knowledge
52,SI,8026,5,173 Main Street,5080260005,George Cunningham Store,LP-02229,"Borough of Staten Island, Tax Map Block 8026, Lot 5",Designated,,7/15/2008,Individual Landmark,,503,51,40.5108448,-74.2482709,5024800,SI0305,243.9473574,1965.412609,Commercial,Great Kills,Tier 4: Neighborhood Staple
18,SI,939,120,25 Boyle Street,5009390120,"New Dorp Light, Expanded Site",LP-00361E,"Borough of Richmond Tax Map Block 939, Lot 120.",Designated,,12/18/1973,Individual Landmark,,502,50,40.5807634,-74.1199489,5018100,SI0203,963.9091739,44473.9951,Other,Great Kills,Tier 5: Ultra Niche / Insider Knowledge
6,SI,230,33,752 Delafield Avenue,5002300033,752 Delafield Avenue,LP-00342,"Borough of Richmond Tax Map Block 230, Lot 33.",Designated,also known as the Scott-Edwards House,8/24/1967,Individual Landmark,,501,49,40.628799,-74.123537,5014100,SI0106,503.6372564,15112.00372,Other,St. George,Tier 5: Ultra Niche / Insider Knowledge
