"the_geom","Borough","LP_NUMBER","MOST_CURRENT","LM_NAME","EXTENSION","SITE_STATUS","LAST_ACTION","ACTION_NOTES","PUBLIC_HEARING","OTHER_HEARINGS","DESIG_DATE","CALEN_DATE","Shape_Leng","Shape_Area"
"POLYGON ((993568.6886997521 171061.41416066885, 993611.8211594224 171067.50765241683, 993623.7279597521 170979.9402422607, 993628.5868739188 170974.3267364204, 993636.923471421 170974.2447155863, 993780.520625174 171062.7845647484, 993838.9768730849 171100.58960725367, 993876.9147893339 171125.27295683324, 994039.968925178 171224.37774550915, 994170.7777186781 171304.14300592244, 994432.8018009216 171466.33592300117, 994322.525774762 172218.30718809366, 994106.4878210127 172085.1151972562, 993626.0015772581 171787.49112059176, 993529.8075439185 171730.8376905918, 993519.2891922593 171723.3442672491, 993517.6258097589 171717.3075339198, 993519.0956230909 171711.81049767137, 993535.3810235858 171603.6781679988, 993507.1373136789 171599.51905559003, 993492.5120148361 171597.58631667495, 993393.2110323459 171582.01154467463, 993473.3299665898 171018.08977225423, 993494.1685075909 171031.15667524934, 993533.6612107605 171055.92073333263, 993568.6886997521 171061.41416066885))","BK","LP-02693","Yes","Ditmas Park West Historic District","No","DESIGNATED","DESIGNATED",,"10/21/2025",,"11/25/2025","06/17/2025","3728.3824419608377","739207.7713770915"
"POLYGON ((994065.9117866755 174009.07066692412, 993992.5280751735 174000.06871642172, 993935.3956435025 173991.6861872524, 993832.7498514205 173976.5910730958, 993474.5189405978 173923.8910472542, 993465.9264380932 173918.65811808407, 993464.0826097578 173912.01114974916, 993479.519258678 173805.05237416923, 993451.4714145064 173801.46215826273, 993435.5895565003 173799.5687893331, 993335.986081168 173785.0635690093, 993510.2613231689 172573.70739592612, 993513.8712240905 172557.37573567033, 993614.0790289193 172615.54064558446, 993619.1462760121 172622.25651142, 993619.9779672623 172627.76831142604, 993558.7323548347 173057.13851566613, 993601.3638312519 173063.3655373454, 993799.9323317558 173092.2824742496, 993843.6176118404 173096.86678266525, 993877.8042232543 172861.9226987511, 993893.5909370929 172864.30523991585, 993992.186212346 172879.44497342408, 993978.6471974254 172972.86276559532, 994077.8031670898 172988.2095196694, 994092.8641605973 172992.43785767257, 994080.0042781681 173081.04890091717, 994123.2633780092 173088.87500075996, 994198.1890811771 173099.13187000155, 994067.0814037621 173999.88400550187, 994065.9117866755 174009.07066692412))","BK","LP-02692","Yes","Beverley Square West Historic District","No","DESIGNATED","DESIGNATED",,"10/21/2025",,"11/25/2025","06/17/2025","4651.397850034275","744284.7103505391"
"POLYGON ((997596.8440292627 191579.80619467795, 997618.0234488398 191583.02502025664, 997637.425969094 191585.9731770903, 997657.925928086 191589.08898450434, 997677.0820577592 191592.0000679195, 997697.5620036721 191595.11226642132, 997700.1436914206 191578.05816666782, 997701.1092406809 191571.68350750208, 997714.166301176 191573.66775549948, 997720.7738995105 191574.6720185876, 997731.2669887543 191576.26650358737, 997740.3837684244 191577.65199950337, 997749.8076340854 191579.08441133797, 997760.3479673415 191580.6861141771, 997767.4056960046 191581.75861859322, 997778.9650560915 191583.51550483704, 997785.1067760885 191584.44857384264, 997797.4794547558 191586.3288194239, 997802.5194709301 191587.09489400685, 997816.5138655007 191589.22153016925, 997820.3009314239 191589.7973164171, 997835.190337345 191592.05977909267, 997838.9570620954 191592.63228450716, 997854.4081466794 191594.9807050079, 997857.2060413361 191595.40557292104, 997871.9589645863 191597.64736634493, 997874.812633425 191598.0814205855, 997890.2561720908 191600.42820067704, 997892.0547249168 191600.7014940828, 997908.7508857548 191603.23856250942, 997911.770236671 191603.6978791654, 997927.8102308363 191606.13521026075, 997930.2915250957 191606.51250608265, 997945.5513370931 191608.83139908314, 997948.1861743331 191609.2316607535, 997964.7392908335 191611.74740375578, 997967.515203923 191612.16931892931, 997982.7353178412 191614.4823064208, 997986.1047336757 191614.9941164255, 998002.3487956673 191617.46294350922, 998003.9842910916 191617.71130259335, 998021.1699522585 191620.3231739998, 998022.9527570903 191620.59384275973, 998039.4858605117 191623.10663300753, 998039.9829067588 191623.1820921749, 998057.2807724178 191625.8106958419, 998058.4625285864 191625.99048550427, 998075.1685319245 191628.5291943401, 998077.736112088 191628.9192854166, 998092.2334584296 191631.12236501276, 998096.6684889197 191631.79657626152, 998109.0270600021 191633.67452526093, 998114.6303952634 191634.5259015113, 998133.9315377623 191637.45929458737, 998152.7589279264 191640.32050934434, 998160.2766294181 191641.46322359145, 998171.7024595886 191643.1994405836, 998178.075806424 191644.16794258356, 998190.0062287599 191645.9812591672, 998195.0846306682 191646.75291116536, 998208.2798142582 191648.75848458707, 998212.8506712615 191649.45270891488, 998227.3207866699 191651.65152342618, 998232.3896741718 191652.42186309397, 998248.2239600867 191654.82835434377, 998252.2662748396 191655.44285441935, 998266.6481358409 191657.62821750343, 998269.7281821668 191658.09606434405, 998286.433857426 191660.63510125875, 998287.6677788347 191660.82243683934, 998305.8465482593 191663.5852265954, 998306.4961532503 191663.68397967517, 998323.93476668 191666.3339087516, 998309.0509381741 191764.64047066867, 998301.3583682626 191815.4494241774, 998321.412462011 191818.4353105873, 998319.0748682618 191833.4651361704, 998303.5729307532 191936.73494274914, 998299.7760223448 191962.02852733433, 998295.2412545085 191992.23909683526, 998292.256680429 192012.12193109095, 998288.597567007 192036.49885083735, 998278.17304717 192100.746097669, 998270.3548213392 192152.69940583408, 998266.2258925885 192180.137015, 998262.8748494238 192202.40501509607, 998242.2413605005 192199.26132059097, 998222.710559681 192196.28560476005, 998203.6600728333 192193.38305149972, 998183.2135914266 192190.26757217944, 998164.2454535067 192187.37748609483, 998145.5542179197 192184.5297227502, 998143.4977915883 192184.21607509255, 998127.7596340925 192181.81844209135, 998124.614627257 192181.33944042027, 998109.5198411793 192179.03957626224, 998104.1714266688 192178.22428917885, 998091.7246011794 192176.3282955885, 998084.7639851719 192175.26760217547, 998073.3033781797 192173.52154266834, 998064.7328572571 192172.21577100456, 998056.7135163397 192170.9936605841, 998046.6662923396 192169.46315184236, 998038.9189325124 192168.28270800412, 998027.7788629234 192166.5852048397, 998020.9832728356 192165.5497738421, 998010.0564574301 192163.88475091755, 998003.510210678 192162.88737758994, 997990.9593827575 192160.97530792654, 997985.1710085124 192160.09341992438, 997972.275036931 192158.1285288334, 997967.3764246702 192157.38213925064, 997953.1343271732 192155.211868003, 997948.8794144243 192154.56390342116, 997934.996896252 192152.44875016809, 997931.9749206752 192151.98812116683, 997916.273508504 192149.59606559575, 997913.7423455864 192149.2102395892, 997897.2561580837 192146.69843359292, 997896.7112116665 192146.61542850733, 997877.0130883455 192143.61412216723, 997876.0002950877 192143.45992299914, 997860.4484889209 192141.09050516784, 997857.2929834276 192140.60953500867, 997841.774969846 192138.24503841996, 997837.0863309205 192137.5308009982, 997823.0263196677 192135.38841684163, 997818.6496880054 192134.7217515111, 997801.8157321811 192132.1571240872, 997798.1936921775 192131.60495984554, 997783.1438535005 192129.3119854182, 997778.5421566665 192128.6108713448, 997763.2236177623 192126.27688650787, 997758.3053205013 192125.52754417062, 997743.3214265853 192123.24474033713, 997737.9067392498 192122.41961075366, 997723.4766499996 192120.22112433612, 997718.3152430058 192119.43470859528, 997699.1276173443 192116.5111580044, 997679.1867123395 192113.4727782607, 997674.7648051679 192112.79889509082, 997659.8012524247 192110.51904401183, 997639.5549018383 192107.43440450728, 997625.1431852579 192105.23854275048, 997620.2117646784 192104.487560004, 997635.5070096701 192002.84668716788, 997645.3317931741 191938.54202575982, 997648.2510786802 191919.09554234147, 997650.9154434204 191901.34459358454, 997653.6559235007 191883.08905267715, 997656.338004753 191865.22097817063, 997658.9255980104 191847.9838079214, 997660.2408840954 191839.22234250605, 997661.5299235135 191830.6344331652, 997664.1260469258 191813.3385360092, 997644.5552199185 191810.3762715906, 997624.577569589 191807.35265558958, 997604.9991966784 191804.3890788406, 997585.0927404165 191801.3762895912, 997563.3900279254 191798.0911911726, 997550.4776521772 191796.13647067547, 997583.6616409272 191577.80258975923, 997596.8440292627 191579.80619467795))","BK","LP-02683","Yes","Willoughby-Hart Historic District",,"DESIGNATED","DESIGNATED",,"6/11/2024",,"06/25/2024","05/21/2024","2608.686678234513","372947.68809495633"
"POLYGON ((1005679.8714983463 190850.85883367062, 1005742.8864641786 190803.7716575116, 1005775.006806761 190780.2723606676, 1005762.5045351684 190763.49942833185, 1005774.5461777598 190754.6930155009, 1005857.0253435075 190694.3748946786, 1005867.7950070053 190708.85354025662, 1005868.078471005 190709.23444500566, 1005880.2054152638 190725.53789009154, 1005880.9068574309 190726.48080158234, 1005883.5813927501 190730.07659491897, 1005891.2063775063 190740.3272305876, 1005892.041021511 190741.4486194253, 1005902.8024829179 190755.9167663455, 1005913.9907807559 190770.95873101056, 1005925.9625415951 190787.05318701267, 1005937.0963775963 190802.02198909223, 1005949.0484534204 190818.09019842744, 1005959.4372121692 190832.0567059219, 1005971.9083158374 190848.82274851203, 1005982.1143321693 190862.54352158308, 1005900.0259136707 190922.5758818388, 1005863.9341223389 190948.04039783776, 1006001.7232168466 191132.05709017813, 1006015.399042502 191150.88087141514, 1006016.1503533423 191152.91498808563, 1006016.4685941786 191155.42482559383, 1006016.1766000092 191157.93466308713, 1006014.929883346 191160.9333447516, 1006013.0926166773 191163.16103059053, 1005948.904752925 191211.16224692762, 1005929.8329406679 191185.77679900825, 1005917.3323095143 191169.0274886787, 1005904.8323345035 191152.27883450687, 1005892.5666110069 191135.84415608644, 1005880.1863864213 191119.25626274943, 1005869.5627200007 191105.0223673433, 1005857.5227178335 191088.88952559233, 1005846.45154576 191074.05556575954, 1005836.5719723403 191060.8183875084, 1005834.6795876771 191058.28263142705, 1005822.9571701735 191042.57695417106, 1005811.892231673 191027.7505402565, 1005800.3699450046 191012.3122509271, 1005787.949694261 190995.67088000476, 1005775.8601515144 190979.47209350765, 1005764.6843208373 190964.4973859191, 1005752.5544238389 190948.24544991553, 1005739.6997907609 190931.02173109353, 1005728.8740250021 190916.5158545822, 1005716.1657170951 190899.48865766823, 1005703.8494687527 190882.98639409244, 1005693.02337493 190868.48084567487, 1005679.8714983463 190850.85883367062))","BK","LP-02665","Yes","Linden Street Historic District",,"DESIGNATED","DESIGNATED",,"2/28/2023","0","05/09/2023","11/01/2022","1408.270307802106","70192.56792375029"
"POLYGON ((995837.1792415082 178175.65682192147, 995846.6615060121 178059.0081050843, 995895.6794525832 178063.117020756, 995895.8818800002 178060.70232741535, 995969.9827816784 178066.91425725818, 995971.8085654229 178045.1268992573, 996098.4198607504 178055.7407231778, 996096.5983420908 178077.4788686782, 996120.9509836733 178079.39618767798, 996122.7606913447 178057.7971495092, 996183.8927869201 178062.92148308456, 996173.1815222502 178190.77162109315, 996169.6474085897 178232.95460759103, 996313.1828826666 178244.38306242228, 996315.1005297601 178244.53857392073, 996316.9181114286 178244.62715642154, 996319.040810585 178245.13896642625, 996321.6228264272 178246.4742655903, 996323.5093055964 178248.1835797578, 996324.9331872612 178250.29315559566, 996325.8879097551 178253.03921309114, 996326.05851309 178255.9394697547, 996316.762928009 178367.95991501212, 996199.8615870029 178358.54753226042, 996198.5433481783 178373.93168783188, 996178.0614337623 178372.28634992242, 996166.5250395089 178371.36148300767, 996158.8478895128 178370.74927949905, 996159.9745276719 178357.67351825535, 996100.5835703462 178352.91335716844, 996099.4982706755 178365.98911842704, 995897.9041856676 178349.83035808802, 995911.7847353369 178181.95208492875, 995837.1792415082 178175.65682192147))","BK","LP-02664","Yes","Melrose Parkside Historic District","No","DESIGNATED","DESIGNATED",,"10/18/2022",,"12/13/2022","08/09/2022","1671.8832216849753","107249.9466987329"
"POLYGON ((1057146.0087233335 193694.8354291767, 1056961.2807463408 193232.55781042576, 1057201.1854502559 193138.46482275426, 1057385.1857384294 193602.70077092946, 1057146.0087233335 193694.8354291767))","QN","LP-02655","Yes","Cambria Heights-222nd Street Historic District","No","DESIGNATED","DESIGNATED",,"9/14/2021",,"06/28/2022","08/10/2021","1511.197288787266","128135.77728391397"
"POLYGON ((1058116.1488434225 192584.60372576118, 1058108.5271394998 192565.2248274982, 1057976.7337679267 192230.1211670041, 1057929.3368810862 192109.60795658827, 1058022.5076265037 192073.18775384128, 1058077.6115189195 192052.0362213403, 1058170.9679595083 192014.76661084592, 1058210.9705041796 192117.0085323453, 1058356.5814334303 192489.17347042263, 1058263.2246647626 192526.44340901077, 1058210.0889442563 192547.8829986751, 1058116.1488434225 192584.60372576118))","QN","LP-02656","Yes","Cambria Heights-227th Street Historic District","No","DESIGNATED","DESIGNATED",,"9/14/2021",,"06/28/2022","08/10/2021","1538.0989798211695","132133.36961520946"
"POLYGON ((997020.7752995044 173363.69827000797, 997022.4888787568 173342.7678656727, 997024.0538362563 173323.6583238393, 997025.6670220047 173303.95626351237, 997027.276598841 173284.30308759212, 997028.7483806759 173266.32608942688, 997030.5429965109 173244.4101227522, 997032.1004080921 173225.38981959224, 997033.7516515106 173205.22384941578, 997035.4248765111 173184.78917901218, 997037.075135678 173164.6360040903, 997038.6604343355 173145.27810317278, 997040.3051160872 173125.1902168393, 997042.0229604244 173104.20895959437, 997043.7125895917 173083.5741583407, 997045.1994632632 173065.41737049818, 997046.9750502557 173043.73598341644, 997048.4888267517 173025.24651908875, 997050.1354770064 173005.1359950006, 997051.6617206782 172986.49987742305, 997053.3552868366 172965.8152075112, 997055.0698503405 172944.87594492733, 997056.681067586 172925.19849084318, 997058.3595419228 172904.7021407485, 997059.9094075859 172885.76976391673, 997061.5803360045 172865.3646209985, 997063.2141910046 172845.4125611782, 997064.869699508 172825.1983627528, 997066.5248799175 172804.98318009079, 997168.5430485904 172812.94116942585, 997226.0458863378 172816.9247572571, 997325.9315133393 172824.97428183258, 997324.1500208378 172846.51131226122, 997322.4676095098 172866.85018233955, 997320.8842793405 172885.98793934286, 997319.2582983375 172905.64439608157, 997317.5696534216 172926.05511641502, 997315.9312052578 172945.86544425786, 997314.3383606672 172965.12065508962, 997312.6841645092 172985.1127410829, 997310.9367926717 173006.2406515926, 997309.3787249178 173025.07361917198, 997307.6106838435 173046.44267092645, 997306.0785346776 173064.9665840119, 997304.3688924164 173085.63977099955, 997302.7701423466 173104.96158275008, 997301.0752638429 173125.45202733576, 997299.4660150856 173144.90080733597, 997297.7793386728 173165.29118651152, 997296.2485018373 173183.7963988334, 997294.5851193368 173203.9052825123, 997293.0050700009 173223.00727842748, 997291.3193778396 173243.38551850617, 997289.6674782634 173263.35267017782, 997287.9689908475 173283.8841251731, 997286.3502276689 173303.45232750475, 997284.6520683467 173323.97984550893, 997283.0890793353 173342.87646125257, 997281.415526256 173363.1050953418, 997279.8020124286 173382.6116180122, 997179.9163854271 173374.56176534295, 997122.7937962562 173371.65625934303, 997080.5583164245 173368.36131842434, 997041.6761763394 173365.32851609588, 997020.7752995044 173363.69827000797))","BK","LP-02647","Yes","East 25th Street Historic District","No","DESIGNATED","DESIGNATED",,"9/22/2020","0","11/17/2020","08/11/2020","1640.0396047171362","145583.39268114694"
"POLYGON ((1014658.2249326706 237491.48700892925, 1014700.0040485859 237400.7936207503, 1014567.6831190139 237339.46992450953, 1014754.7080074251 236930.4733671695, 1014886.6870741695 236991.50080417097, 1014906.2539641708 236949.00876317918, 1015012.1349860132 236995.3121482581, 1014763.2985414267 237538.6440668404, 1014658.2249326706 237491.48700892925))","BX","LP-02644","Yes","Manida Street Historic District","No","DESIGNATED","DESIGNATED",,"5/12/2020",,"06/23/2020","01/21/2020","1715.9463393648934","134326.0419612223"
"POLYGON ((977466.2999728471 169167.97929926217, 977444.0188494176 169097.69335058331, 977426.6898158342 169076.2514643371, 977473.1910351664 169039.33159066737, 977428.3899436742 168982.68865934014, 977363.1919113398 168904.2744460851, 977787.3501837552 168569.70359292626, 977866.033425346 168663.94487425685, 977821.2536592633 168699.44906833768, 977866.1311941743 168756.84265433252, 977894.4109932631 168790.18871626258, 977876.4408848435 168804.45804467797, 977914.891267255 168850.4969945848, 977466.2999728471 169167.97929926217))","BK","LP-02631","Yes","Bay Ridge Parkway-Doctors' Row Historic District","No","DESIGNATED","DESIGNATED",,"5/14/2019",,"06/25/2019","03/26/2019","1804.1019461071794","151782.808552503"
"POLYGON ((979915.9200735837 173514.28852000833, 979908.0995511711 173504.2219390869, 979924.2681540102 173491.5579224229, 979899.878767088 173460.340793252, 979833.6525215954 173377.69003991783, 980099.844574511 173166.00772050023, 980036.3778379261 173086.71916517615, 980009.6833375096 173052.55158258975, 979742.8157609999 173264.47176241875, 979726.5185495019 173276.32311667502, 979655.4524186701 173187.13759951293, 979672.5363740027 173172.90895342827, 979608.7126827538 173092.34645050764, 979582.5211340934 173058.82289551198, 979567.0766111761 173071.40193858743, 979560.4752464294 173060.6969075054, 979423.10248968 172890.92100033164, 979439.2930740863 172878.1293592602, 979420.7402896732 172854.49981333315, 979349.0235695839 172765.59907250106, 979741.010974586 172454.05737274885, 979839.2771822512 172576.44886025786, 979902.734076336 172658.7607035041, 979886.5667858422 172671.5680925846, 979950.6086525023 172751.74739417434, 979976.7477078438 172785.02751134336, 979992.220445931 172772.7470240891, 980290.7953080833 173149.96641400456, 980322.7860577554 173191.61790551245, 980323.8119743466 173190.81606984138, 980449.9416433424 173350.7032172531, 980476.7480201721 173384.6844485104, 980493.2693125904 173371.42528867722, 980501.0790082514 173381.4715284258, 980565.334457174 173462.79846550524, 980548.8492539227 173475.67803291976, 980612.7251104265 173555.81402750313, 980620.3087566793 173565.37076692283, 980604.9439580142 173577.54561133683, 980694.3778342605 173691.62576375902, 980351.5491235852 173964.430008173, 980286.372744754 173884.81468184292, 980260.0145297498 173851.3055625111, 980213.181618169 173888.2257642597, 980205.6655570865 173878.80091433227, 980077.293766588 173717.0305685848, 980069.5309868455 173707.18249116838, 980085.0883704275 173695.2835648358, 980058.5346177518 173661.2961000055, 979995.2752298415 173581.17388492823, 979980.2499974221 173593.24341459572, 979945.6191611737 173548.9177158326, 979943.4515145868 173549.9501940906, 979915.9200735837 173514.28852000833))","BK","LP-02622","Yes","Sunset Park South Historic District","No","DESIGNATED","DESIGNATED",,"5/7/2019",,"06/18/2019","01/22/2019","5050.778494651178","735923.0320307635"
"POLYGON ((982456.0088254213 175431.41821591556, 982385.2760272622 175341.4748262614, 982858.7685185969 174965.4834522605, 982916.911446929 174920.05670583248, 983451.2515855879 174496.3800597489, 983523.9781461805 174587.4950350076, 982989.3230475038 175009.09622591734, 982930.1440320015 175054.6112267524, 982865.3557757586 175107.41492691636, 982456.0088254213 175431.41821591556))","BK","LP-02625","Yes","Sunset Park North Historic District","No","DESIGNATED","DESIGNATED",,"5/7/2019",,"06/18/2019","01/22/2019","2952.5136043593316","156791.02589127573"
"POLYGON ((981356.9208005071 174494.6589345932, 980964.8615452498 174806.63600091636, 980803.0111471713 174601.73286741972, 981195.4260447621 174290.73841066658, 981286.1322281808 174405.183063671, 981285.8376093358 174405.34316833317, 981302.3054241687 174426.00454433262, 981330.5730841756 174462.18557433784, 981356.9208005071 174494.6589345932))","BK","LP-02623","Yes","Sunset Park 50th Street Historic District","No","DESIGNATED","DESIGNATED",,"5/7/2019",,"06/18/2019","01/22/2019","1523.3802724781401","130508.48564797004"
"POLYGON ((982063.8278512508 174933.6938176751, 981884.3862810135 174710.8842239231, 981868.88007842 174722.3382692486, 981720.9289307594 174537.1995319277, 982145.0317570865 174202.32881058753, 982108.6824203432 174155.38041366637, 982173.3873434216 174103.4776303321, 982219.3603485972 174067.55939508975, 982209.4689641744 174054.77890883386, 982221.1867885143 174045.34060750902, 982302.4536863416 173980.4709865898, 982363.5834853351 174058.29104092717, 982348.5133055001 174070.7260554284, 982398.1906995922 174133.37586450577, 982424.281198591 174167.41910350323, 982440.9481600076 174154.0667680055, 982448.9425665885 174164.39056625962, 982583.616181761 174335.5936359167, 982503.8633885086 174397.90322259068, 982457.555410251 174434.08294025064, 982548.0050325096 174549.853049919, 982454.8152582496 174622.74069942534, 982323.2873060852 174715.58729851246, 982329.4706926793 174723.14896316826, 982063.8278512508 174933.6938176751))","BK","LP-02624","Yes","Central Sunset Park Historic District","No","DESIGNATED","DESIGNATED",,"5/7/2019",,"06/18/2019","01/22/2019","2847.0857062446908","403642.27168877114"
"POLYGON ((1007533.6594574302 256798.5799563378, 1007513.8150089234 256809.60552483797, 1007505.2425195128 256814.36798250675, 1007490.3442553431 256822.64552500844, 1007467.6166105121 256835.27279633284, 1007445.5041219294 256847.5582048446, 1007419.2380983382 256862.15135151148, 1007396.5353878438 256874.7648433447, 1007366.8143186718 256891.27727749944, 1007330.7963460833 256911.87205259502, 1007290.4014137536 256934.2676770836, 1007297.9686558396 256941.48091726005, 1007301.6340028346 256945.0317631662, 1007311.0132491738 256954.11868725717, 1007313.0467096716 256956.08882766962, 1007323.9656510949 256966.66689050198, 1007324.057842508 256966.7564572543, 1007337.1024358422 256979.3942272514, 1007337.2805850953 256979.5667990893, 1007347.6857480109 256989.6471595019, 1007350.1470291764 256992.03199724853, 1007361.6725966781 257003.1999539286, 1007363.1883416772 257004.66976726055, 1007363.49345918 257004.93223392963, 1007363.7887341678 257005.20782391727, 1007364.0774475038 257005.48997558653, 1007364.3530375063 257005.78525058925, 1007364.6187850088 257006.0870872587, 1007364.8746900111 257006.39876642823, 1007365.11747168 257006.72028808296, 1007365.350410834 257007.0483714193, 1007365.5735075027 257007.3830164224, 1007365.7834808379 257007.72750392556, 1007365.9803308398 257008.07855309546, 1007366.1673383415 257008.43616391718, 1007366.3412225097 257008.80033642054, 1007366.5019833446 257009.16778975725, 1007366.6496208459 257009.54508559406, 1007366.7874158472 257009.92238141596, 1007366.9088066667 257010.3062389195, 1007367.0170741677 257010.69665808976, 1007367.1122183353 257011.08707726002, 1007367.1942391694 257011.48077724874, 1007367.26313667 257011.87775808573, 1007367.3189108372 257012.27801975608, 1007367.3582808375 257012.67828142643, 1007367.3878083378 257013.08182391524, 1007367.4009316713 257013.4820855856, 1007367.3976508379 257013.8856280893, 1007367.3845275044 257014.28917059302, 1007367.3550000042 257014.68943224847, 1007367.3156300038 257015.0929747522, 1007367.2598558366 257015.48995558918, 1007367.1912864298 257015.88693642616, 1007367.1056566685 257016.2806364149, 1007367.010512501 257016.6743364185, 1007366.8989641666 257017.0614747554, 1007366.7775733471 257017.44533225894, 1007366.6397783458 257017.82262809575, 1007366.4921408445 257018.1966430843, 1007366.4639256746 257018.2619316727, 1007366.3313800097 257018.56737725437, 1007366.154215008 257018.93154975772, 1007365.9704883397 257019.28587976098, 1007365.7703575045 257019.63692891598, 1007365.5603841692 257019.98141641915, 1007365.3372875005 257020.31606142223, 1007365.1010675132 257020.64414475858, 1007364.8582858443 257020.9656664282, 1007364.602380842 257021.27734558284, 1007364.3333525062 257021.5791822523, 1007364.0577625036 257021.87117642164, 1007363.772330001 257022.1533280909, 1007363.4737741798 257022.42891809344, 1007363.168656677 257022.69138476253, 1007357.0026585013 257026.1287138462, 1007267.7767870873 257076.0321573317, 1007256.7709035873 257065.3970080018, 1007192.9308081716 257003.70618650317, 1007262.5258133411 256930.47011250257, 1007274.069425419 256918.7037318349, 1007219.1899420023 256866.35836409032, 1007208.1752002537 256877.9492201656, 1007138.5801950842 256951.18562225997, 1007082.2643628418 256896.76611167192, 1007151.890207842 256823.4972293377, 1007163.2215500027 256812.3177897483, 1007199.1994964182 256847.2032186687, 1007244.7502583414 256821.24165642262, 1007412.7417202592 256728.65358699858, 1007475.3580648452 256693.36133475602, 1007482.6297038347 256706.81406375766, 1007533.6594574302 256798.5799563378))","MN","LP-02621","Yes","Park Terrace West-West 217th Street Historic District","No","DESIGNATED","DESIGNATED",,"11/20/2018",,"12/11/2018","09/25/2018","1605.9453539023905","59255.209879727736"
"POLYGON ((999639.2546425909 235661.52019642293, 999616.5909740031 235620.59048825502, 999590.0877461731 235572.72641076148, 999583.533297345 235561.61094741523, 999627.1696930081 235537.42300367355, 999606.4236715138 235498.99493092299, 999556.9418150932 235409.28841742873, 999508.2083167583 235320.93918466568, 999487.1748942584 235282.8076992482, 999464.7700834274 235295.03536508977, 999458.9557905942 235285.0911592543, 999435.0647622645 235242.42917108536, 999407.8725594282 235193.89974059165, 999518.7069834173 235132.59015192091, 999469.0443530977 235043.92005367577, 999449.3905210048 235008.25181792676, 999338.1033420116 235069.32912358642, 999317.6772017628 235080.5397310853, 999310.6247224212 235067.69756516814, 999289.2277835906 235028.87415200472, 999261.2416190952 234978.10095958412, 999364.9513854235 234920.7667566687, 999380.8913141787 234911.9547664225, 999397.2183812559 234902.92886583507, 999413.5434798449 234893.90362142026, 999541.3102846742 234823.27023249865, 999617.5703027546 234781.11152417958, 999632.8353640884 234772.67223659158, 999643.4964320064 234766.77887567878, 999655.457366094 234760.16602800786, 999676.9323887527 234748.29433259368, 999749.5923484266 234708.12544967234, 999791.130651176 234685.1619129181, 999840.5137545019 234774.75819042325, 999847.5006171763 234787.434674263, 999829.6331988424 234797.33622924984, 999849.510455668 234833.4601727575, 999873.839803338 234876.8961095065, 999886.8197642565 234900.069619596, 999899.1757106781 234922.12928675115, 999885.4355806708 234929.7296652496, 999936.8655959219 235021.54837925732, 999957.0840594172 235057.58078750968, 999970.8038482517 235050.00731183589, 999984.0554621667 235042.69433434308, 999990.400593847 235054.47186984122, 1000039.1337640882 235142.82110258937, 1000088.6162766665 235232.52761608362, 1000102.3577190042 235257.12960100174, 1000103.3071921766 235256.60401150584, 1000116.9052620977 235281.0593431741, 1000166.0895469189 235369.8439425081, 1000031.6285297573 235444.28670699894, 999847.9888051748 235545.95710733533, 999727.4542693347 235612.68991351128, 999671.1666522622 235643.85258084536, 999639.2546425909 235661.52019642293))","MN","LP-02607","Yes","Central Harlem – West 130th-132nd Streets Historic District","No","DESIGNATED","DESIGNATED",,"4/17/2018",,"05/29/2018","12/12/2017","3188.9109769592374","424342.9373782632"
"POLYGON ((992953.153513506 232050.75051508844, 992971.2128605843 232083.35609291494, 993027.455530256 232184.90050925314, 993048.2953835875 232222.03888642788, 993107.9238732606 232188.93560616672, 993114.580027923 232200.8620915115, 993150.707252264 232266.08932325244, 993155.0851962566 232263.67364567518, 993242.6713071764 232215.34729875624, 993291.5511306673 232299.69555525482, 993329.1114230007 232368.05270200968, 993411.0531882644 232320.30410984159, 993429.5679150075 232309.45012892783, 993431.3887775093 232308.95144225657, 993433.0423175097 232308.94159975648, 993434.6499258429 232309.32873809338, 993435.9166555852 232309.95865808427, 993437.1958525032 232311.0085247606, 993438.0619925112 232312.13056975603, 993438.5934875011 232313.1869980842, 993542.3728075027 232502.03504559398, 993543.0125700086 232504.78110308945, 993542.8419666737 232508.39658142626, 993541.9462991804 232511.06717975438, 993540.4371158332 232513.4490647614, 993538.4029991776 232515.4011605829, 993533.4653450102 232518.18330726027, 993462.9549873471 232557.01525059342, 993482.4031111747 232593.03519167006, 993533.0499915034 232685.2554796785, 993378.529631257 232770.2139711678, 993428.8661447614 232861.1038812548, 993434.6016975939 232871.44309942424, 993449.5452372581 232898.36069650948, 993488.9011296779 232875.73902258277, 993537.1913874298 232848.72562517226, 993681.8344708383 232770.6762405932, 993779.724695012 232715.84203267097, 993737.9567339271 232641.20209008455, 993657.9273664206 232496.86445225775, 993652.1202914268 232486.73520742357, 993662.2774233371 232480.7079885006, 993740.4275295138 232436.1975788325, 993721.0479750931 232401.39384266734, 993669.7370540947 232309.42945967615, 993734.9249158353 232273.1805164218, 993690.4630625099 232193.49169942737, 993681.0286981761 232176.55997475982, 993724.1257248372 232152.80017974973, 993694.7412691712 232100.91740950942, 993648.7830277532 232018.55307292938, 993670.5536535084 232006.4989631772, 993670.1081163436 232005.69384667277, 993779.7368340939 231944.9931806773, 993940.79425475 231855.81586559117, 994063.6824604273 231787.77335076034, 994153.5661389232 231738.00507758558, 994168.1504273415 231729.85548758507, 994188.4023553431 231766.0420950055, 994215.0870132595 231813.13911367953, 994248.0406875014 231872.60388974845, 994306.0523825139 231976.6391147524, 994349.9663366675 232056.44210475683, 994354.3580601811 232064.24622300267, 994279.5970548391 232106.9026337564, 994298.779759258 232140.95505909622, 994323.666848585 232247.64086933434, 994080.7139224261 232382.74033667147, 993840.5654525906 232516.28009584546, 993880.0991661698 232587.13592524827, 993896.5138315111 232616.44196900725, 993868.7871809304 232631.9491558373, 993888.584057346 232667.2574841678, 993939.5534435958 232759.3117620051, 993963.7351537645 232745.92530584335, 994012.7124180049 232834.3808375895, 994018.3085354269 232844.65968842804, 993967.1258950084 232873.3761664182, 993900.5085741729 232911.709423095, 993795.4070783406 232968.8779439181, 993772.4661793411 232981.73192083836, 993642.2974764258 233054.4243607521, 993562.7786065936 233098.52925942838, 993583.8648505062 233137.54558558762, 993635.1370576769 233230.12184400856, 993744.6066550016 233169.9779354185, 993793.0973716676 233257.53911200166, 993806.3289725035 233281.13092833757, 993815.1350572556 233296.6666584164, 993944.2286310941 233223.91778817773, 993948.4087408334 233231.44303558767, 994035.2881602645 233388.2291393429, 994056.0043261796 233425.21987900138, 994047.732689172 233429.9859455824, 993970.0793011785 233472.46847216785, 993965.3066729307 233464.02262292802, 993914.5180605948 233372.31611342728, 993869.6703812629 233396.850841254, 993826.4378561676 233420.50171259046, 993877.263541922 233512.18788091838, 993882.1523116678 233521.2393720001, 993795.4257790893 233570.2067937553, 993815.7908958346 233606.3537030816, 993866.8554262519 233698.55857117474, 994111.2653705031 233564.85083334148, 994128.2928955108 233555.41121967137, 994181.4135241807 233648.88970725238, 994182.6143091768 233651.7407514155, 994182.8967889249 233654.47696642578, 994182.0500058383 233658.1547805816, 994180.3735000044 233660.7532005906, 994177.6799358428 233662.87918059528, 993954.7532163411 233788.2581949234, 993935.1023370028 233799.3234615028, 993965.9254380912 233853.29218558967, 994011.001791507 233935.31859633327, 994081.1328848451 234057.63298425078, 994159.962779671 234202.2796765864, 994236.6824425012 234341.63766558468, 994307.2840073407 234469.3578825891, 994323.9978846759 234499.27744217217, 994328.0831783414 234506.80137725174, 994328.791838333 234509.5310305953, 994328.864016667 234511.9522855878, 994328.0372466743 234515.47918142378, 994326.7183516771 234518.06447808444, 994325.383052513 234519.41946224868, 994268.2214214206 234550.90594783425, 994180.119563505 234599.22999817133, 994128.0442083478 234628.0380114168, 994126.7253133357 234628.44811558723, 994124.3303050101 234628.7204247564, 994121.6072133332 234628.32344391942, 994119.0940950066 234627.19483725727, 994116.7548608333 234625.1672822535, 994115.4195616692 234623.12988474965, 994010.3193781674 234434.59679725766, 993852.4712686688 234149.3027484268, 993807.4720148444 234069.08571726084, 993777.8224678338 234016.23149225116, 993757.139438346 233979.3614872545, 993673.8390800059 233867.1701105833, 993631.0917901695 233819.95727850497, 993601.0209841728 233786.74376225471, 993564.6102958471 233746.53058809042, 993532.3334574997 233704.06020058692, 993521.4614320099 233687.167189762, 993496.5211931765 233647.6744865924, 993474.0645451695 233610.2608475089, 993449.1800805032 233566.24223475158, 993426.1099166721 233522.761350587, 993417.4058658332 233462.38745558262, 993408.8012242615 233430.22249367833, 993372.6126483381 233294.41863141954, 993362.6881275028 233257.18117308617, 993349.5362509191 233202.9178301692, 993334.8410703391 233148.33460600674, 993325.7144481689 233110.95016634464, 993310.5448590964 233050.62318725884, 993305.5389635861 233030.33156117797, 993295.7115554214 232993.34344616532, 993282.8930115104 232943.71099950373, 993277.9839005917 232922.773377344, 993273.0324669182 232904.44664233923, 993266.5098421723 232884.30035717785, 993256.6289564222 232856.30238167942, 993248.4600095004 232834.62296308577, 993235.4059017599 232805.01016142964, 993226.3481770903 232786.5485841781, 993215.1100105941 232764.2330120057, 993204.1621978432 232744.06540142, 993181.1238580942 232702.52742674947, 993165.3729053438 232673.05307625234, 993157.0851922631 232637.96882884204, 993149.2997747511 232602.13786375523, 993144.9133005887 232563.87744158506, 993139.8030745834 232489.2729320079, 993089.1525853425 232428.89181917906, 993032.6103755832 232372.6685064286, 992956.9140046686 232300.07646000385, 992953.7338929176 232294.4557363391, 992927.6942468435 232244.0588555038, 992848.4404683411 232108.34980933368, 992953.153513506 232050.75051508844))","MN","LP-02584","Yes","Morningside Heights Historic District","No","DESIGNATED","DESIGNATED",,"12/6/2016",,"02/21/2017","09/13/2016","11761.366103147568","1309644.431949934"
"POLYGON ((983900.3848736733 204311.74529767036, 983859.1195362508 204338.9174874276, 983826.0470958352 204359.98765525222, 983793.7653362602 204379.7897810042, 983776.2207519263 204391.33995474875, 983727.7313475907 204423.4681713432, 983685.173033759 204451.0045335889, 983651.4053847641 204472.835526675, 983632.4379030019 204485.0727069229, 983553.4167355895 204361.21206225455, 983472.6849416792 204230.78187692165, 983453.7847170085 204242.88815192878, 983417.7441066802 204266.32314442098, 983418.6417426765 204274.473718673, 983394.9124594182 204277.32607516646, 983374.6090223342 204279.2535647601, 983334.3948639184 204150.36241833866, 983334.5293780863 204147.2554691732, 983335.5037855953 204144.30600000918, 983337.2459080964 204141.7305458337, 983339.8115197569 204139.6078466773, 983353.0824905932 204134.61113750935, 983375.3495064229 204126.69448667765, 983414.3815805912 204113.1052750051, 983410.7168897539 204107.21617917717, 983260.2818231732 203873.69007141888, 983272.9071260095 203865.85675375164, 983357.6835312545 203810.9943306744, 983331.6871921718 203769.79887500405, 983306.6025966704 203730.04928259552, 983282.9018566757 203692.49194300175, 983263.6236800104 203704.88627517223, 983256.2670674175 203693.22816200554, 983309.1541007608 203628.13872525096, 983271.2234023362 203568.09455400705, 983245.3868398368 203528.24227151275, 983183.4962155968 203567.1257239282, 983169.9365314245 203576.91540250182, 983166.6852255911 203577.91933751106, 983163.2862822562 203577.7979466766, 983160.1169972569 203576.56435333192, 983157.7023039311 203574.54992167652, 983156.2849839181 203572.28286583722, 983155.7633314282 203570.7638400048, 983153.961169675 203564.98727676272, 983125.1269097626 203472.56521750987, 983141.2354733348 203462.2768522501, 983225.1844524294 203408.2254511714, 983254.314971596 203389.51223400235, 983189.4410855919 203288.29721334577, 983116.9189209193 203175.9933040887, 983058.6483681798 203085.49053233862, 983055.6388597637 203080.7451350093, 983030.8820195049 203041.59823167324, 982985.0481216758 202969.50585617125, 982966.1528182626 202939.42684808373, 982965.4175835103 202937.16372925043, 982965.0330698341 202934.5577633381, 982965.3247359246 202931.22902983427, 982966.0970440954 202928.8691264242, 982967.2735509276 202926.62864534557, 982968.2886407524 202925.29761125147, 982970.0242015868 202923.65981926024, 982972.2089085132 202922.2005045861, 982988.1632729173 202918.46363542974, 983008.3341643363 202913.15163816512, 983063.6440930963 202899.98106083274, 983106.0071973354 202890.27504350245, 983156.1078189164 202877.71798200905, 983161.2501970977 202886.23929041624, 983192.7708033472 202937.1981780082, 983212.0430745035 202967.62298592925, 983233.4764305949 202953.8457825035, 983235.1102855951 202953.20930084586, 983237.1345597506 202952.91074500978, 983239.4541089237 202953.16336917877, 983241.3635539263 202953.89499500394, 983243.0433405936 202955.0596908331, 983244.0505564213 202956.1194000095, 983248.0026482642 202962.1991122514, 983266.1640292555 202990.5222183317, 983290.318180427 203028.19471517205, 983302.0540493429 203046.49881242216, 983354.9043373466 203128.92909374833, 983368.3974205852 203149.97498342395, 983397.3173102587 203131.1905721724, 983472.7541672587 203080.92197191715, 983487.8335334212 203104.07809358835, 983486.6612916738 203104.85893192887, 983499.545452252 203124.65679259598, 983512.9630763382 203145.2735492587, 983513.2127477527 203145.1068829149, 983527.8685583472 203167.9618240893, 983554.0574823469 203208.80196550488, 983565.6473541707 203226.87706059217, 983567.9596855044 203230.48105600476, 983602.9218859226 203207.29179792106, 983641.1960875839 203267.13026092947, 983645.2351215035 203273.53772842884, 983663.6402684301 203302.01864258945, 983634.551087752 203320.00810791552, 983640.9319805056 203329.95625075698, 983695.9935501665 203416.41670775414, 983723.0197428465 203458.85494308174, 983640.614395842 203511.4197985828, 983631.9139539301 203517.0828450024, 983658.359111011 203559.44758966565, 983667.5185415 203553.6657770872, 983750.4294649214 203500.77808758616, 983763.7293070853 203521.6619040817, 983778.0714700073 203544.18252833188, 983695.1605465859 203597.0705459267, 983685.6599094272 203603.1879877597, 983710.3475240916 203642.7400740087, 983720.2543284297 203636.47401042283, 983780.9202175885 203597.77592508495, 983791.3919814229 203614.21880559623, 983802.6052135974 203631.82671000063, 983812.9651010036 203648.09406591952, 983813.5973175913 203647.69085150957, 983823.2662615031 203662.8735639155, 983826.6819370836 203660.6950905919, 983863.4210368395 203637.25944192708, 983919.012461096 203724.5519182533, 983936.8526485115 203752.3746972531, 983913.9793346673 203767.182410419, 983919.7742705941 203776.24735292792, 983944.262410596 203814.26696191728, 983972.4204907566 203857.98308183253, 983985.9257130921 203878.95023150742, 983994.080552429 203891.61129541695, 983999.4630875885 203899.96790599823, 984012.72979334 203920.5646495819, 984026.5703168362 203942.05312366784, 983943.0931215882 203995.89455142617, 983934.7230595946 204001.43981592357, 983967.208558917 204052.5558554232, 983994.2144104242 204095.05019301176, 984027.0594890863 204146.73217625916, 984034.693332091 204141.78467959166, 984119.8440804183 204086.86385767162, 984133.6521236748 204108.3021350056, 984146.9296561778 204128.91593892872, 984149.7065535039 204127.124932006, 984160.2098133415 204143.24530659616, 984074.808737427 204198.05228358507, 984073.7326240838 204199.112977013, 984072.514778763 204200.00733217597, 984033.5138725042 204225.29107426107, 984032.1654500067 204225.99415683746, 983989.37879017 204253.47507300973, 983900.3848736733 204311.74529767036))","MN","LP-02590","Yes","Sullivan-Thompson Historic District","No","DESIGNATED","DESIGNATED",,"November 29, 2016",,"12/13/2016","11/01/2016","5713.041072506655","760413.9868417796"
"POLYGON ((988341.6535501778 207988.18676367402, 988367.1630135924 207973.96074225008, 988444.5680425018 207930.79416191578, 988465.4466096759 207968.50143559277, 988462.8022579998 207969.97584208846, 988482.5594363362 208005.65785734355, 988407.798431009 208047.3497030884, 988382.3083245009 208061.92250858247, 988341.6535501778 207988.18676367402))","MN","LP-01559","Yes","Gramercy Park Historic District Extension","Yes","DESIGNATED","DESIGNATED",,"11/12/1985",,"07/12/1988",,"403.91472509355197","9772.385725033184"
"POLYGON ((981790.1158002615 200303.9153868407, 981830.0891455114 200371.79878126085, 981861.8059455901 200424.77472516894, 981886.4315525144 200466.00069259107, 981914.1349091679 200512.41562600434, 981959.5724823475 200485.96817234159, 981996.5146656781 200464.01644459367, 982044.2347145975 200543.61897566915, 981777.6932529211 200703.19444392622, 981780.0803872645 200720.57203383744, 981781.3123401701 200729.0779223442, 981782.8126652539 200739.0470625013, 981785.4376600087 200757.1562782526, 981788.0626547635 200775.2654940039, 981790.6876495034 200793.37503783405, 981793.0626447499 200810.01542450488, 981793.3123161793 200811.46883367002, 981795.9373109192 200829.5780494213, 981798.562305674 200847.68759325147, 981801.1876285076 200865.79680900276, 981801.437628001 200867.3906378448, 981803.8126232624 200883.9063528329, 981806.4376180023 200902.0155685842, 981808.0327591747 200910.92073450983, 981813.1866202503 200943.72480276227, 981819.4930380881 200939.6047322601, 981993.541574508 200838.6971256733, 982009.7784186751 200865.80501109362, 982114.1167926788 201039.99790416658, 982120.0751140863 201049.9552333355, 982200.0126182586 201002.38347809017, 982256.6115864217 200968.10500334203, 982297.4507435858 200943.38753308356, 982313.3401475102 200973.28904809058, 982416.4508336782 201166.63118109107, 982422.2346147597 201177.47499142587, 982549.4981397539 201390.0959572494, 982601.022314921 201476.3152730018, 982603.536745593 201480.52228559554, 982362.6507444233 201510.48712067306, 982394.3245655894 201751.59129725397, 982311.6377230883 201764.89179559052, 981901.9105241746 201814.1761458367, 981910.024353087 201851.49595308304, 981936.697528094 202073.62805475295, 981723.5060253441 202099.87931458652, 981705.150090918 202102.1398087591, 981643.0097952634 202110.39602583647, 981556.9502560943 202121.83005808294, 981538.382051751 202124.2972447574, 981536.8745088428 202124.4973755926, 981489.3624647558 202124.97440876067, 981483.529143095 202085.5994874984, 981478.6571055949 202049.46767000854, 981459.4215797633 201906.5775358379, 981450.8815705925 201836.3709833324, 981432.9518164247 201695.69541166723, 981430.1007722616 201673.50713583827, 981420.2024980932 201602.25727833807, 981394.752745837 201397.25440751016, 981378.0690521747 201262.87803584337, 981369.3791089207 201194.80402500927, 981358.8771614283 201124.41046500206, 981344.6383447498 201013.39034584165, 981334.2299010009 200940.23990158737, 981311.2657080889 200808.840230003, 981288.9527605921 200694.19150917232, 981245.2724017501 200472.82318550348, 981261.3412672579 200463.14571142197, 981334.1918433458 200419.9066246748, 981350.2295409292 200444.6559190005, 981381.4873524308 200491.95274041593, 981401.6552910954 200479.41109883785, 981465.8523411751 200440.94824925065, 981486.4592553377 200428.64545233548, 981492.9625231773 200439.45940709114, 981514.3742257506 200426.55424916744, 981507.409672752 200414.97290749848, 981636.8191908449 200338.2099376768, 981608.1932638437 200290.6437598318, 981593.3940808475 200265.59722200036, 981678.2121526748 200215.10322850943, 981677.6875474304 200188.29685167968, 981677.7190434188 200187.74632783234, 981677.7498832643 200187.20302183926, 981677.7498832643 200186.64462400973, 981677.4651069194 200181.3746214211, 981676.6875494272 200168.57805909216, 981675.62521559 200150.3280955851, 981674.811240837 200137.12635034323, 981674.3886695057 200130.1654062569, 981673.437555924 200113.8281685859, 981672.3125581741 200095.59362500906, 981671.250224337 200077.343661502, 981663.8660527617 199974.22706983984, 981688.7780764252 199959.94789892435, 981696.2416441739 199955.4698895067, 981721.1261088401 199999.99998417497, 981727.9039824307 200011.4245020002, 981729.5594909191 200014.21452267468, 981747.3199540973 200044.1501583457, 981749.4456060082 200047.7334845066, 981781.8044651747 200102.27471400797, 981791.8638282567 200119.23071683943, 981804.0606542528 200139.78841850162, 981848.9565618336 200215.8417440951, 981871.4880128354 200254.01161526144, 981834.3975358456 200276.31931342185, 981790.1158002615 200303.9153868407))","MN","LP-01713","Yes","Tribeca West Historic District","No","DESIGNATED","DESIGNATED","BOUNDARIES DIFFER FROM TIME OF PUBLIC HEARING","6/13/1989","9/4/1991","05/07/1991",,"7048.179318016085","1383360.395410514"
"POLYGON ((982190.684224844 202607.83236692846, 982183.8692778349 202558.869538337, 982182.2472338378 202547.21667450666, 982178.5264407545 202547.7087995112, 982154.3125784248 202550.91154900193, 982134.2847313434 202553.56344659626, 982115.124992758 202556.09362526238, 982096.0000310093 202558.62511625886, 982076.8124053478 202561.15627917647, 982057.6874435842 202563.70319008827, 982053.3751162589 202564.2655249238, 982037.5001480132 202566.39052067697, 981964.3123022616 202574.42167258263, 981954.249986425 202575.74975392222, 981944.1250066757 202577.0781633407, 981924.3750461787 202579.70315809548, 981904.6874215007 202582.31240484118, 981884.9374610037 202584.92197966576, 981865.2498363405 202587.53122642636, 981845.5002039224 202590.15622116625, 981835.9385432601 202591.42360709608, 981830.2758249193 202592.1742617488, 981825.8125792593 202592.76645217836, 981812.1403625011 202594.5787845105, 981808.0107775927 202595.1266836673, 981809.0911560059 202604.03447425365, 981833.7315266728 202784.6007141769, 981839.9841388464 202830.4214886725, 981836.0487792641 202830.92345617712, 981822.0625867546 202832.73447617888, 981802.8126252592 202835.2187231779, 981783.5626637638 202837.7032982558, 981764.3750380874 202840.18754525483, 981740.0525801778 202843.31942875683, 981742.0118938386 202857.72622409463, 981756.1460519284 202961.283431679, 981731.6339618415 202964.4018637538, 981741.5896505862 203037.2750775963, 981745.7382643372 203067.64148667455, 981544.6992963403 203094.0315257609, 981540.7445798367 203063.34851625562, 981534.1963645965 203012.543171674, 981515.9044064283 203014.901106596, 981509.1445774287 202965.167282179, 981499.0750437528 202889.47747291625, 981493.2161315978 202840.57140275836, 981513.1199631691 202837.74890184402, 981511.6435881704 202826.41329458356, 981507.1498307586 202799.4169575125, 981485.0071585029 202802.3119648397, 981480.7611040026 202776.68865650892, 981483.2420701683 202776.3641820848, 981479.7778382599 202755.4603525102, 981472.9218808413 202714.08674758673, 981476.6082251668 202713.60512125492, 981473.1928776801 202692.98508375883, 981465.8372493386 202648.59475259483, 981464.4445355833 202639.47469209135, 981456.2509824187 202640.51734092832, 981452.937668845 202640.9376156777, 981435.3750399202 202643.17186316848, 981417.8127390891 202645.40611067414, 981400.2501101792 202647.64068625867, 981391.3124640137 202648.78143200278, 981384.3899056762 202649.6695535928, 981328.0839159191 202657.2479505092, 981320.4376057535 202658.2344970852, 981312.9999565929 202659.18757916987, 981294.5623294264 202661.57799433172, 981276.1250303388 202663.96873758733, 981257.6874031723 202666.35948084295, 981239.2501040846 202668.75022408366, 981220.8124769181 202671.1406392604, 981206.7117833346 202672.96379834414, 981200.6025435925 202621.2578650117, 981191.4959345013 202545.13892275095, 981218.591024667 202542.35808841884, 981216.3157667518 202519.98083658516, 981209.1983269304 202520.6816225946, 981205.7560765892 202493.13246509433, 981219.5270464271 202491.44906949997, 981213.4220717549 202440.50527375937, 981209.8892704248 202409.6185245067, 981098.3881810904 202423.39572791755, 981090.5361626744 202424.36587034166, 981050.9565174282 202429.42097833753, 981046.3056080937 202400.10706059635, 981044.7865822613 202392.64283667505, 981015.412953347 202181.03925725818, 981288.8100443333 202147.200086087, 981458.4944162518 202125.4294603318, 981489.3624647558 202124.97440876067, 981536.8745088428 202124.4973755926, 981556.9502560943 202121.83005808294, 981643.0097952634 202110.39602583647, 981705.150090918 202102.1398087591, 981723.5060253441 202099.87931458652, 981936.697528094 202073.62707050145, 981962.5721482635 202070.22878333926, 981963.8982610852 202082.46497933567, 981966.9038325101 202110.19720733166, 981971.561959669 202151.30375242233, 981981.5396300107 202219.74816933274, 981986.4923759997 202253.7231670022, 981987.827019006 202262.87931667268, 981988.460547924 202267.24216884375, 981988.6875815839 202267.67195799947, 981989.1875805855 202268.46887242794, 981989.8900070041 202269.21657434106, 981990.3125783354 202269.95312142372, 981990.9999129176 202270.6250360906, 981991.6875755936 202271.26545475423, 981992.4375740886 202271.8438656777, 981993.2476118356 202272.3579722494, 981994.0625708401 202272.84386366606, 981994.874905169 202273.2657788396, 981995.7499034256 202273.60961017013, 981996.6875655949 202273.9061975032, 981997.5625638366 202274.14077709615, 981998.499897927 202274.31236466765, 981999.4375600964 202274.42194449902, 982000.374894172 202274.45311242342, 982001.3122282624 202274.43736442924, 982002.2502185106 202274.34386067092, 982003.6252157539 202274.09386117756, 982010.4696902633 202273.37601484358, 982011.2029565126 202278.9599931687, 982060.6956396699 202272.07778908312, 982089.5400701761 202269.35994675756, 982152.9720299244 202260.98726008832, 982267.775278002 202246.68446716666, 982316.5094325095 202239.89314217865, 982322.9346165061 202238.99780274928, 982326.0330355018 202238.5657170117, 982327.582573086 202238.34983816743, 982330.7262675911 202237.91184692085, 982338.0599143356 202236.88986733556, 982339.5241502523 202237.40397392213, 982340.9670607597 202237.91053459048, 982341.6960619241 202238.16643959284, 982342.6491440088 202238.95908892155, 982343.7387087643 202239.79406100512, 982372.2698196769 202261.65983092785, 982374.4883191735 202263.61651992798, 982376.6392334998 202265.64768384397, 982378.7192818373 202267.75102609396, 982380.7268237621 202269.92425009608, 982382.6589065045 202272.1637469232, 982384.5138896704 202274.46820425987, 982386.289148584 202276.8343412578, 982387.9830428362 202279.25986133516, 982389.593275845 202281.74148367345, 982391.1178790927 202284.2762555033, 982392.5555402637 202286.8612240851, 982393.4646591693 202288.63648299873, 982419.7766144276 202285.16142433882, 982424.6988486797 202319.1889153421, 982435.0098516792 202390.46961267292, 982445.1653431803 202460.67550900578, 982382.9128430039 202468.90515133739, 982383.379705593 202474.0895241797, 982382.6320036799 202476.0796776712, 982381.5516252518 202477.91038267314, 982380.1710505933 202479.52684925497, 982378.5316181779 202480.8798649162, 982376.682868585 202481.92940349877, 982374.6805760115 202482.64331284165, 982315.8555624187 202490.11705116928, 982340.4887152612 202538.20488150418, 982346.8869964182 202550.69501399994, 982291.4815954268 202603.98788642883, 982236.0965355933 202656.4979519993, 982190.684224844 202607.83236692846))","MN","LP-01714","Yes","Tribeca North Historic District","No","DESIGNATED","DESIGNATED","BOUNDARIES DIFFER FROM TIME OF PUBLIC HEARING","6/13/1989",,"12/08/1992",,"4957.709756620701","703726.901939772"
"POLYGON ((981458.73457326 195977.78755617142, 981408.5253560841 196033.41342917085, 981401.7878367603 196040.61846725643, 981386.0194955915 196023.790745005, 981380.6714091748 196019.1962660104, 981375.6251594275 196014.8747523427, 981365.2498520911 196005.95318225026, 981361.2554375082 196002.41677200794, 981359.196714595 196000.59459717572, 981356.1251984239 195997.87511442602, 981346.999888584 195989.79704658687, 981337.437571764 195981.79673451185, 981327.6875912547 195974.12516191602, 981317.6249473393 195966.78134459257, 981307.3749678433 195959.76561059058, 981290.8126650006 195950.04712608457, 981274.2500340939 195940.3283134997, 981270.396039173 195938.06158575416, 981258.8435688466 195931.27780666947, 981259.9731597602 195928.57538425922, 981262.3343755007 195922.77355858684, 981290.3884532601 195853.85899825394, 981293.9018976688 195845.20908117294, 981292.882870838 195805.82694208622, 981294.6374605 195801.75116284192, 981315.7794785947 195758.10230000317, 981335.5645440072 195718.11779992282, 981341.0573151708 195707.50594450533, 981359.1251924187 195722.93767216802, 981580.5000777543 195941.42181526124, 981581.5624115914 195942.4841490835, 981594.8314139247 195956.23871475458, 981595.0446680933 195956.3827433437, 981595.215927586 195956.5077430904, 981595.3445362598 195956.60584001243, 981595.5138272643 195956.74035416543, 981595.7034594268 195956.90078692138, 981596.0289180875 195957.2029516697, 981596.3707809299 195957.56679609418, 981596.6690086722 195957.92768774927, 981596.8343626708 195958.15012826025, 981597.0000447631 195958.3906133324, 981597.2723539174 195958.83352583647, 981597.4035872519 195959.0799164176, 981597.51972875 195959.3177768439, 981597.6289805025 195959.56318317354, 981597.7208438367 195959.7859517485, 981597.882588923 195960.24756500125, 981597.954767257 195960.4936275035, 981598.0171030909 195960.74297083914, 981598.125042513 195961.25018766522, 981598.1995174289 195961.90832284093, 981598.2175620049 195962.64716650546, 981598.1745830923 195963.29545916617, 981598.0689402521 195963.94867308438, 981597.91867809 195964.55529917777, 981597.6627730876 195965.2803633362, 981597.417366758 195965.81842000782, 981597.130621925 195966.3315423429, 981596.7867905945 195966.8453208357, 981586.2500662506 195981.09365192056, 981585.8150277585 195981.68354575336, 981575.2500882596 195996.0001181662, 981573.1916934252 195998.78652992845, 981572.9863132536 195999.0647445917, 981564.2501102537 196010.8905083388, 981553.2498041689 196025.79697458446, 981551.6874713451 196027.4377193451, 981550.3124740869 196028.89080041647, 981533.8636880964 196045.24083334208, 981529.4421090037 196041.8179399222, 981522.3335274309 196035.89013025165, 981517.1652306765 196031.58009950817, 981490.326373592 196009.19923876226, 981467.9172976762 195986.91811533272, 981458.73457326 195977.78755617142))","MN","LP-01938","Yes","Stone Street Historic District","No","DESIGNATED","DESIGNATED","PREVIOUSLY HEARD WITH (SLIGHTLY) MODIFIED BOUNDARIES AS LP-1883","9/19/1995; 2/13/1996",,"06/25/1996",,"1076.7691957359066","57771.82961485606"
"POLYGON ((984076.1811100096 205798.34337434173, 984062.4924890846 205776.4785886705, 984030.7740485966 205727.32219092548, 984032.9636767507 205725.91044834256, 984021.6211797595 205708.3323995024, 984040.5125461668 205696.2490903437, 984029.9804150015 205679.92661641538, 984049.0069517642 205667.65367509425, 984040.957099095 205655.1809310019, 984042.9475806803 205653.9076395929, 983994.226877585 205564.07547017932, 983989.0969665945 205554.6164995879, 984008.1769809276 205542.2057632506, 983990.1054947525 205508.83443892002, 983953.1852930039 205440.56620275974, 983931.682711333 205454.32634584606, 983945.4625394195 205478.53561501205, 983928.5721532553 205489.2347405851, 983879.3937739283 205397.8582829237, 983870.1628212631 205380.96756866574, 983846.2799950093 205396.72869201005, 983840.1822381765 205400.482293427, 983836.1307370961 205394.00067909062, 983808.8630750924 205349.14578191936, 983821.2058981806 205322.6829083413, 983768.7076435834 205301.2817044258, 983744.8707490116 205246.53443859518, 983778.6505370885 205171.83314442635, 983787.38772434 205150.97557458282, 983746.1771768332 205134.70231316984, 983701.4807439297 205117.54880417883, 983698.3787160069 205116.16691717505, 983696.4190742522 205115.07308733463, 983694.961728096 205114.14001834393, 983693.2622564286 205112.89658249915, 983691.651367262 205111.53831750154, 983664.7022741735 205066.54628150165, 983654.5943547636 205040.52632042766, 983639.8269958347 204999.77705809474, 983631.1547690928 204975.2777632624, 983617.3339305967 204935.33132083714, 983613.8037539274 204926.80443499982, 983609.7847330868 204918.4940841794, 983605.2965530902 204910.42979584634, 983598.8782588392 204900.95606151223, 983587.2421272546 204883.78286750615, 983578.5344675034 204859.31310017407, 983594.1000531763 204849.3826738447, 983680.3895787597 204793.5077855885, 983668.861714676 204775.6843304187, 983657.9873925894 204758.871043846, 983647.1255376786 204742.07777033746, 983731.3163141757 204687.5618032515, 983753.3881204277 204673.13991609216, 983862.5112617612 204842.51556159556, 983881.8858949244 204829.96965491772, 983918.7355587631 204806.10913833976, 983937.7056651711 204793.82504217327, 983956.2561530024 204781.81325517595, 983967.0845434219 204774.80178625882, 983955.4785955101 204756.94125767052, 983962.9910476804 204752.07709416747, 983981.12191692 204740.33663208783, 983999.3784420937 204728.5151334256, 984041.0351829231 204701.54110600054, 984060.7093561739 204688.90136750042, 983940.8149109185 204501.63304126263, 983950.7135131806 204495.10746376216, 983920.3188889176 204447.6912200004, 983908.141091764 204427.4356830865, 983907.7263944298 204426.74473959208, 983907.4416180849 204426.25753584504, 983907.0741647631 204425.53575250506, 983906.807761088 204424.91698734462, 983906.6050055921 204424.3877889216, 983906.4901764244 204423.99343276024, 983906.3359772563 204423.4652185887, 983906.1784972548 204422.7526215911, 983906.0669489205 204422.04822666943, 983906.0121590048 204421.49343775213, 983905.9777102619 204420.76181192696, 983906.0124870837 204419.64928133786, 983906.1752164215 204418.4163441658, 983906.3523814231 204417.62894417346, 983906.6962127537 204416.54003559053, 983907.084335342 204415.61123166978, 983907.5935206711 204414.64437009394, 983908.2618264258 204413.62993642688, 983908.7670747638 204412.99640750885, 983909.4941074252 204412.21852192283, 983910.5223205835 204411.319901675, 983912.1043384224 204410.2286965102, 983913.9035474211 204409.02692726254, 983942.0035568476 204390.22840842605, 984081.535758093 204301.2249775082, 984127.1875696778 204270.6472827494, 984209.4403579235 204217.36162817478, 984274.8231011778 204175.37811633945, 984276.5419297516 204174.55200250447, 984278.3234222531 204174.0533158332, 984280.1672505885 204173.86302751303, 984281.8516304195 204173.9735915959, 984283.8122564256 204174.44373500347, 984285.5084472597 204175.188484177, 984287.0504389256 204176.21538500488, 984288.5317351669 204177.6553427577, 984291.7814005911 204181.6094030887, 984506.9394348413 204514.99751584232, 984541.0318863392 204567.42785717547, 984583.6669716686 204635.03303691745, 984752.4648624212 204896.280873999, 984737.4406142533 204905.97245566547, 984694.2041521668 204934.25848834217, 984748.2142147571 205019.45516833663, 984754.0659090877 205029.01748517156, 984692.1447730958 205069.6551991701, 984651.7275310904 205094.91827200353, 984602.9211982638 205125.59111091495, 984525.2389389277 205176.46929000318, 984440.3106310964 205229.9061910063, 984408.18011792 205250.71782916784, 984430.2686564177 205285.4884289205, 984488.9312687516 205376.12243400514, 984519.0263529271 205356.87312866747, 984540.8931070864 205342.58641183376, 984596.7909611762 205429.03308933973, 984611.8135689199 205452.48218941689, 984569.3858322501 205480.0320030898, 984359.861973092 205615.34964583814, 984076.1811100096 205798.34337434173))","MN","LP-02546","Yes","South Village Historic District","Yes","DESIGNATED","DESIGNATED","BOUNDARIES DIFFER FROM TIME OF PUBLIC HEARING","6/25/2013",,"12/17/2013","05/21/2013","5355.304436453205","997440.6008493212"
"POLYGON ((982860.1743556708 196534.50232200325, 982875.709101513 196517.43050575256, 982945.9094204307 196440.52449159324, 982946.0970840901 196440.68951751292, 982958.1593959183 196427.47497700155, 982963.2538739294 196431.57044126093, 982976.2807507515 196442.03564342856, 983007.1084450036 196408.26274508238, 983021.844964087 196420.6419854164, 983073.9931537509 196362.84091992676, 983091.1627388448 196343.61720508337, 983086.7706872523 196339.9341415912, 983082.8596058339 196336.6539644152, 983080.8212240934 196334.94497834146, 983076.9439352602 196331.69334442914, 983073.9774057567 196329.2051604241, 983070.3944076747 196326.20024517179, 983067.8484810144 196324.0647507608, 983063.5915997624 196320.49454791844, 983061.4836643338 196318.72683492303, 983054.5804629177 196312.93682025373, 983051.9039590955 196310.6924021691, 983048.9915633351 196308.2458847612, 983046.0184721798 196305.75606033206, 983043.0312734246 196303.24655091763, 983039.9617257565 196300.67634609342, 983037.5640927553 196298.66552333534, 983034.9013684243 196296.42865116894, 983031.9781459272 196293.98082141578, 983020.3616993427 196284.23805876076, 983015.6825748384 196280.31319783628, 983010.0454470068 196275.585845083, 983004.1871910095 196270.67279717326, 982998.1012451798 196265.56847667694, 982992.3197606802 196260.71940501034, 982986.4611765891 196255.80570092797, 982980.7633533478 196251.02683909237, 982974.9329844266 196246.1374131739, 982969.3227594197 196241.4317139238, 982961.2259908468 196234.64104509354, 982953.5767279267 196228.22570358217, 982951.9536996782 196226.86448584497, 982947.8506895006 196223.4232197553, 982943.4235330075 196219.71030066907, 982939.612845093 196216.51444092393, 982936.6883102506 196214.0613618344, 982933.1092491746 196211.05841508508, 982879.6887523383 196166.03225842118, 982972.8627785891 196053.30709017813, 983278.4543590099 195689.21037742496, 983275.9648626745 195687.0325602591, 983325.4444225132 195628.5280840844, 983455.8801852614 195796.4001236707, 983512.0300073475 195844.75009259582, 983646.789908424 195983.67009033263, 983702.2297581732 196029.6598277539, 983850.7386475056 196081.3145800829, 983930.0354049206 196147.85217666626, 983994.9955768436 196202.35994167626, 983750.8005271703 196509.300928846, 983785.9310343415 196535.0069141686, 983726.4285286665 196616.9230889231, 983618.097380504 196759.9424879253, 983622.1026218385 196762.9923505932, 983629.3863999248 196768.5385993421, 983729.4619871676 196844.74054667354, 983734.535795927 196848.6040560007, 983840.6185890138 196929.38014116883, 983842.8128103465 196931.05106958747, 983862.2579814196 196945.85747042298, 983922.421246931 196988.16217583418, 983930.1292367578 196993.58178442717, 983932.4583003372 196995.2195764184, 983987.8138326705 197034.14338308573, 984086.289685592 197097.96116884053, 984090.1912525892 197100.48937900364, 984167.6090767533 197150.66086658835, 984181.0873962641 197160.21366900206, 984193.5896678418 197169.07454366982, 984195.9479308426 197170.74580016732, 984213.7871340066 197183.38914759457, 984215.7382455915 197184.77201883495, 984210.5709330887 197193.09057176113, 984201.0355190933 197208.44027858973, 984198.0657087564 197213.22078083456, 984196.6185331792 197215.5508286655, 984115.2368061692 197346.55680026114, 984073.0895807594 197421.316165179, 984069.661766097 197427.39620549977, 984045.7789398432 197469.75930975378, 984043.6529598385 197473.52997151017, 984021.3997235 197497.34947767854, 984019.789490506 197499.0728994161, 984018.9200696796 197500.0000629276, 984017.1454669237 197501.96232934296, 984011.5385227501 197508.15096525848, 984002.8584220111 197517.73329517245, 983979.6544001698 197501.32880042493, 983956.6934880912 197485.8098025918, 983917.8628570884 197460.43780608475, 983813.7374091744 197392.96943709254, 983756.1781410873 197355.75166375935, 983736.7136130929 197343.46986417472, 983735.7884180844 197343.030232504, 983734.6667011678 197342.64276608825, 983734.161124751 197342.51514166594, 983733.4885539263 197342.38718917966, 983732.4649339169 197342.28876417875, 983731.6772058457 197342.28285866976, 983731.0157898366 197342.32714992762, 983730.2526680082 197342.43312083185, 983729.3176304996 197342.6489996761, 983728.3196010143 197342.98790974915, 983727.514156431 197343.35536308587, 983726.7359427512 197343.7966351658, 983726.2080566734 197344.15129326284, 983725.7851572633 197344.4705183357, 983725.4203285873 197344.7835098356, 983724.8963795006 197345.28744584322, 983724.6247265041 197345.57779958844, 983724.3350289166 197345.91736583412, 983724.0246620923 197346.3202521652, 983723.8074709177 197346.6283224225, 983723.5443480909 197347.03284917772, 983723.2097030878 197347.62996083498, 983687.6248005033 197392.6889258325, 983674.1592762619 197409.741057083, 983662.6343649179 197424.33387567103, 983652.111420095 197437.66029259562, 983639.6222718358 197453.41026109457, 983627.9270852506 197467.8770956695, 983594.2293180078 197509.5938757509, 983593.9317464232 197509.9721558392, 983593.4524166733 197510.69000217319, 983593.0265645087 197511.48199534416, 983592.8188877553 197512.01742734015, 983592.4488097578 197513.05974808335, 983592.3077339232 197513.66998308897, 983592.2552405894 197513.97838142514, 983592.2125897557 197514.29006059468, 983592.179781422 197514.6017397493, 983592.1502539217 197515.22509808838, 983592.1705950946 197515.75560884178, 983592.2073404193 197516.33795675635, 983592.290017426 197516.9606589228, 983592.4668543339 197517.7103293389, 983592.6358172596 197518.30547250807, 983592.9868664294 197519.17817416787, 983593.2690180838 197519.73591583967, 983593.5905397534 197520.2739725113, 983594.1249875128 197521.03118884563, 983594.7499862611 197521.73427142203, 983595.7575301677 197522.75034549832, 983599.4934150875 197526.51871067286, 983609.2499572635 197536.35957024992, 983623.312593177 197550.5314579159, 983637.3752290905 197564.70301750302, 983644.6570386738 197572.04191358387, 983651.4375369251 197578.874905169, 983664.6875104308 197591.95329108834, 983677.8751480877 197605.0313489288, 983691.1251215935 197618.10940675437, 983704.3747670054 197631.18746459484, 983717.5624046773 197644.2812704295, 983730.8127062619 197657.35932825506, 983744.0626797527 197670.43738609552, 983757.2499893457 197683.51577199996, 983770.4999628365 197696.59382984042, 983772.4569799304 197698.53903591633, 983773.6256127506 197699.70045092702, 983773.8667540103 197699.94027984142, 983774.4458210915 197700.5137695074, 983775.4782993346 197701.53640525043, 983776.7597928345 197702.80575966835, 983777.8798693419 197703.9150094241, 983779.3785540015 197705.398930341, 983780.2427255064 197706.255227834, 983781.2187734246 197707.22176134586, 983781.4189042598 197707.4192675054, 983784.1062348336 197710.08100758493, 983785.1987523437 197710.71552075446, 983786.2122017592 197711.3041022569, 983787.7207289189 197712.0032478422, 983811.4943034202 197720.94975225627, 983777.9851840883 197753.64850576222, 983773.6853239238 197747.34799341857, 983764.991115585 197735.75549691916, 983753.9399565905 197723.06982675195, 983753.42978701 197722.5632660836, 983622.8119380027 197592.77251517773, 983619.244359836 197589.22790284455, 983587.2900274247 197557.4759978354, 983556.1900240034 197528.08005926013, 983530.12478742 197500.0000629276, 983427.9097687602 197389.7237086743, 983423.096130088 197384.53178992867, 983381.1923425049 197339.3337175846, 983306.8407851756 197250.37326559424, 983253.53708601 197182.40063250065, 983240.5485949218 197165.83767350018, 983130.3896945119 197025.35993608832, 983112.3700455129 197007.2198805064, 983146.1393349171 196955.80364476144, 983149.6383436769 196950.4762275964, 983157.3542075008 196938.73018808663, 983161.1744098365 196932.91458292305, 983161.2787403464 196932.7551344186, 983175.8758240044 196910.53372217715, 983212.2527197599 196852.83665908873, 983216.8655714244 196845.1221075952, 983219.9226519167 196840.01024116576, 983192.6566303372 196816.63266324997, 982999.488381505 196651.01914933324, 982922.3920790106 196586.40084025264, 982920.095495671 196584.48483358324, 982878.614607513 196549.88319675624, 982860.1743556708 196534.50232200325))","MN","LP-00948","Yes","South Street Seaport Historic District","No","DESIGNATED","DESIGNATED","AS DESIGNATED (WITH MODIFICATIONS BY BOE)","12/14/1976; 5/10/1977",,"05/10/1977","06/23/2009","6629.0436081179105","1274047.0809941636"
"POLYGON ((990394.4250351787 227020.36917167902, 990375.2075539231 226985.59168216586, 990324.2073278427 226893.85170817375, 989909.0779087543 227123.64619608223, 989855.7430416793 227027.7067554295, 989850.2912809253 227017.68446575105, 989826.1312242597 227031.150646165, 989789.2638439238 226965.19802217185, 989737.715062514 226872.98199924827, 989758.8862800002 226861.21004116535, 989707.909675926 226770.01829442382, 989701.3929566741 226758.037675336, 989587.2104422599 226821.10152558982, 989576.0142704248 226827.24127708375, 989561.4227641672 226788.4211447537, 989549.5887983441 226758.62133559585, 989543.0582995862 226738.77295008302, 989535.7830516696 226712.56171642244, 989531.8178365082 226694.58931142092, 989529.2771591693 226681.1674222499, 989526.8460616767 226665.3177164197, 989525.9228351712 226657.4896480888, 989524.2112244219 226641.6701259166, 989517.3021175116 226565.63615725935, 989512.0134141743 226508.9367955923, 989494.0639750063 226280.06258141994, 989490.3074208349 226218.3894764185, 989480.6755503416 226096.21780475974, 989472.2411840111 225988.89977791905, 989466.8694755882 225924.4428858459, 989464.9147550911 225899.86649142206, 989462.2753246725 225876.66279767454, 989458.7162766755 225853.1159287542, 989452.0755419284 225819.37518258393, 989447.7346713394 225801.70297384262, 989441.3367182612 225779.38116808236, 989435.1379117519 225761.1039736718, 989430.4919236749 225747.50229483843, 989423.5316357613 225729.44918133318, 989418.8115008473 225718.51514808834, 989400.8965104222 225679.16745775938, 989409.7662433386 225674.05329476297, 989539.2932152599 225601.6351325065, 989554.3630670011 225593.20240658522, 989610.7166288346 225562.2634920925, 989606.5660465956 225554.6460532546, 989573.3613885939 225495.07497817278, 989555.6803215891 225504.87876434624, 989537.2085737586 225471.73972301185, 989579.165838927 225448.62953300774, 989526.3470469266 225353.87086425722, 989522.2473175973 225346.0920084268, 989480.386180833 225369.37148942053, 989461.3937647641 225334.80758216977, 989409.1681474298 225240.508558169, 989321.2805279195 225289.19579675794, 989270.0749216676 225196.63003700972, 989262.1392420083 225182.2468636781, 989444.1493766755 225080.85238142312, 989517.7876808345 225039.68448475003, 989602.1687456667 224993.2291970849, 989677.4514035136 224950.94548900425, 989754.437470004 224907.46690142155, 989763.0060224235 224902.73265892267, 989767.859359175 224911.19064725935, 989823.4744054228 225010.19865134358, 989807.5131512582 225018.98931616545, 989690.7893033475 225083.64568291605, 989677.6672823429 225090.91404108703, 989698.0891575068 225127.16200008988, 989711.2108504176 225119.89331384003, 989743.2662325054 225176.7901816666, 989763.2353526801 225212.7520520091, 989787.3977059275 225199.51881074905, 989792.1217778474 225208.10507966578, 989896.8246524185 225393.94985233247, 989916.7068305016 225429.46126425266, 990016.3857650012 225374.6313214153, 990027.1157304198 225368.7117138356, 990033.1639466733 225379.33931726217, 990136.3297508359 225562.26874142885, 990136.8612458408 225563.3350122571, 990137.396021679 225564.83107225597, 990137.7703647614 225566.78316809237, 990137.8225300014 225568.37109142542, 990137.5830291808 225570.33959142864, 990137.0088833421 225572.23919391632, 990136.3199083358 225573.67291809618, 990135.9032425135 225574.34876975417, 990134.9386775047 225575.60860975087, 990133.8067900091 225576.72409309447, 990132.533826679 225577.675534755, 990127.5469600111 225580.6446889192, 990123.0689505935 225583.29888309538, 990023.3450686783 225638.5651767552, 990044.9185163379 225677.45781551301, 990095.5207773447 225768.54129475355, 990100.6802158356 225765.67942383885, 990153.7335874289 225861.1749677509, 990171.4517278373 225893.00561276078, 990265.1483908445 225840.49981226027, 990278.8688358366 225833.63958975673, 990281.2753270864 225832.91321325302, 990282.9830008447 225832.70783309639, 990284.6759108454 225832.74064141512, 990285.9324700087 225832.91780641675, 990287.5696058422 225833.35743808746, 990289.3891560137 225834.15435250103, 990290.5846916735 225834.88630641997, 990291.9035866708 225835.94929641485, 990293.3274683356 225837.51753476262, 990294.2559441775 225838.93485476077, 990295.985271424 225842.00538666546, 990397.3495700061 226021.96270392835, 990427.4873050004 226066.92324392498, 990538.5894450098 226239.27526141703, 990571.5388541669 226288.96676309407, 990688.2649986744 226468.7226371765, 990689.3535791785 226470.4165314287, 990690.341110006 226472.42768225074, 990690.9710300118 226474.57662808895, 990691.2256226689 226476.88371008635, 990691.1514758468 226478.5923680961, 990690.8365158439 226480.3574564159, 990690.2856639177 226482.06348975003, 990689.7210325003 226483.28395976126, 990688.7794333398 226484.8095472604, 990687.6957740933 226486.13205116987, 990686.3220891804 226487.40796725452, 990685.2295716703 226488.19536726177, 990681.9953261763 226490.00934000313, 990609.1181753427 226529.90263292193, 990644.950124681 226594.51503650844, 990694.61997284 226684.61032874882, 990587.9289132506 226743.78081409633, 990640.0705412626 226838.36034934223, 990652.2749131769 226860.92624908686, 990649.9077919275 226862.241207093, 990656.4104035944 226874.3028627485, 990562.0309991688 226926.67546142638, 990488.2027347535 226968.96179416776, 990394.4250351787 227020.36917167902))","MN","LP-02463","Yes","Riverside-West End Historic District Extension I","Yes","DESIGNATED","DESIGNATED","BOUNDARIES DIFFER (SLIGHTLY) FROM TIME OF PUBLIC HEARING","3/22/2011",,"06/26/2012","11/16/2010","7212.295971344333","1582497.795987823"
"POLYGON ((1010765.9200532585 195800.71999692917, 1010658.7693489194 195766.50188951194, 1010661.8388965875 195759.7683071792, 1010563.7498539239 195633.5097014159, 1010483.5593975037 195696.02794909477, 1010473.4373705089 195704.24971742928, 1010334.6951939166 195524.9475825876, 1010308.8533820957 195491.17435617745, 1010281.3649200052 195512.28290975094, 1010192.6196906716 195579.7985227555, 1010184.3680667579 195568.99539475143, 1010023.2748850137 195358.6844636649, 1010104.7648795098 195295.06024709344, 1010113.6142712533 195288.1025838405, 1010157.3582782596 195344.96533100307, 1010190.3395115137 195319.0933355093, 1010271.8114614189 195256.2525819242, 1010352.9720602632 195193.6516572535, 1010396.540542677 195160.37186817825, 1010476.8746995926 195097.88970966637, 1010477.8294220865 195099.1239591688, 1010559.8295861781 195035.34652766585, 1010592.5929720849 195008.94369333982, 1010593.7258438468 195010.40038333833, 1010603.8147344291 195002.3728403449, 1010684.5731030852 194939.77158759534, 1010639.3281148374 194881.5171109289, 1010720.9352350831 194818.25772300363, 1010730.5628405064 194810.7908744216, 1010775.6503487527 194868.6090002507, 1010809.1512660086 194843.09724025428, 1010889.8738735914 194781.39493584633, 1010957.215274334 194729.9209574163, 1010983.2585293353 194698.10573233664, 1010930.2281235904 194657.53855626285, 1010938.209078759 194647.27381300926, 1010984.3257844299 194586.24112667143, 1011154.5354177505 194655.37320625782, 1011229.1320533454 194757.84281758964, 1011236.928625673 194768.64463324845, 1011163.029823333 194825.19799783826, 1011131.4147290885 194849.91743658483, 1011166.7499602586 194875.20872458816, 1011460.536446169 195097.18301817775, 1011558.4043606669 195172.04343275726, 1011559.0342806727 195172.57656817138, 1011559.4890041798 195173.01849642396, 1011560.0926775038 195173.70386250317, 1011560.6110491753 195174.40628892183, 1011561.1094077528 195175.22321642935, 1011561.5293544233 195176.07820159197, 1011561.8676083386 195176.9653389156, 1011562.125481844 195177.90923467278, 1011562.2829618454 195178.77373425663, 1011562.349890843 195179.41284058988, 1011562.3784340918 195180.24912500381, 1011562.3384079188 195181.08245667815, 1011562.1661641747 195182.25732308626, 1011561.8971358389 195183.2973472625, 1011561.4312575012 195184.49321100116, 1011560.6668233424 195185.8695205897, 1011560.0303416699 195186.72909891605, 1011559.085789755 195187.46138092875, 1011251.2658673376 195426.34738609195, 1011218.4476915002 195451.03893776238, 1011050.9109530896 195581.07443884015, 1011013.3096503466 195610.90082275867, 1010841.8303345144 195742.27293534577, 1010805.4901840836 195770.18790575862, 1010773.797006011 195794.85222651064, 1010765.9200532585 195800.71999692917))","QN","LP-02348","Yes","Ridgewood South Historic District","No","DESIGNATED","DESIGNATED","BOUNDARIES AS DIFFER (SLIGHTLY) FROM TIME OF PUBLIC HEARING","9/15/2009",,"10/26/2010","04/14/2009","4643.630261579187","853174.1034572639"
"POLYGON ((991067.1618786752 186483.03259558976, 991063.4273060858 186484.95877283812, 991057.3889323473 186473.1487570852, 991045.0159255862 186448.8381101787, 991049.3800900877 186446.577944085, 991039.6901488453 186427.5386120826, 991061.1034918427 186416.45070774853, 991037.3896284997 186369.85762508214, 991037.0799178332 186369.24968667328, 991499.9461180866 186129.57792192698, 991453.2382062525 186037.35960242152, 991447.4127585888 186025.85732883215, 991429.149999842 186035.3317193389, 991410.7067952603 185999.77240724862, 991363.5894354284 185908.92842884362, 990904.0270343423 186144.5001361668, 990951.6545637548 186236.3270522505, 990963.6305896789 186259.41722917557, 990856.8630866706 186314.43417949975, 990752.3770751804 186368.4324310869, 990740.1664696783 186344.09291283786, 990730.1822376698 186324.8826494217, 990722.1238548458 186329.00271992385, 990637.4750740081 186166.14379367232, 990618.3612670898 186128.39124450088, 990610.6923191696 186132.36367750168, 990605.209718585 186121.51921100914, 990495.704688251 185904.90776759386, 990483.2286633402 185880.45309208333, 990601.3117605001 185819.92631025612, 990482.4875230938 185588.80439716578, 990369.2823689282 185646.44043675065, 990357.8148721755 185623.43654575944, 990317.8579310924 185545.94916792214, 990403.036238417 185502.3206462562, 990446.3809680045 185479.92764642835, 990441.8698221743 185471.35942208767, 990453.455757007 185465.38568075, 990545.8965170085 185417.86576266587, 990542.7104997635 185411.65481708944, 990627.4642672539 185368.08633467555, 990646.1076026708 185358.50236433744, 990712.9850935936 185324.12316800654, 990897.9840674251 185229.0223083347, 990900.1428557634 185233.2309613377, 990967.458009839 185198.62669983506, 990965.3586045951 185194.5338602513, 991087.5043576807 185131.74330341816, 991115.2303520888 185117.27548459172, 991086.583427757 185062.73655167222, 991117.3310696781 185047.01512642205, 991215.2705063373 184996.93681450188, 991203.0162657499 184972.8689492494, 991193.8883312643 184954.436899513, 991189.5664895028 184956.58978234231, 991166.8011150956 184912.00588200986, 991119.8592798412 184819.81085641682, 991123.5968051702 184817.91814367473, 991079.2199254185 184730.76083767414, 991066.7173257619 184705.33339509368, 991050.7442605942 184713.49217142165, 991038.3361489177 184688.9498976767, 990946.5466343462 184507.3935022503, 990933.5988255888 184481.90569233894, 990940.0141670853 184478.65668308735, 990924.7169535905 184454.76532667875, 990877.4155390114 184379.9373923391, 990800.172911346 184258.10889583826, 990786.6778595895 184266.70435108244, 990731.7219327539 184180.02801525593, 990716.4778687507 184155.98508433998, 990726.3984525949 184149.6701363325, 990710.3230254203 184124.56651200354, 990656.3191964179 184039.56996284425, 990659.1243089288 184037.8065149188, 990604.6729742587 183952.10458658636, 990589.8009567559 183928.69715309143, 990590.7087633461 183928.12038259208, 990576.1418633461 183905.33401083946, 990521.2928916663 183818.8364804238, 990466.3573060036 183732.20312350988, 990451.296312511 183708.63853809237, 990437.8288197517 183717.1555814296, 990424.2596211731 183696.1379069239, 990367.7827000022 183608.6587511748, 990368.0349960923 183608.49963074923, 990315.2900228351 183526.80130334198, 990297.5472761691 183499.31940291822, 990313.3704072535 183489.10387216508, 990296.4938005954 183462.16494967043, 990190.231874004 183294.01207076013, 990174.6797397584 183269.40221184492, 990432.0624270886 183105.95732875168, 990417.841655001 183083.3372952491, 990363.3043625057 182997.03464633226, 990527.5694539249 182891.95480400324, 990582.1067464203 182978.2571248412, 990596.9262705892 183001.26462475955, 990596.0919546783 183001.79447934031, 990611.9518310875 183026.38366900384, 990663.0905083418 183107.30837592483, 990646.4799772501 183117.9018586725, 990701.0005374998 183204.17727667093, 990718.5418410003 183232.3301075101, 990852.1088310927 183147.6232559234, 990924.6864418387 183261.39829084277, 990955.3701075017 183241.59846167266, 991039.8174451739 183187.9122173339, 990985.7913065106 183103.30707159638, 990967.2887188345 183074.49807408452, 991009.0356825888 183047.9938620031, 990991.577056095 183020.46570183337, 990935.8904876709 182933.05544358492, 990893.0729880035 182960.23616351187, 990865.1366921663 182916.38454517722, 990864.7078872621 182916.65652625263, 990841.5032092631 182880.2327145934, 990825.9884764999 182855.83118858933, 990842.2154781669 182845.5306842625, 990828.091490671 182823.04122792184, 990718.1458444297 182647.97497700155, 990704.1721190959 182625.5409667492, 990572.8862924278 182708.87708617747, 990431.6674147546 182490.7571155876, 990678.0914625973 182334.4122839272, 990662.8729890883 182310.04291008413, 990608.0519045144 182222.80620792508, 990479.0974380076 182304.72927242517, 990425.194330588 182220.0932868421, 990395.0710312575 182172.87947051227, 990397.6458292603 182171.2429908365, 990287.4501835108 181998.27876983583, 990273.3534269184 181975.37920933962, 990264.1044296771 181981.2482920885, 990249.4069525003 181958.05969017744, 990194.1439396739 181870.86760734022, 990149.809710756 181800.9195845127, 990123.0400792509 181758.05615317822, 990131.1106011719 181752.9380531758, 990102.86689125 181708.3216725886, 990059.5641563386 181639.70369958878, 990051.06581375 181626.29690225422, 989965.5426908433 181680.52973341942, 989933.2402620018 181701.01394441724, 989876.0779747516 181610.86681500077, 989973.802516833 181548.96142700315, 989958.5364712626 181525.04448008537, 989903.4899934232 181438.80383892357, 989916.1576190144 181430.77826441824, 989861.782727763 181345.58945842087, 989846.3313150853 181321.7427213341, 989872.4510135055 181305.16860750318, 989857.9054389298 181282.42521467805, 989802.537111342 181195.83614900708, 989699.4142860919 181261.43477109075, 989667.5091661811 181281.60139742494, 989597.8888985962 181171.99662975967, 989458.6037440896 180952.1059934199, 989319.3084190041 180732.20879542828, 989417.5047449172 180669.9421876669, 989428.5014420897 180662.96910449862, 989414.1914313436 180640.39893966913, 989359.41398184 180553.98572666943, 989657.5203410089 180364.76530459523, 989754.4968530834 180303.21063767374, 989809.3228589296 180389.70095025003, 989823.4209278375 180412.5463770032, 989978.9845930934 180313.9045139253, 990092.9669766724 180495.77029192448, 990137.8458239287 180566.35938958824, 990140.4626165926 180570.42926333845, 990235.9972024262 180720.35416033864, 990256.6346283406 180752.69464683533, 990276.7323571742 180783.65685525537, 990281.947897926 180791.8208809197, 990370.7177335024 180931.50793750584, 990374.0901020914 180936.82288751006, 990397.1530480832 180972.33134667575, 990414.1982895881 181000.53732700646, 990512.0475033373 181154.55079850554, 990534.8660272509 181192.9545930922, 990416.0585220903 181268.34715883434, 990432.1654452533 181293.76049384475, 990481.7198080868 181371.99983866513, 990463.6243718415 181383.4748813361, 990506.9264505953 181452.0938385874, 990535.2374175936 181496.56455017626, 990634.6299353391 181433.5118547529, 990673.8007887602 181411.27764725685, 990699.2849897593 181450.15388183296, 990703.438196674 181456.69487924874, 990794.5699041784 181600.35010375082, 990815.5934841782 181632.5436089188, 990832.7565075904 181660.2764930874, 990848.9569345117 181685.69638974965, 990889.3951738477 181749.15426808596, 990898.2383320034 181763.04236367345, 990930.2221919298 181813.86804942787, 990954.9491765946 181851.71508659422, 990994.5849240869 181915.3537388444, 991116.6322521716 182107.52100542188, 991234.4623970836 182292.82312825322, 991299.716531679 182395.5368335843, 991370.9962447584 182509.864688918, 991252.0365089178 182585.37798933685, 991267.3501265943 182609.90385891497, 991318.4911004305 182690.1796170026, 991318.0990408361 182690.42863225937, 991373.8935486674 182778.00850959122, 991391.3249442577 182805.2902791649, 991355.8778366745 182827.79449924827, 991374.4394793361 182856.22980983555, 991428.4662741721 182940.83528366685, 991447.2746355087 182928.8070925027, 991447.057444334 182928.56168617308, 991549.1842085868 182863.6359630078, 991582.6874224246 182841.69998325408, 991650.524229005 182948.48749934137, 991789.977034092 183167.9496588409, 991626.82217668 183271.4881656766, 991641.7443909198 183294.91003483534, 991696.6996615976 183381.50566217303, 991704.8318631798 183376.34031817317, 991758.346848011 183460.66724926233, 991774.0443231761 183485.40210792422, 991752.1119523346 183499.25772325695, 991766.9039175063 183521.93090625107, 991824.1331337541 183611.38643600047, 991964.5101495832 183523.51062750816, 992000.9956409186 183500.05726234615, 992068.3406505883 183606.06722092628, 991954.5610225052 183678.35841491818, 991970.4530510902 183703.6011465937, 991969.8579079211 183703.9804109186, 991997.537970677 183746.797910586, 992072.4216791689 183699.0814705938, 992109.9340713471 183675.0021224171, 992204.3849979192 183831.53953900933, 992269.8563236743 183944.14823767543, 992227.3170386702 183965.9979315102, 992142.9343334287 184009.20224142075, 992189.1921149194 184098.58329625428, 992196.2324551791 184112.186287418, 992199.8554794192 184110.29160617292, 992219.6746655107 184148.72230358422, 992264.7775936723 184236.90191724896, 992154.2728934288 184292.80042751133, 992151.9956670105 184288.34899283946, 992128.7667108476 184300.0992974192, 992133.3211636692 184309.00183866918, 992035.4105983377 184358.53028292954, 992077.6657631695 184441.1226374209, 992093.7438150048 184472.1885201782, 991872.1084315032 184585.772282511, 991889.3285414279 184619.50154575706, 991921.1162075102 184681.6087049991, 991931.8806216717 184702.86653651297, 992056.3485485911 184639.10288450122, 992102.918665424 184730.33859442174, 992115.6115534306 184755.13480466604, 991990.267644003 184818.40567550063, 992003.8023938388 184844.6861347556, 992095.8248475939 185023.36491125822, 992109.4990328401 185049.9163673371, 992175.0182587504 185016.73992450535, 992191.4594988376 185087.87167200446, 992216.5273620933 185157.90958967805, 992233.0250325054 185193.40755017102, 992239.1598627567 185204.91474500299, 992243.1785555035 185212.45016300678, 992201.5277201682 185233.75523850322, 992115.3238243461 185277.40738217533, 992084.5791351795 185293.42473858595, 992122.5610145926 185367.1624520123, 992003.0937338471 185431.72826775908, 991858.1186300963 185506.67135934532, 991870.2724771798 185530.78285966814, 991916.7559799999 185621.68818967044, 991606.2841600031 185781.8118851781, 991653.4438425899 185874.03873483837, 991672.2827156782 185910.65578758717, 991667.4316755086 185913.16562509537, 991673.9211638421 185925.7233427614, 991711.3308659196 185998.10738433897, 991630.8966435939 186039.54365317523, 991600.8556931764 186055.235879004, 991670.1852789223 186187.87472133338, 991429.2917318344 186312.2074779272, 991443.1178196669 186338.71136191487, 991488.9661531746 186427.60947808623, 991133.3690953404 186611.49887408316, 991133.2700141668 186611.5500550866, 991087.3275207579 186522.4691964984, 991067.1618786752 186483.03259558976))","BK","LP-00709","Yes","Park Slope Historic District","No","DESIGNATED","DESIGNATED","PREVIOUSLY HEARD AS LP-00455 (SMALLER BOUNDARIES)","5/26/1970; 6/23/1970",,"07/17/1973",,"23339.139531093148","6129551.833040537"
"POLYGON ((995538.3123851717 223054.3101746738, 995623.3135275096 223007.05370751023, 995567.5564211756 222903.23534558713, 995575.9799607545 222898.60477742553, 995555.260514006 222860.77906566858, 995504.6028069258 222769.4787233323, 995481.7432725877 222782.1361783445, 995431.1882555932 222691.02153117955, 995425.1062467545 222680.1344138384, 995438.4556295127 222672.77681700885, 995418.5035696775 222636.8224925846, 995314.8052862585 222449.96689517796, 995311.1232070029 222443.37832567096, 995329.018184334 222433.1582017541, 995308.5736714303 222396.14580859244, 995257.1515301764 222303.48687317967, 995238.6564884186 222313.73586842418, 995187.1096755117 222220.85318017006, 995181.7405917645 222211.15044367313, 995199.2228402644 222201.35354726017, 995178.8390227556 222164.4330174178, 995137.8758500963 222090.8711566776, 995317.9082984179 221991.58821874857, 995254.5088189244 221877.09894642234, 995221.3520610929 221815.78673309088, 995233.2683758438 221809.1988197565, 995309.3036568463 221766.872788921, 995342.4807558358 221827.6541634202, 995395.1289445013 221923.84130699933, 995449.0845452547 221894.20783609152, 995499.7770291716 221986.82149600983, 995519.8002830893 222024.02122475207, 995478.4312713444 222046.40536634624, 995484.7157075852 222057.80101284385, 995587.1406995952 222242.26291425526, 995606.4526688457 222278.2369236797, 995659.7425885051 222248.84459400177, 995665.2684960961 222258.70677900314, 995716.4340761751 222350.8539044261, 995663.6782761663 222380.11171992123, 995714.5151167512 222471.73752091825, 995734.6390922517 222508.98416559398, 995736.2968973368 222508.0333800912, 995742.0160460025 222518.6255505085, 995792.7150915861 222610.26742759347, 995836.3600174189 222585.71006201208, 995887.5505318344 222679.01532158256, 995892.8661380112 222688.5297382623, 995924.0924535096 222671.17773884535, 995943.6849340051 222706.99131549895, 995997.6582512558 222804.55345633626, 995952.3692998439 222829.6544560045, 996002.81670551 222920.83931300044, 996006.7392698377 222928.30452117324, 995939.9303483367 222965.22669142485, 995960.3912654221 223003.06191758811, 996010.9265974164 223094.15294276178, 996033.4859355092 223081.65493625402, 996084.1862934232 223173.03992408514, 996104.6892051697 223210.9922760129, 996172.7989770919 223173.77319033444, 996178.2632050067 223183.56680592895, 996230.0157261789 223275.36747534573, 996143.1008737534 223323.4946756661, 996195.041058585 223417.1185041666, 996202.0180787593 223430.1522707492, 996196.2582477629 223433.34025651217, 996234.8369107544 223501.34110476077, 996284.9483590871 223591.61553050578, 996326.5188140124 223568.59195449948, 996376.1719299257 223658.03993834555, 996382.8425202519 223670.0523815006, 996362.9340955019 223681.10911792517, 996383.5488836765 223718.1198706776, 996434.2334935963 223809.42579042912, 996481.0109590888 223783.46193158627, 996531.1676829308 223873.817065835, 996536.0223320127 223882.41120874882, 996512.0492828339 223895.77338676155, 996532.0289016664 223931.99575525522, 996582.7364774197 224023.06972008944, 996627.7685395926 223998.35913959146, 996678.5673225075 224089.5964899212, 996683.9911961704 224099.37107667327, 996662.7258187532 224111.1751869172, 996684.0118654221 224148.66362901032, 996734.1551378369 224239.40688583255, 996780.532341674 224213.69991625845, 996831.0227262527 224305.07112458348, 996836.4994213432 224314.89033067226, 996804.5759287626 224332.4870802611, 996824.5949175954 224369.38366000354, 996874.6807754189 224460.66727009416, 996827.4420247525 224486.75251975656, 996877.2476994246 224577.52563217282, 996898.3510036767 224614.96551792324, 996811.8971083462 224663.15636642277, 996696.0016708374 224727.92985892296, 996576.2246794254 224794.26273150742, 996567.8414940834 224779.502262339, 996579.268964678 224773.14531967044, 996513.7546600103 224656.5244899243, 996496.1746426672 224666.28234441578, 996446.7600433379 224578.35141792893, 996433.9470768422 224555.00599217415, 996427.2607385069 224542.9446645826, 996428.517625764 224542.23666074872, 996421.638374418 224529.8797300905, 996371.7923455089 224439.93305958807, 996333.082449168 224461.44843649864, 996283.0024968386 224371.07952275872, 996277.2452905029 224360.642535761, 996298.3574530035 224348.88829417527, 996278.2570995092 224312.12294775248, 996177.3330887556 224130.00651408732, 996172.6690560877 224121.18960258365, 996183.4246120006 224115.20470641553, 996161.488304168 224075.3586575091, 996134.9345515072 224027.29280875623, 996138.2757521719 224025.44110642374, 996114.8227150887 223982.98876351118, 996146.2573635131 223965.5678665936, 996097.303721264 223876.95715142787, 996076.9609141797 223839.7311760038, 996055.3041333407 223851.64749075472, 996049.8864932507 223842.0713944286, 995949.3138597608 223660.02517059445, 995940.5189298391 223643.98452025652, 995978.0664269179 223623.33889225125, 995942.664594844 223559.14085792005, 995889.8805796802 223463.859880507, 995906.4044967592 223454.73128983378, 995854.986948669 223361.91684292257, 995834.5165171772 223324.03076383471, 995778.862100929 223355.14323441684, 995772.9464303404 223344.49824258685, 995723.2624745965 223254.81338259578, 995708.7398658395 223262.92032176256, 995657.0657565892 223169.56486542523, 995636.8007052541 223132.63875816762, 995621.0497525036 223141.25980392098, 995595.0048570931 223156.39625659585, 995538.3123851717 223054.3101746738))","MN","LP-02547","Yes","Park Avenue Historic District","No","DESIGNATED","DESIGNATED","BOUNDARIES DIFFER FROM TIME OF PUBLIC HEARING","2/11/2014",,"04/29/2014","11/26/2013","8804.553632623123","1177999.3667798156"
"POLYGON ((994686.3416481763 179163.4576678425, 994715.7638334185 178932.33181776106, 994732.446870923 178934.2855540067, 994883.2133016735 178953.1716710925, 994854.7448546737 179184.62724491954, 994703.3383333385 179165.66107550263, 994686.3416481763 179163.4576678425))","BK","LP-02334","Yes","Ocean on the Park Historic District","No","DESIGNATED","DESIGNATED",,"3/24/2009",,"10/27/2009","02/10/2009","804.6613171232145","39463.67436816877"
"POLYGON ((998887.9333105832 231858.821765095, 999085.5044377595 231748.93615809083, 999151.2602117509 231712.363396585, 999200.4874755144 231801.65226000547, 999214.7482737601 231827.55476725101, 999152.599119842 231861.99531517923, 999167.0751407593 231888.28332033753, 999216.1764205098 231977.34154117107, 999221.9342830032 231974.13879166543, 999226.3781717569 231982.1991430074, 999343.5698665082 231867.84930609167, 999363.783408761 231895.24426442385, 999425.2445719242 231978.54429467022, 999441.8642893434 232000.98027342558, 999163.4803316742 232155.81854642928, 999207.5258472562 232239.7061739266, 999227.0008739233 232279.46659308672, 999284.7894722521 232388.18652001023, 999410.0484080911 232614.54138225317, 999536.5803072602 232842.41822308302, 999664.4671905935 233074.58934667706, 999531.9503952563 233148.09543325007, 999518.5413013399 233123.68176817894, 999468.3055094182 233033.69638383389, 999338.5111495852 233105.41835325956, 999272.3895626664 233141.95568175614, 999297.1158911735 233186.26956950128, 999228.8496235013 233224.00308984518, 999166.0377412587 233258.84160283208, 999140.9895630032 233214.89057525992, 999083.2052297592 233246.87968450785, 999011.261804089 233286.6154974252, 998931.1336835027 233330.87164250016, 998880.6377215087 233240.14216516912, 998867.5137320012 233216.78886541724, 998942.6457995921 233175.10423751175, 998929.4709571749 233151.37561042607, 998879.2266350836 233061.0988880843, 998851.4379767627 233011.16919791698, 998828.3340203464 232969.65648567677, 998815.809111014 232946.55351351202, 998797.811771676 232956.5092022568, 998783.7386370897 232931.04665476084, 998734.3840770125 232841.9425022602, 998684.1492693424 232751.2487860024, 998671.0987705141 232727.7065102607, 998694.0029241741 232715.03265108168, 998680.573161006 232690.55041658878, 998629.7258217633 232599.82093925774, 998607.5149081796 232612.12996976078, 998557.6259003431 232523.1091504246, 998544.374614507 232498.75618074834, 998559.5632324219 232490.43861208856, 998545.6232996732 232465.0541484207, 998496.1814694256 232376.06909017265, 998503.1794869304 232372.19245751202, 998484.4045900851 232338.40217076242, 998466.4177494198 232306.02953208983, 998445.0677265078 232317.6371204257, 998431.741637677 232293.6532445103, 998418.2006542534 232268.91608925164, 998569.5806008428 232185.08095508814, 998507.0357784182 232070.37481966615, 998572.4168812633 232034.3073064983, 998645.6942937523 231993.55115441978, 998751.316129759 231934.80619317293, 998887.9333105832 231858.821765095))","MN","LP-00452","Yes","Mount Morris Park Historic District","No","DESIGNATED","DESIGNATED","SMALLER AREA PREVIOUSLY HEARD AS LP-0452; LARGER AREA LATER HEARD AS LP-0710 (THE LARGER BOUNDARIES LATER DESIGNATED AS LP-0452)","11/22/1966; 6/23/1970",,"11/03/1971",,"5467.371277609479","1007839.4638006506"
"POLYGON ((1014684.0467314273 212849.90505859256, 1014684.6254704297 212845.97166749835, 1014686.6248102635 212832.37523800135, 1014689.5001325905 212812.84378100932, 1014692.3747987598 212793.29690408707, 1014695.2501210868 212773.7657751739, 1014698.1247872561 212754.21889825165, 1014701.0001095831 212734.68744125962, 1014703.041444093 212720.80787584186, 1014707.2336929291 212692.32007192075, 1014709.6250923425 212676.06255850196, 1014712.5627505034 212656.53110150993, 1014715.4374166727 212636.98422458768, 1014718.3127389997 212617.45309567451, 1014721.187405169 212597.90621875226, 1014724.0627275109 212578.3750898391, 1014726.9373936802 212558.82821291685, 1014729.8123879284 212539.29675592482, 1014732.6873821765 212519.74987900257, 1014733.8461725116 212511.8778475076, 1014734.5115255117 212507.35817150772, 1014735.5623764247 212500.2187500894, 1014738.4373706728 212480.67187316716, 1014741.312364921 212461.14041617513, 1014744.6945760101 212438.14767999947, 1014747.0623534173 212422.0624103397, 1014749.9376757592 212402.51586151123, 1014752.8123419285 212382.9844045043, 1014753.2549263388 212379.97588033974, 1014754.2477065027 212373.2170355916, 1014767.9688076675 212375.11631000042, 1014868.1352740079 212389.0532900095, 1014968.6668970883 212403.04112292826, 1014982.2262531668 212405.58015984297, 1014984.0123388469 212392.56312550604, 1014989.3663307577 212353.54515892267, 1014996.8430218399 212299.05215767026, 1014997.2085066736 212296.39304225147, 1014999.9998396784 212266.23430992663, 1014999.9998396784 212260.93740449846, 1014999.9998396784 212256.3140541762, 1014999.9998396784 212250.4528454244, 1014999.9998396784 212245.31276383996, 1015000.8961633444 212239.22616183758, 1015003.6874963343 212220.24982184172, 1015004.7691870928 212213.01263159513, 1015004.9781761765 212211.6146685034, 1015005.5700385123 212207.6540465057, 1015006.6248264164 212200.59369316697, 1015009.5624845922 212180.92181651294, 1015011.7498161793 212165.96712200344, 1015012.4374788404 212161.2656878382, 1015013.8613605052 212151.73880401254, 1015015.3751370013 212141.60923108459, 1015018.3124670833 212121.93735441566, 1015021.1874613464 212102.2812257558, 1015024.1251195073 212082.62509709597, 1015027.0624495894 212062.95289233327, 1015027.7100860924 212058.61956767738, 1015028.3698616773 212054.205206424, 1015030.0001077503 212043.29676367342, 1015032.8747739196 212023.64063499868, 1015035.8124320954 212003.96875834465, 1015038.7500902563 211984.3126296699, 1015041.6874203384 211964.6561729163, 1015042.8803313375 211956.49411575496, 1015043.5079547614 211952.19983300567, 1015044.5627426803 211944.98429626226, 1015046.0522410125 211935.00236083567, 1015060.9534579217 211937.0984852612, 1015297.1892059296 211970.32938991487, 1015335.8000210971 211976.06002150476, 1015342.9788125008 211923.76583474874, 1015346.0178484172 211901.62447483838, 1015350.9555025846 211865.65702709556, 1015354.752082929 211838.00025825202, 1015358.9354735017 211807.52525359392, 1015362.87477009 211778.82813251019, 1015366.922990337 211749.33803400397, 1015371.3288214207 211717.24328191578, 1015375.3183147609 211688.18264450133, 1015376.5968555063 211678.8660620898, 1015390.9301601797 211680.8473573327, 1015590.7355348468 211708.4595068395, 1015604.9963330925 211710.52741609514, 1015604.8618189245 211711.49132491648, 1015647.7196728438 211717.04151067138, 1015849.5975499302 211744.44139026105, 1015863.7825609297 211746.32655708492, 1015863.6060520858 211747.8557535112, 1015863.1877458394 211751.2343556732, 1015860.9377503395 211768.89048834145, 1015858.2497635931 211788.12502992153, 1015855.5624330044 211807.35924342275, 1015852.8747743368 211826.59378500283, 1015850.187443763 211845.82799850404, 1015849.2845584303 211852.2961614281, 1015848.7317380011 211856.25514300168, 1015847.4997850955 211865.07795999944, 1015844.8124545068 211884.31250159442, 1015842.125123918 211903.5470431745, 1015839.4374652505 211922.78125667572, 1015836.7501346767 211942.01547017694, 1015834.0624760091 211961.25001175702, 1015831.3748173416 211980.4845533371, 1015828.6874867529 211999.7187668383, 1015826.0001561791 212018.96905642748, 1015824.3036372513 212031.11010825634, 1015823.7934676707 212034.76101958752, 1015822.4155176729 212044.62189225852, 1015864.1352505088 212050.21111992002, 1015965.2698907554 212064.08674833179, 1015959.8004135042 212103.41180092096, 1016061.3654990941 212117.3471405059, 1016073.5364065021 212118.99346266687, 1016072.648284927 212125.2746180892, 1016071.749992758 212131.62499909103, 1016069.0626621693 212151.0780441761, 1016066.3750035018 212170.51566934586, 1016063.6250090003 212189.95296642184, 1016060.9373503476 212209.40633958578, 1016058.1873558462 212228.84363667667, 1016055.5000252575 212248.28126183152, 1016052.8123665899 212267.7343069166, 1016052.5863171667 212269.33469742537, 1016051.5827102512 212276.36158625782, 1016095.457950592 212282.84844991565, 1016116.7912412584 212285.88125225902, 1016136.1117406785 212288.62763783336, 1016155.6940505952 212291.41076876223, 1016175.7196010947 212294.25754784048, 1016193.9771105051 212296.85268700123, 1016227.4872140884 212060.19436767697, 1016268.2000591755 211772.66672751307, 1016278.2354721725 211701.7912130952, 1016280.6777245104 211684.5448565036, 1016382.7372316718 211699.06155975163, 1016429.96843642 211704.48149642348, 1016458.9004651755 211708.7121310085, 1016456.5084095895 211724.11958050728, 1016442.3214300871 211826.98092333972, 1016622.2659520954 211852.74399517477, 1016678.2336879224 211859.70690774918, 1016879.2513305098 211888.48637776077, 1016936.2482637614 211895.44371291995, 1017135.6684685946 211922.6585535109, 1017192.9239315093 211932.3675235957, 1017393.4510895014 211960.149292171, 1017407.9933832586 211962.292660594, 1017406.9635296762 211969.60990317166, 1017406.4376120865 211973.35923950374, 1017403.749953419 211992.96878033876, 1017400.9999589175 212012.57799309492, 1017398.3126283437 212032.18753391504, 1017395.5623057634 212051.7967466712, 1017392.8123112619 212071.40628750622, 1017390.1249806732 212091.00008033216, 1017387.3749861717 212110.60962116718, 1017384.687655583 212130.21883392334, 1017381.9376610965 212149.8280466795, 1017379.2500024289 212169.43758749962, 1017376.5000079274 212189.0310522616, 1017373.8123492599 212208.6405930817, 1017371.0623547584 212228.24980583787, 1017368.3123602569 212247.8593466729, 1017365.7851343453 212266.30058275163, 1017364.1785102636 212277.7736569196, 1017362.8750351667 212287.06268033385, 1017360.187704593 212306.67189309, 1017357.4377100915 212326.28143392503, 1017354.7500514239 212345.8906466663, 1017352.0000569224 212365.49985942245, 1017349.250062421 212385.10940025747, 1017346.5624037534 212404.70286500454, 1017343.8124092519 212424.31273391843, 1017341.1250786781 212443.92194667459, 1017339.009925425 212459.00393751264, 1017382.2470436692 212465.04263934493, 1017583.1367337555 212493.10098217428, 1017625.2931455076 212499.36606150866, 1017626.0152569264 212494.14133442938, 1017626.9716198444 212487.35427451134, 1017627.124834761 212486.26569400728, 1017629.8751573414 212466.45306958258, 1017632.5624879301 212446.64077325165, 1017635.3124824166 212426.84356875718, 1017638.0624769181 212407.03127242625, 1017640.8124714196 212387.39056366682, 1017643.562465921 212367.7498549223, 1017646.3124604225 212348.10947425663, 1017649.062454924 212328.45301750302, 1017651.8124494255 212308.81263683736, 1017654.5624439269 212289.17159999907, 1017657.3124384284 212269.5312193334, 1017660.0627610087 212249.89051058888, 1017662.8124274164 212230.25012992322, 1017665.5624219179 212210.6094211787, 1017668.3750803471 212190.9529644251, 1017669.6933191717 212181.53730084002, 1017671.5128693432 212168.5425761789, 1017673.8750693351 212151.671875, 1017676.6250638366 212132.03116625547, 1017679.375058338 212112.3907855898, 1017682.1250528395 212092.7500768453, 1017684.875047341 212073.10936808586, 1017687.6250418425 212053.46865934134, 1017690.3750363439 212033.8125306666, 1017692.5000320971 212018.4529813379, 1017693.1250308454 212014.17182192206, 1017693.3750303388 212012.1249100119, 1017694.6030462533 212003.55602949858, 1017708.6279525906 212005.3089787513, 1017809.3718455881 212019.3453680128, 1017741.8542640954 212510.20888759196, 1017841.5883165896 212524.10485717654, 1017855.3812680095 212525.86896125972, 1017854.5856659263 212531.73673167825, 1017853.9377013445 212536.51559349895, 1017851.3123785108 212555.85938683152, 1017848.687383756 212575.21860009432, 1017846.0000531673 212594.57814142108, 1017843.3750584275 212613.92193475366, 1017841.1250629276 212630.3749858439, 1017840.7500636727 212633.21881216764, 1017840.5000641793 212634.45306167006, 1017830.8084825128 212695.06022392213, 1017816.3856110871 212800.41204734147, 1017816.3629733473 212800.4048295021, 1017815.062451005 212809.9061228335, 1017814.9374512583 212811.0937845111, 1017812.874791339 212826.23450225592, 1017812.2501206696 212830.43757784367, 1017811.0339157581 212839.39753367007, 1017809.7881833464 212848.5796019286, 1017809.6251259297 212849.78137117624, 1017806.999803096 212869.10941649973, 1017804.3124725074 212888.4532098323, 1017801.6874777526 212907.79667508602, 1017799.0624830127 212927.12504850328, 1017796.3748243451 212946.468513757, 1017793.7498295903 212965.81263516843, 1017790.9998350888 212985.4530158341, 1017788.3125045002 213005.10914450884, 1017785.5625100136 213024.75018133223, 1017782.8751794249 213044.40631000698, 1017780.1251849234 213064.0470187515, 1017777.4375262558 213083.70314742625, 1017774.6875317544 213103.3435280919, 1017771.9998730868 213122.99998484552, 1017769.312542513 213142.64069359004, 1017766.5625480115 213162.2968222499, 1017763.874889344 213181.93753100932, 1017761.1248948425 213201.59365966916, 1017758.4375642538 213221.2343684286, 1017755.6875697523 213240.8908251673, 1017753.0002391785 213260.53120583296, 1017750.2499165833 213280.17191459239, 1017747.5622579306 213299.82804325223, 1017744.812591508 213319.46875201166, 1017743.3132506758 213330.43362508714, 1017742.1249328405 213339.12520875037, 1017741.9868097603 213340.11306767166, 1017739.374938339 213358.76558941603, 1017737.5626060069 213371.95322708786, 1017736.6876077503 213378.42171809077, 1017736.4372801781 213379.60937975347, 1017726.9989788383 213439.37861716747, 1017725.8123014271 213448.20307458937, 1017725.062631011 213453.7188115865, 1017722.3126365095 213473.24994049966, 1017719.4999780953 213492.7813975066, 1017716.7499835938 213512.32827442884, 1017713.9999890924 213531.859403342, 1017711.2499945909 213551.39053225517, 1017708.5000000894 213570.93740917742, 1017705.6873416752 213590.4685380906, 1017702.9373471737 213609.99999508262, 1017700.1876807511 213629.54687200487, 1017697.4376862496 213649.07800091803, 1017694.6873636693 213668.60945792496, 1017691.8750333339 213688.1563348323, 1017689.1873746663 213707.6405478418, 1017686.5000440925 213727.14050884545, 1017685.5134975016 213734.29239742458, 1017683.9751147628 213745.44624650478, 1017683.812385425 213746.6250499189, 1017681.1250548363 213766.12501092255, 1017678.3750603348 213785.60922391713, 1017675.687729761 213805.1091849208, 1017673.0000710934 213824.59372600913, 1017670.3127405047 213844.0936870128, 1017667.6250818372 213863.57822808623, 1017664.8747592568 213883.0624410957, 1017662.1874286681 213902.56273017824, 1017661.5768655837 213906.98923049867, 1017660.906263262 213911.85142549872, 1017660.3527866751 213915.8651970029, 1017659.7596120089 213920.1630886793, 1017659.5000980943 213922.04661509395, 1017656.8124394268 213941.54690417647, 1017655.314082846 213952.26801133156, 1017640.0913442522 213950.22831726074, 1017441.4250749201 213922.93211200833, 1017397.7739155143 213917.13520759344, 1017397.3332995921 213920.24871842563, 1017382.6676465124 213917.95607209206, 1017283.4578711689 213903.8189612627, 1017183.9623352587 213889.6405119151, 1017125.9604827613 213880.57852217555, 1017025.4646207541 213866.9729063362, 1016926.3683622628 213853.55725075305, 1016882.1519152522 213846.4932885021, 1016880.6935848445 213856.96505233645, 1016866.3491253406 213855.01033183932, 1016830.5434226692 213850.16290058196, 1016826.6395590901 213849.63468642533, 1016793.7167246789 213845.17767433822, 1016765.9352841675 213841.41652700305, 1016732.1597611755 213836.8440295905, 1016685.7605757564 213830.56287416816, 1016666.8386975974 213828.00119949877, 1016623.0661473423 213821.8483246714, 1016618.3125479221 213851.70325183868, 1016615.8125529289 213871.15629692376, 1016613.312229842 213890.5939220935, 1016610.8125629276 213910.04663908482, 1016608.6875671744 213926.98459734023, 1016608.3749037534 213929.50001224875, 1016608.3749037534 213930.4219264239, 1016608.3125679195 213931.32809258997, 1016608.2499040067 213932.23425875604, 1016608.0625684261 213933.1404249221, 1016607.8125689179 213934.01542317867, 1016607.5625694245 213934.89042142034, 1016607.1875701696 213935.7342517525, 1016606.5625714213 213936.9530813396, 1016606.0625724196 213937.71882784367, 1016605.4999095052 213938.45307834446, 1016604.9375746697 213939.15616092086, 1016603.9375766665 213940.1092430055, 1016602.8749147505 213940.96882133186, 1016602.1249162555 213941.46882033348, 1016601.3122538477 213941.9219034165, 1016600.5002475977 213942.31232258677, 1016599.6252493411 213942.6561539173, 1016598.7502510846 213942.92190141976, 1016597.8752528429 213943.14073300362, 1016579.249962002 213940.60924200714, 1016559.6876651794 213937.93733133376, 1016540.6250392497 213935.32808458805, 1016529.3347075135 213933.78773334622, 1016525.0499391705 213933.20308883488, 1016521.5000775009 213932.71850974858, 1016502.4374515861 213930.12501101196, 1016483.3124898374 213927.51576425135, 1016464.1875280887 213924.92193742096, 1016445.1249021739 213922.3123625964, 1016425.9999404252 213919.7031158358, 1016406.9376425892 213917.1092890054, 1016397.8123327643 213915.85961958766, 1016387.8126808405 213914.49971416593, 1016386.6250191778 213914.15621092916, 1016348.2225369215 213909.0991344154, 1016339.2501139194 213974.34375458956, 1016339.1415183395 213975.1390285939, 1016337.93745251 213983.96873533726, 1016336.5001194179 213994.31254667044, 1016333.875124678 214013.48442433774, 1016331.2501299232 214032.65630200505, 1016330.8718498349 214035.41777941585, 1016330.2793313414 214039.74519859254, 1016328.6251351684 214051.8278515935, 1016326.0001404285 214071.00005733967, 1016323.3751456738 214090.17193500698, 1016320.3872907609 214111.25653851032, 1016305.8220311701 214108.96093942225, 1016205.2129804194 214094.85630883276, 1016157.885975346 214436.26310634613, 1016099.7899629176 214428.11876566708, 1016085.39858751 214531.9358152598, 1016084.033104673 214542.19891808927, 1016081.1459713429 214541.78356458247, 1016076.5626471788 214541.12477324903, 1016057.3123575896 214538.37510684133, 1016051.8750325143 214537.59361234307, 1016038.0623960942 214535.62511233985, 1016037.4967804253 214535.59361633658, 1016036.9377264231 214535.56244842708, 1016036.3396305144 214535.45254050195, 1016035.7500647604 214535.34361684322, 1016035.213648513 214535.15431275964, 1016034.6874028444 214534.96894566715, 1016034.1424564272 214534.6963084191, 1016033.6250690073 214534.43745067716, 1016033.1329440027 214534.11461667717, 1016032.625071004 214533.78128400445, 1016032.2234970033 214533.38725592196, 1016031.8124085963 214532.98436959088, 1016031.4311757535 214532.5316145867, 1016031.0624100864 214532.09362334013, 1016030.5624110848 214531.34362484515, 1016030.3163485974 214530.82853400707, 1016030.0624120831 214530.29703900218, 1016029.9052601755 214529.73864117265, 1016029.7500767559 214529.18778926134, 1016029.6240927577 214528.6060975045, 1016029.5000772625 214528.03129550815, 1016029.5000772625 214527.4486194998, 1016029.5000772625 214526.85938183963, 1016029.5620850027 214526.28457984328, 1016029.6250770092 214525.7032161653, 1016029.749748677 214525.13431967795, 1016029.8750765026 214524.5624704212, 1016032.625071004 214505.12484525144, 1016032.7307138443 214504.3587706685, 1016035.3124015927 214485.67212826014, 1016038.0000602603 214466.23450309038, 1016040.6873908341 214446.78112992644, 1016043.3750495017 214427.3435047567, 1016046.1250440031 214407.89078775048, 1016048.8123745918 214388.45316259563, 1016051.5000332594 214369.00011751056, 1016052.7388759255 214360.0398335904, 1016053.2454365939 214356.3764550835, 1016054.1873638332 214349.5624923408, 1016055.3582932502 214341.0880998373, 1016055.81367293 214337.7934870124, 1016055.9235808402 214336.99624450505, 1016056.3517295867 214333.8958570063, 1016056.6834218353 214331.4952712506, 1016057.2421477586 214327.45230033994, 1016059.5623530895 214310.65640217066, 1016062.3126756698 214291.2187770009, 1016065.0000062585 214271.76573191583, 1016067.6250010133 214252.48427441716, 1016070.2499957532 214233.20314501226, 1016072.874990508 214213.9216874987, 1016075.4999852628 214194.6405580938, 1016080.7499747574 214156.0779711753, 1016082.4517430067 214143.58029276133, 1016039.099467501 214137.5848979205, 1015939.7364772558 214123.59608075023, 1015950.9654574245 214043.40628050268, 1015850.9607361704 214029.32658424973, 1015807.6776862592 214022.43158492446, 1015805.5933728367 214037.49487499893, 1015802.9998740852 214056.23433883488, 1015800.3125435114 214075.64046800137, 1015797.6248848438 214095.0626732558, 1015794.9375542551 214114.46880242229, 1015792.2498955876 214133.89067958295, 1015789.5625650138 214153.29680874944, 1015786.8749063462 214172.70293791592, 1015784.1875757575 214192.12514317036, 1015781.4999170899 214211.53127233684, 1015781.3529357612 214212.59327809513, 1015780.7446692586 214216.98565775156, 1015778.8125865012 214230.93740150332, 1015776.1252559274 214250.3592786789, 1015773.4999330938 214269.76573592424, 1015770.8126025051 214289.1876130849, 1015768.1249438375 214308.5937422514, 1015765.4376132637 214327.99987141788, 1015762.750282675 214347.42207667232, 1015758.8877575845 214375.2215617597, 1015744.3152801692 214373.107720837, 1015544.1775570959 214347.32988525927, 1015529.7454993427 214345.4174875021, 1015530.3193170875 214341.26788949966, 1015530.3101307601 214341.2665771693, 1015530.8262058347 214337.52642717957, 1015533.3747571707 214319.04680533707, 1015536.0627439171 214299.5780122578, 1015538.7500745058 214280.09379924834, 1015541.5000690073 214260.6092581749, 1015544.187399596 214241.14046509564, 1015546.8750582635 214221.65625208616, 1015547.5876552612 214216.4899238348, 1015548.6562226713 214208.7428920865, 1015549.5623888373 214202.1720390916, 1015552.2500475049 214182.70324601233, 1015554.9373780936 214163.218704924, 1015557.6250367612 214143.73416383564, 1015560.312367335 214124.2653707564, 1015563.0000260025 214104.78148584068, 1015565.6873565912 214085.31269276142, 1015568.3750152588 214065.82815167308, 1015571.0623458475 214046.34361058474, 1015573.2024334222 214031.19469074905, 1015573.812340334 214026.87481750548, 1015576.4999990016 214007.3906045109, 1015579.1876576692 213987.90639150143, 1015581.8749882579 213968.43759842217, 1015584.5626469254 213948.95305733383, 1015587.2499775141 213929.46884433925, 1015589.9376361668 213910.00005126, 1015592.6249667555 213890.51583825052, 1015594.3749632537 213877.9843672514, 1015595.0783739239 213872.7803094238, 1015605.9070924222 213795.7716051787, 1015608.1875996739 213779.34348842502, 1015608.5625989288 213776.5626540929, 1015611.2499295026 213757.17161676288, 1015612.5458586663 213747.82977192104, 1015613.0744009167 213744.0194120854, 1015613.9375881702 213737.79698358476, 1015614.3073380888 213735.1267133355, 1015616.6249187589 213718.4062743336, 1015619.3125774264 213699.01556508243, 1015621.9999080002 213679.64060384035, 1015624.6875666678 213660.2498945892, 1015625.442814514 213654.8030550927, 1015626.0254905075 213650.60457266867, 1015627.3748972565 213640.8749333322, 1015630.062555924 213621.48422409594, 1015632.7498865128 213602.10959091783, 1015639.6406207532 213552.31408683956, 1015597.688933 213546.49716934562, 1015494.6074462533 213532.06445541978, 1015447.8463849276 213525.51722441614, 1015395.3117130846 213518.16192416847, 1015354.3373855948 213512.59435001016, 1015353.8724915087 213515.94900208712, 1015353.0624537617 213521.6563397497, 1015350.3124592602 213541.046720922, 1015347.5624647588 213560.43743017316, 1015344.8748060912 213579.81239141524, 1015342.1248115897 213599.2031006664, 1015339.3751451671 213618.59380991757, 1015336.6251506805 213637.96877117455, 1015333.937492013 213657.35948042572, 1015333.4325717539 213660.92016883194, 1015331.1874975115 213676.75018967688, 1015328.43750301 213696.1248228401, 1015325.6875085086 213715.51553209126, 1015324.1251756698 213726.8435934186, 1015322.9375140071 213734.90624134243, 1015320.0625197589 213755.29694858193, 1015319.8748560846 213756.2500306666, 1015319.6251846701 213757.15619683266, 1015319.25018543 213758.04661500454, 1015318.8125222623 213758.8904453367, 1015318.249859333 213759.67193983495, 1015317.6248605847 213760.40619033575, 1015316.9375260025 213761.06235700846, 1015316.1251916736 213761.64076791704, 1015315.312529251 213762.14076691866, 1015314.4375310093 213762.5626820922, 1015313.5625327528 213762.87501741946, 1015312.6251986772 213763.09384900331, 1015311.6875365078 213763.21884875, 1015310.6875385046 213763.2500166744, 1015309.7498763353 213763.1719328463, 1015291.6875765026 213760.7031057626, 1015287.8749200851 213760.17193883657, 1015272.3126152605 213758.03119508922, 1015264.9097429216 213757.01380866766, 1015260.662048012 213756.42982034385, 1015252.8749900907 213755.35928441584, 1015233.4376929998 213752.68737375736, 1015214.0624036789 213750.00004316866, 1015194.625106588 213747.32813251019, 1015175.1874814183 213744.6562218368, 1015155.8125201762 213741.98431117833, 1015136.3748950064 213739.31240050495, 1015117.4375969172 213736.70315375924, 1015098.3126351684 213734.04666300118, 1015097.3123090863 213733.8435794264, 1015096.3749750108 213733.54666399956, 1015095.4373128414 213733.1562448442, 1015094.5623145849 213732.6716657579, 1015093.749980256 213732.10933092237, 1015092.999981761 213731.45316424966, 1015092.3126471788 213730.71858567, 1015091.7499842644 213729.9219993353, 1015091.2499852628 213729.07816900313, 1015090.8126501739 213728.1716747582, 1015090.4999867529 213727.21859267354, 1015090.2499872595 213726.25009067357, 1015090.1249875128 213725.26551258564, 1015090.1249875128 213724.2655145824, 1015090.1873233467 213723.26551659405, 1015092.8749820143 213703.89088341594, 1015093.5626446754 213698.9689772576, 1015095.5623125881 213684.5467620045, 1015098.3126351684 213665.20329675078, 1015100.9999657571 213645.8595034182, 1015103.6876244247 213626.53145809472, 1015105.1298787594 213616.38449674845, 1015105.7972002625 213611.69224892557, 1015106.4376189262 213607.18733666837, 1015109.1249495 213587.8435433358, 1015111.8126081675 213568.50007808208, 1015114.562602669 213549.15595667064, 1015117.2499332577 213529.81249141693, 1015119.9375919253 213510.46869808435, 1015122.687258333 213491.12490475178, 1015125.3749170005 213471.7811114192, 1015128.0625756681 213452.4376461655, 1015130.8125701696 213433.09352475405, 1015132.5966873467 213420.25267116725, 1015133.2420272529 213415.60766734183, 1015133.4999007583 213413.75005950034, 1015136.1875594258 213394.40626616776, 1015138.9375539273 213375.06247283518, 1015141.6248845011 213355.7186795026, 1015144.3125431687 213336.3752142489, 1015146.9998737574 213317.03109283745, 1015149.7498682588 213297.68762758374, 1015152.4375269264 213278.34383425117, 1015155.1248575002 213259.0000409186, 1015157.8751800954 213239.656247586, 1015160.5625106692 213220.3127823323, 1015160.873533681 213218.07262933254, 1015161.2695302516 213215.22519408166, 1015163.2501693368 213200.96866092086, 1015166.0001638383 213181.62519566715, 1015168.687494427 213162.28140233457, 1015169.2009448409 213158.58685591817, 1015171.3751530945 213142.93728092313, 1015174.1248195022 213123.59381566942, 1015176.8124781698 213104.25002233684, 1015177.812476173 213097.03120476007, 1015179.7829446793 213082.6135826707, 1015186.7284688354 213031.93159742653, 1015147.9860922545 213026.3817397505, 1015135.9375599176 213024.79709725082, 1015131.74990426 213024.20293833315, 1015112.3749430031 213021.48443983495, 1015093.0626456738 213018.76561325788, 1015073.6873563379 213016.04678666592, 1015054.3127231747 213013.32828816772, 1015051.1919945031 213012.88898459077, 1015035.0000977516 213010.60946159065, 1015028.8140865117 213009.74135309458, 1015024.2770220935 213009.1045433432, 1015015.6251365095 213007.89063499868, 1014999.9998396784 213005.7033034265, 1014996.2498471737 213005.1718084216, 1014976.8748859167 213002.45298184454, 1014957.5625885874 212999.73415525258, 1014940.3749589175 212997.3283201754, 1014938.1872992516 212997.01565675437, 1014937.6590850949 212997.00778275728, 1014937.1249654293 212996.9999087602, 1014936.6039690971 212996.9159194231, 1014936.0626315922 212996.8283211738, 1014935.5724750906 212996.6751062572, 1014935.06230551 212996.51565775275, 1014934.5846161693 212996.29256108403, 1014934.1249714196 212996.07799458504, 1014933.6535156667 212995.78731276095, 1014933.187637344 212995.5002398342, 1014932.8103415072 212995.14656600356, 1014932.4373107553 212994.79682917893, 1014932.0603430122 212994.3962394297, 1014931.6876403391 212993.99991475046, 1014931.4094256759 212993.559626922, 1014931.1249774247 212993.1091684997, 1014930.9064739197 212992.6255736649, 1014930.687314257 212992.14066649973, 1014930.5318027586 212991.63443392515, 1014930.3749789298 212991.1249205023, 1014930.2818032503 212990.60458034277, 1014930.1873152554 212990.07833467424, 1014930.1873152554 212989.54946434498, 1014930.1873152554 212989.01567275822, 1014930.2499791682 212988.4913955927, 1014930.3126430959 212987.9687588364, 1014930.4271441698 212987.44480974972, 1014930.4993225038 212987.18890476227, 1014933.2499731779 212967.71879933774, 1014933.6594211757 212964.8211673349, 1014934.1436721683 212961.3920403421, 1014935.9999676794 212948.2500062585, 1014938.7502902597 212928.78121317923, 1014941.4999566674 212909.31242008507, 1014941.7443787605 212907.5424105078, 1014943.9874844998 212891.33148492873, 1014902.5069244206 212885.21929241717, 1014697.0716397613 212856.63503201306, 1014683.3610372543 212854.65504908562, 1014684.0601828396 212849.90702709556, 1014684.0467314273 212849.90505859256))","QN","LP-01831","Yes","Jackson Heights Historic District","No","DESIGNATED","DESIGNATED","BOUNDARIES DIFFER (SLIGHTLY) FROM TIME OF PUBLIC HEARING","12/4/1990",,"10/19/1993",,"15107.411006216054","5493668.097405628"
"POLYGON ((983199.5066822618 205925.12953808904, 983207.9682795107 205946.16361676157, 983306.2754975855 205992.54606992006, 983696.3019485027 206175.1559409201, 983718.5000668466 206185.4616945833, 983789.1695449203 206080.11676092446, 983845.8482373357 205997.12808175385, 983897.9632905871 205921.0120922625, 983919.8530105948 205897.517716676, 983934.4527189285 205886.15979975462, 983985.4860814214 205856.84883475304, 984011.9164747596 205839.79834392667, 984291.8473453373 205659.22390192747, 984360.0204373449 205615.41099742055, 984569.3858322501 205480.0320030898, 984611.8135689199 205452.48218941689, 984784.3624364287 205340.2028864175, 984981.7436033338 205214.0348316729, 985200.0568150133 205072.14239892364, 985221.3326910883 205104.9559815824, 985341.2455090135 205291.72037184238, 985459.2488819212 205473.71377424896, 985465.9293147624 205483.15863725543, 985467.3302305937 205484.64223009348, 985468.9952535033 205486.4060060829, 985470.53560476 205488.0372364223, 985472.7347473353 205489.7193196714, 985475.8502266705 205492.102188915, 985477.3072447628 205492.86990392208, 985479.3075688332 205493.9237075895, 985481.2800058424 205494.9630755931, 985483.1973248422 205496.14351941645, 985485.7540782541 205497.80427725613, 985488.042131424 205499.2904947549, 985489.369228512 205500.617591843, 985490.8570864201 205502.10544975102, 985492.3118079305 205503.95682400465, 985494.1772897542 205506.33116309345, 985495.4203975052 205508.2701355964, 985529.5922451764 205561.20277251303, 985595.9533329308 205664.94862800837, 985694.3573355973 205816.7209622562, 985830.4889530838 206024.40099309385, 985756.7302423418 206065.24999275804, 985770.3575116694 206089.8680537492, 985806.6966778338 206154.2074920088, 985815.9479716718 206170.58705241978, 985812.1638585031 206172.67792750895, 985859.3842364997 206256.28274717927, 985872.9757447541 206280.82436475158, 985846.502700597 206295.4677081704, 985859.4406668395 206318.7478453368, 985908.381513834 206405.39826259017, 985912.9766490012 206402.85922567546, 985925.3657318354 206424.79389308393, 985934.3322493434 206419.82769566774, 985969.2022583336 206481.5651050061, 985981.8042672575 206505.1247691661, 985986.2183004171 206502.67234624922, 985999.6982603371 206527.50628608465, 986051.2234197557 206620.24986700714, 986041.1446997523 206626.57629792392, 986031.164076671 206629.66979567707, 986031.5184066743 206630.30791775882, 985838.65101026 206738.00750550628, 985811.5851195008 206753.12132042646, 985809.5460815877 206749.45203642547, 985721.1227020025 206798.82890617847, 985679.3777067512 206809.0152375102, 985750.6400314271 206937.70920583606, 985595.2630455941 207023.99282592535, 985608.953963086 207047.97768609226, 985659.3285342604 207138.52802991867, 985376.0600719303 207295.65796500444, 985353.5181222558 207254.67806008458, 985352.0955529213 207252.09177917242, 985345.672009334 207240.41430908442, 985305.2892160863 207262.56748001277, 985285.2902403474 207273.65111926198, 985301.1107467562 207302.43879133463, 985310.3735235035 207319.27832458913, 985310.8987849206 207330.7231835872, 985277.5602689236 207349.0994591713, 985241.2233993411 207369.26772592962, 985243.7729349285 207370.51870767772, 985130.8486200869 207432.98839899898, 985053.9396531731 207475.53424566984, 985004.1743327528 207385.06362609565, 984990.5555935949 207359.76708875597, 984858.5850570053 207432.84273000062, 984673.9952030927 207535.0239560902, 984685.8682108372 207556.88119584322, 984737.6463225037 207650.84393441677, 984791.3647190034 207621.06905959547, 984843.0716365874 207714.9031895101, 984864.6454123408 207753.93132667243, 984862.7815709263 207754.976928249, 984861.0368237644 207755.9090130031, 984865.9111578465 207765.05171126127, 984871.5883118361 207775.5316771716, 984914.8346164227 207854.6053379178, 984897.5032862574 207864.12172308564, 984878.8255020976 207874.37728001177, 984852.7258167565 207888.70796000957, 984809.667832002 207912.34964500368, 984811.1264905035 207915.01991525292, 984775.1101583391 207934.7898888439, 984766.9185736775 207939.29348875582, 984682.796694681 207985.9968074262, 984632.7075560093 208013.70147642493, 984568.319233343 208049.315578416, 984513.7694736719 208079.48743408918, 984394.7264046669 208145.3311344236, 984388.0377697498 208133.08739250898, 984299.6160305887 208181.63749225438, 984257.0846195966 208205.4934156686, 984247.2011091709 208187.44358301163, 984205.60965693 208210.64137125015, 984117.0176425129 208260.03595750034, 984134.1754165888 208291.58740359545, 984111.7190966755 208304.10804784298, 984045.2753319293 208341.08796074986, 984031.6211597621 208316.2933909297, 983988.6258389205 208340.26578392088, 983923.0908650011 208376.80540899932, 983936.6413628459 208401.72399434447, 983915.0249362588 208413.77646367252, 983903.2155766785 208392.0596435964, 983832.5119779259 208431.48082458973, 983815.4575500935 208440.98966383934, 983825.9240645915 208460.237000674, 983804.8260096759 208472.0004285872, 983785.4284106791 208482.81569567323, 983760.0341045111 208496.97478808463, 983751.5675860047 208501.69492299855, 983738.8510760069 208508.78546001017, 983731.6732688397 208512.78709241748, 983714.3567024171 208522.44225683808, 983701.6352711767 208499.04827475548, 983682.4571599215 208509.74116675556, 983695.6090365052 208533.925501585, 983630.3493245095 208570.311583668, 983631.1560814232 208571.79517650604, 983607.9809309244 208624.57427042723, 983617.363458097 208641.83801542222, 983548.060119003 208680.47835808992, 983504.6517412513 208705.11216709018, 983495.6058275849 208688.71554633975, 983487.8893075883 208676.1686554253, 983449.6626780033 208698.34840108454, 983358.219947502 208749.59633009136, 983295.1577376723 208634.34229551256, 983280.7073072642 208608.21045801044, 983182.7061909288 208664.7260930091, 983130.4106918424 208667.539407596, 983059.3038786799 208669.1083020866, 982815.8575151712 208665.20542275906, 982809.4224886745 208665.10240459442, 982756.2647865862 208664.38751100004, 982735.0722436756 208489.1335964203, 982694.6011960059 208489.2572838366, 982626.3762668371 208489.2641735822, 982626.8631425053 208509.51872625947, 982581.7146107554 208509.5331619233, 982582.1132320017 208526.13319434226, 982547.2432230115 208526.13155391812, 982486.0245134234 208526.1512389183, 982460.9586186707 208526.51672375202, 982460.7867030054 208512.1939177513, 982438.7004610896 208512.15586009622, 982339.5192290097 208511.51970650256, 982339.5536777526 208535.80049784482, 982285.2197969258 208535.44879250228, 982271.2572264224 208535.3579134196, 982254.2802262604 208535.24800550938, 982246.9383774251 208535.20043341815, 982201.6422081739 208534.90679883957, 982155.5461717546 208534.62038208544, 982137.5163521767 208534.50325633585, 982131.7958911806 208534.46618291736, 982131.7342115045 208494.08273351192, 982131.674828425 208448.68485842645, 982131.5580307543 208425.990350008, 982004.4598597586 208426.40734392405, 981990.3719614297 208201.63745225966, 981975.9133289307 207987.45809058845, 981964.4320526719 207797.91385026276, 981962.8126333356 207771.18227642775, 981954.7060222626 207637.95485259593, 981945.5164080858 207492.1080314219, 981939.45474042 207391.30902041495, 981930.2900605947 207241.21286392212, 981926.2798980027 207183.79237508774, 981912.1076822579 206980.94402749836, 982124.2496464252 207021.3576605916, 982315.4697364271 207057.78475308418, 982314.615735501 207053.27951276302, 982314.0356841683 207050.22013567388, 982281.393689096 206883.54691259563, 982278.7647573352 206870.14995776117, 982269.712282002 206824.0227534175, 982268.2956181765 206816.8052481711, 982265.082370013 206800.4394672513, 982260.0410415083 206774.65113300085, 982235.3412877619 206646.95289759338, 982214.6362766773 206542.56924809515, 982209.4476387501 206516.014511168, 982197.5647885054 206447.53170850873, 982190.3577819169 206405.15154391527, 982166.5789580941 206282.27449308336, 982086.2247880846 205885.2083580941, 982268.7762602568 205862.0112259984, 982265.1099290103 205832.3580700904, 982258.7549548447 205780.67772725224, 982252.5581168383 205730.29331359267, 982249.5105507523 205705.50136841834, 982293.0980620086 205700.0568255037, 982294.4806051701 205699.8842536658, 982291.3684066683 205674.57492108643, 982283.2814805955 205675.58508966863, 982281.7319430113 205663.18124309182, 982282.4760360122 205663.08839550614, 982282.2073357552 205660.93518458307, 982281.4632427543 205661.0283602625, 982279.9143613428 205648.6245136708, 982280.6584543437 205648.53166608512, 982280.3897540867 205646.37845517695, 982279.6456610858 205646.47130276263, 982278.8402165025 205640.0215125084, 982282.8096967638 205639.52577859163, 982281.8802366704 205632.08353625238, 982277.9504545033 205632.57434892654, 982277.058724001 205625.43164667487, 982272.8047955036 205594.05178816617, 982382.7924364209 205580.3759625107, 982349.8384340852 205320.36664000154, 982373.4289380908 205317.35844391584, 982500.1816373467 205300.0238329172, 982524.0182038397 205297.1777100116, 982686.7495056689 205277.62820842862, 982694.8039515018 205276.66626809537, 982717.3882239163 205274.08753308654, 982732.6998730898 205273.24763976038, 982740.7805655897 205273.44777059555, 982743.065666005 205273.8011163324, 982749.875035584 205274.99632392824, 982775.4392889291 205282.32898642123, 982794.9507328421 205290.11834092438, 982879.1231366694 205323.72162017226, 982917.320566833 205338.97093351185, 982950.6981247514 205352.29603809118, 983013.7983922511 205497.0070347488, 983018.655009836 205508.03588408232, 983079.4544289261 205646.08810141683, 983113.9671551734 205726.30710108578, 983138.2751774192 205782.80698809028, 983140.6593590081 205788.34864367545, 983163.5326728374 205841.51356358826, 983199.5066822618 205925.12953808904))","MN","LP-00489","Yes","Greenwich Village Historic District","No","DESIGNATED","DESIGNATED","BOUNDARIES DIFFER (SLIGHTLY) FROM TIME OF PUBLIC HEARING; PREVIOUSLY HEARD AS SEVERAL SMALLER HISTORIC DISTRICTS (LP-0490 THROUGH LP-0507)","12/21/1966; 2/7/1967; 2/28/1967",,"04/29/1969",,"16095.294061707193","9482209.847037932"
"POLYGON ((1047507.8488658369 193315.647539258, 1047426.1551315933 193255.1010724157, 1047413.4701175839 193246.159817338, 1047418.9681380838 193238.45510834455, 1047383.672276929 193212.92563183606, 1047303.2928445041 193153.18493767083, 1047291.4667526782 193169.31449858844, 1047267.8142409176 193201.5732923448, 1047187.5529185086 193141.92052450776, 1047139.983787924 193105.5859515071, 1047059.2221384197 193046.52307750285, 1047035.3163463473 193079.09453466535, 1047025.0542277545 193093.6381407529, 1046943.2794569284 193033.1444953382, 1046942.5947470069 193032.70617601275, 1046941.9461262524 193032.29082250595, 1046940.2174551785 193030.69436900318, 1046938.7771693468 193028.79214183986, 1046937.5360300839 193025.88926050067, 1046937.1009915918 193022.76361058652, 1046937.1974480897 193021.1852016747, 1046937.5022375137 193019.63369558752, 1046938.7122088373 193016.719331339, 1046939.5957372636 193015.40798226, 1046941.3408125043 193013.01855133474, 1046947.5855506808 193004.4851038456, 1046968.2741575837 192976.18758825958, 1046931.8460808396 192948.6522102505, 1046852.0555580109 192889.25764401257, 1046825.5982618332 192925.10337284207, 1046813.3072759211 192942.2926429212, 1046808.5339915007 192940.60038909316, 1046804.7026343346 192939.05314809084, 1046798.5789589286 192936.54987224936, 1046793.7623675019 192933.47343483567, 1046726.7208349258 192880.0417831689, 1046724.7401958406 192878.47223250568, 1046723.9521396756 192876.29605574906, 1046723.8172974288 192875.09494267404, 1046723.9042395055 192872.47683767974, 1046725.5495774299 192869.63530792296, 1046732.9472004175 192858.4624300003, 1046696.8052123338 192832.0018530041, 1046615.9293898344 192772.38156542182, 1046644.3013803363 192733.6634670049, 1046657.3049632609 192715.91743950546, 1046686.8590380102 192675.58615534008, 1046719.3684874177 192631.22108659148, 1046745.9671875089 192594.9226027578, 1046787.3427609205 192538.45814876258, 1046706.0568342507 192478.20269183815, 1046670.6258027554 192451.8028102517, 1046627.1682125032 192511.24101158977, 1046617.235489592 192503.99135416746, 1046535.2855222523 192443.9770385027, 1046454.0527450889 192554.7202553451, 1046452.0153475851 192543.87086759508, 1046371.5322408378 192496.62194633484, 1046318.6442232579 192465.08624824882, 1046303.8059983402 192456.64105516672, 1046219.2221780121 192432.8737142533, 1046357.4748542607 192248.79665458202, 1046275.7532329261 192188.95819158852, 1046237.5564589202 192162.11572559178, 1046174.7872275114 192273.7949641794, 1046150.9700179249 192316.87985175848, 1046108.3309955895 192391.4613955021, 1046091.4330635071 192384.86429584026, 1046043.9000220895 192367.56774251163, 1046046.0394535065 192364.69012358785, 1046011.8892593384 192339.55828408897, 1045978.9697057605 192315.3322826773, 1045947.5465402603 192292.340858832, 1045902.9567344189 192259.39374625683, 1045862.7783370912 192230.51585125923, 1045841.0802177638 192340.47987017035, 1045753.516416505 192496.17804959416, 1045791.8821534216 192517.8801059276, 1045848.0749544203 192549.14743183553, 1045852.5605097562 192602.24082958698, 1045853.2232380956 192604.65158592165, 1045909.1010790914 192635.74371534586, 1045904.7001692504 192643.7085944265, 1045939.3966221809 192663.01465816796, 1045952.0507963449 192669.97363375127, 1045910.5623622537 192745.0709245056, 1045897.9462457597 192738.0318965912, 1045810.562562257 192689.4086342603, 1045830.0251217633 192654.1859356761, 1045742.412436083 192605.4350489229, 1045703.6464375108 192584.3937524259, 1045673.8725469261 192637.19384367764, 1045661.3709315062 192630.40612758696, 1045573.1568690836 192580.72381225228, 1045691.2839294225 192371.44995258749, 1045602.8690800071 192321.65412041545, 1045551.4518600106 192292.8175639212, 1045375.1005066782 192195.39748317003, 1045335.9371991754 192174.24135750532, 1045301.9297212511 192235.63001425564, 1045292.5878764242 192250.31436808407, 1045286.3838205934 192256.8002475053, 1045280.9871778339 192260.31467616558, 1045275.0321372598 192263.14242641628, 1045268.9166639298 192264.6975414157, 1045262.87304084 192264.57286976278, 1045256.6788275093 192263.257255584, 1045250.6460311711 192261.44000200927, 1045243.8707822561 192258.6608080864, 1045241.142113179 192257.2060865909, 1045051.8308120072 192151.51896201074, 1045048.933836177 192149.30735225976, 1045047.2799680978 192147.5255316794, 1045045.2888303399 192144.4714039266, 1045044.5375194997 192142.8080214262, 1045043.9597647637 192141.07869417965, 1045043.3987422585 192138.09018309414, 1045043.3068789244 192136.26964867115, 1045043.4020230919 192134.44517725706, 1045043.6799096763 192132.6400627494, 1045201.9975064248 191877.4837489277, 1045230.439050585 191832.71677808464, 1045407.3983423412 191536.12550775707, 1045420.2398520857 191541.26329275966, 1045710.8065281808 191661.22696359456, 1045941.664334178 191756.53943701088, 1045983.5477805883 191773.45180475712, 1046017.3210070133 191599.34979075193, 1046029.323935762 191541.68455176055, 1046038.6598750949 191544.3899269253, 1046139.2866423428 191576.2048239261, 1046204.3905147612 191597.01843059063, 1046464.8493114263 191679.95461642742, 1046518.4787973464 191696.7045829296, 1046618.8283341676 191728.46862700582, 1046641.9903613478 191672.28927741945, 1046661.7626315057 191626.4563638419, 1046851.7369890958 191199.64553767443, 1046858.79865475 191184.49760209024, 1046955.2915720046 191226.20257116854, 1047004.3495447636 191249.4351362586, 1047096.1626813412 191290.28938525915, 1047334.1133209169 191396.3695536703, 1047326.8761306703 191413.16446758807, 1047174.5985480845 191754.52828617394, 1047265.3093246669 191795.18273241818, 1047278.7905969173 191801.0301616788, 1047253.3483905941 191858.13667476177, 1047252.269980669 191859.34008441865, 1047251.4553497583 191860.09533225, 1047250.3661130965 191860.91554059088, 1047248.9743835926 191861.73804549873, 1047247.7900027633 191862.2698685825, 1047246.1702553332 191862.74985450506, 1047244.209629342 191863.07793784142, 1047215.8940691799 191867.93258692324, 1047212.3773439229 191868.11696974933, 1047210.5200641751 191868.07005384564, 1047203.574868083 191867.2475489229, 1047202.131301418 191866.93915058672, 1047199.2802572548 191866.18127809465, 1047119.7794320136 191841.31321759522, 1047082.3447955847 191891.6438255906, 1047025.5381506681 191967.56198084354, 1047063.4166838378 191994.3135677576, 1047143.5060905963 192052.80590483546, 1047190.8698410094 191988.33326475322, 1047234.8280864209 191928.49611409009, 1047248.1361306757 191926.03712950647, 1047228.5495556742 191952.69882158935, 1047301.2288722545 192005.77975216508, 1047337.2573435009 192032.46506625414, 1047451.2580997497 191878.20225141943, 1047452.3670214266 191876.12876474857, 1047453.2200380862 191874.8131505847, 1047454.670166418 191872.9594797492, 1047456.8814480901 191870.7383555919, 1047458.7298695892 191869.28002516925, 1047462.8263180852 191866.98836308718, 1047466.2800513357 191865.8600845039, 1047469.0730247498 191865.3577889204, 1047524.2664839178 191855.45623391867, 1047527.4761231691 191875.19996084273, 1047540.4774095118 191950.235243842, 1047562.5321554244 191966.39105142653, 1047621.6531001776 191885.71207892895, 1047631.3893011808 191873.0123011768, 1047623.6947627515 191867.35548834503, 1047646.5562655926 191833.47694717348, 1047652.7780379206 191832.3240623325, 1047759.1675889194 191812.7299414277, 1047789.6649032533 191807.61249758303, 1047825.6841881722 191834.2909219265, 1047890.1712639183 191881.6385962516, 1047904.4300936759 191892.10773542523, 1047938.2728737593 191916.349484846, 1047986.2776990086 191952.20177534223, 1048022.6155528426 191978.79653842747, 1048114.090107426 191852.00840617716, 1048205.4166964293 191730.57459391654, 1048208.8878180832 191728.64218309522, 1048211.0367639214 191727.90399558842, 1048274.8962162584 191716.45716808736, 1048413.5993509293 191690.83320358396, 1048507.8012622595 191673.53730642796, 1048565.4287716746 191679.67377708852, 1048578.1971188337 191688.00676567852, 1048658.553913504 191747.78682984412, 1048464.8958362639 192009.966423586, 1048358.0187534243 192154.80209192634, 1048438.8328962624 192214.2235610038, 1048475.3616945893 192240.61228775978, 1048607.1813128442 192061.81605742872, 1048622.5178963393 192072.8852609992, 1048692.5807483345 192124.36186408997, 1048605.8732445836 192258.88062392175, 1048534.6394631714 192359.0408566743, 1048479.4236943424 192436.15421950817, 1048464.085798502 192457.661066249, 1048452.1737488359 192475.59344509244, 1048360.2779352516 192598.84615133703, 1048252.0540703386 192743.99776391685, 1048132.5037845075 192904.34061908722, 1048059.911081925 193001.70262908936, 1047981.2504780889 192943.90910950303, 1047942.0920918435 192915.72937583923, 1047835.2031980008 193062.0916159153, 1047824.0877346694 193053.68185584247, 1047743.7972128391 192994.17574125528, 1047507.8488658369 193315.647539258))","QN","LP-02405","Yes","Addisleigh Park Historic District","No","DESIGNATED","DESIGNATED","BOUNDARIES DIFFER FROM TIME OF PUBLIC HEARING","3/23/2010",,"02/01/2011","02/09/2010","14777.766021178404","3473398.7236386915"
"POLYGON ((993406.0712428391 227710.6309145093, 993370.4712484181 227730.32378850877, 993363.606104672 227717.95406259596, 993314.42346026 227628.52871650457, 993308.2207167596 227631.96604558825, 993258.439976424 227541.4531032592, 993251.7254229188 227528.8317374289, 993270.7188232541 227518.29271650314, 993250.6663699299 227481.98373401165, 993200.543438673 227391.88745750487, 993287.018331334 227343.89411516488, 993441.2555556744 227258.29159608483, 993508.0569312572 227221.2165390104, 993457.1167444289 227129.65176150203, 993438.3418475837 227094.5501256734, 993331.6238851696 227153.56641183794, 993325.5648421794 227142.65731292963, 993275.330690667 227051.02265366912, 993133.4208695143 227129.5749900043, 993081.4163803458 227035.56730400026, 993077.0883050114 227027.6191571653, 993135.1354330033 226995.5732894987, 993242.8973565847 226935.91231958568, 993222.6559272557 226898.4780112505, 993172.8817485869 226808.1655278355, 993298.9451447576 226738.77327817678, 993249.9380249232 226649.85219617188, 993229.703157261 226612.5855384171, 992940.7591813356 226772.42642608285, 992756.7664390951 226874.3487944156, 992750.2447985858 226862.76843701303, 992700.5286906809 226772.56126834452, 992698.9538906664 226773.4333138317, 992650.2761665136 226685.10999967158, 992642.898884669 226671.42433150113, 992675.9769024998 226653.34431517124, 992655.6340954304 226616.9939941764, 992605.1656924188 226526.10769300163, 992537.9535565078 226563.3664767593, 992487.7633681744 226472.1511080116, 992482.8913306743 226463.2935141772, 992518.6957210004 226442.8726232499, 992499.1632797569 226408.74736341834, 992446.850720346 226315.04512301087, 992469.0432612598 226302.7413418442, 992418.9544506669 226212.7838445902, 992399.2878233343 226176.2281434238, 992251.9587216675 226257.25094725192, 992248.0479683429 226259.40645475686, 992246.7192308456 226260.00684726238, 992245.8005975038 226260.3283689171, 992176.9523100108 226297.8873489201, 992175.4923391789 226298.8420714289, 992170.8089495897 226301.45459900796, 992167.4428145885 226303.33090758324, 992085.9971113354 226348.61690625548, 992106.69227992 226386.92916558683, 992156.1836507618 226476.24919691682, 992138.6827015132 226485.93060800433, 992103.1561977565 226505.58411200345, 991988.9228304178 226568.77886751294, 991955.5793931782 226587.22436867654, 991910.6375539303 226612.0668386668, 991670.0353448391 226745.18894775212, 991620.544302091 226655.86891642213, 991613.7277146727 226643.46014858782, 991628.7952698469 226635.09500783682, 991686.8220566809 226602.99795916677, 991666.8447344303 226567.29199384153, 991615.5557950139 226474.72787450254, 991598.9301720858 226483.92536267638, 991549.185849011 226394.14929550886, 991543.6100727618 226383.7917046696, 991680.2784345895 226307.69343167543, 991659.1104979217 226269.8539404273, 991606.7365869284 226175.381688416, 991632.7909967601 226160.91813467443, 991580.2717448473 226066.20506951213, 991577.0660425872 226060.19720751047, 991695.570070669 225994.4873651713, 991659.3509830087 225928.77653859556, 991605.9472184181 225832.45750550926, 991301.5665935874 225998.46701601148, 991266.4675824195 226017.6093661785, 991268.6568825096 226021.5411168337, 991211.9627701789 226052.45804975927, 991135.2637765855 226094.29064325988, 991119.0577722639 226103.11313217878, 991105.6375235021 226078.9281411767, 991069.5365458429 226013.9345047623, 991068.9230300039 226012.6910689175, 991068.5883850008 226011.8282097578, 991068.1946850121 226010.4961914271, 991068.0109583437 226009.59068141878, 991067.9420608431 226009.13464559615, 991067.8501975089 226008.212731421, 991067.823950842 226007.28753642738, 991067.8603680879 226006.36562225223, 991067.9617458433 226005.44370809197, 991068.1225066781 226004.53491725028, 991068.3488841802 226003.63596892357, 991068.6343166679 226002.75670558214, 991068.9788041711 226001.8971272558, 991069.3823466748 226001.06707642972, 991069.8416633457 226000.26327225566, 991070.3534733355 225999.49227641523, 991070.917776674 225998.76065059006, 991071.2196133435 225998.40960142016, 991071.8560950011 225997.7403114289, 991072.8961191773 225996.81839725375, 991074.0214450061 225996.01131226122, 991077.4246534258 225994.10055492818, 991091.1847965121 225986.53232859075, 991108.0781354308 225977.22526058555, 991693.9791945964 225653.53201033175, 991674.8069888353 225618.96744692326, 991571.7340322584 225433.3552853316, 991565.468952924 225422.140084669, 991657.2794648409 225371.10278517008, 991658.6495408416 225370.3399914205, 991659.7486200035 225369.9528530836, 991723.2091230005 225335.01558700204, 991702.5995841771 225298.1911855936, 991701.7695333362 225296.85588642955, 991698.3748550862 225290.7200719267, 991690.9762478471 225277.36084666848, 991656.2151625007 225214.6808539182, 991609.7703735083 225130.9382392615, 991602.8392850012 225118.45073142648, 991601.9009666741 225116.76110225916, 991601.4285266697 225115.83590725064, 991601.0184225142 225114.8779039234, 991600.8379766792 225114.38905975223, 991581.7956919223 225079.83302649856, 991520.7725200057 225113.09313058853, 991508.5973475128 225119.86805142462, 991498.4877876788 225125.40216109157, 991312.7004295886 225227.21560575068, 991307.6764895022 225218.26549242437, 991256.8704887629 225124.90314634144, 991061.0093319267 225232.91047625244, 991049.2577150017 225211.50172641873, 990987.6026545912 225252.260175094, 990844.9316800833 225346.57691559196, 990855.8358577639 225366.61493325233, 990898.0352484286 225444.16136609018, 990917.2113911808 225479.31615142524, 990977.8388945907 225445.82540474832, 990984.8451141715 225458.6751165837, 991035.193438679 225549.34193000197, 990960.6732465029 225590.58233308792, 991011.5510975122 225682.20124433935, 991017.6186706722 225693.3029281795, 990933.5105711669 225740.37698100507, 990932.968905583 225740.68045808375, 990932.4305208474 225741.03150725365, 990931.5870185941 225741.21687434614, 990859.6452333331 225777.4257914275, 990858.5428733379 225778.2263147533, 990857.1219444275 225779.05078817904, 990849.8453841805 225783.08358851075, 990847.9746530056 225784.12098801136, 990841.505505845 225787.7079230845, 990765.61753425 225829.71341650188, 990761.5168206692 225822.31710584462, 990710.0782752633 225729.72903642058, 990709.379129678 225730.11715900898, 990657.3050868362 225636.38506300747, 990637.9439050853 225601.3697130829, 990615.0942132622 225613.7259875834, 990611.5118713379 225607.2515910864, 990568.4748839289 225529.78488250077, 990589.4889495075 225514.7235609293, 990583.2222297639 225503.443727836, 990570.3774391711 225480.32336725295, 990530.3168237507 225408.21425950527, 990524.072413668 225396.83895416558, 990535.4424696714 225390.68476700783, 990514.3755826801 225352.46863609552, 990463.6801460087 225260.96914717555, 990452.7523463368 225267.03114292026, 990428.310138002 225222.92296342552, 990401.857106924 225175.18158908188, 990388.5484065115 225151.2003378421, 990387.9936175942 225151.50808000565, 990375.2551260144 225128.57111801207, 990323.6177620888 225035.37675058842, 990271.8750834167 224941.9927510023, 990252.5729566664 224907.46755759418, 990253.6956578344 224906.84452733397, 990248.2146976739 224897.0866728425, 990196.0218886733 224804.65903617442, 990020.7774884999 224901.73134858906, 989968.1575150043 224808.59898892045, 989924.2435608357 224729.62834633887, 989872.949372083 224636.31193192303, 990048.9637838453 224539.5496582538, 990100.2576445043 224632.86607266963, 990107.1746254265 224645.66361925006, 990200.2266046703 224594.0935124159, 990201.5166283399 224593.34023308754, 990264.251082927 224558.571273759, 990258.8984033465 224549.07522974908, 990258.225832507 224548.00895892084, 990253.3833225071 224539.3049080819, 990251.0782090127 224535.15990325809, 990248.9036726803 224531.24718141556, 990238.4965412617 224512.49918742478, 990153.8595714271 224360.0106472522, 990152.927486673 224358.32101808488, 990152.3992725015 224356.86760891974, 990128.5344908386 224314.8598189205, 990088.77505593 224241.7231541723, 990105.3990384191 224232.34948524833, 990192.930687502 224183.99328275025, 990231.2245741785 224252.98494267464, 990252.2999913394 224291.06327858567, 990520.8466983438 224142.46252591908, 990499.6909007579 224104.67191909254, 990448.0850328356 224010.0431713462, 990446.3412699252 224011.02348433435, 990398.8561286777 223923.95115192235, 990378.5359593332 223885.9860047549, 990342.9654924273 223904.867528677, 990021.0908080935 224085.09485851228, 990015.7492833436 224088.0656530857, 990014.3614908457 224088.6594839245, 990013.2755350024 224088.97772476077, 990012.163332507 224089.18441726267, 990011.0380066782 224089.27628058195, 990009.5321041793 224089.2172255963, 990008.4133400023 224089.0367797613, 990007.3208225071 224088.74478559196, 990006.264394179 224088.3445239216, 990005.253897503 224087.83599475026, 990004.3024558425 224087.22575975955, 990003.4166308343 224086.52366141975, 990002.6062650084 224085.73298059404, 990001.8812008351 224084.8635597527, 990001.4514116794 224084.24676309526, 990000.8917015046 224083.2946652621, 989999.6312053353 224081.01711075008, 989972.065971762 224031.165176332, 989897.8889547586 223896.95054975152, 989873.0002250075 223852.17701725662, 989866.805683583 223841.04547783732, 989770.008633092 223666.80993391573, 989769.1093566716 223665.42214141786, 989768.41053918 223663.92280058563, 989743.9161655903 223619.64795476198, 989743.1714164168 223618.5488755852, 989742.9519286752 223618.16829891503, 989715.6022458375 223569.00501142442, 989659.5180404186 223468.1521947533, 989651.1568366736 223453.11613558233, 989644.2411680967 223440.67849642038, 989641.9511464238 223436.56105059385, 989641.3044941723 223435.3602655828, 989640.7861225009 223434.1004255861, 989616.5538875014 223389.09067308903, 989615.59424375 223387.41449533403, 989612.7674777508 223382.30558167398, 989522.5530912578 223218.9899634272, 989516.6361083388 223208.27738642693, 989513.8116389215 223203.15928642452, 989512.8729925007 223201.52215059102, 989488.5095241666 223156.75189892948, 989487.7975833416 223155.67578558624, 989486.8402361721 223153.9336630851, 989477.9632854164 223137.61151725054, 989387.5855134279 222971.29196800292, 989386.771210596 222969.79033058882, 989385.6586800069 222968.52064809203, 989385.1698358357 222967.83495391905, 989384.7334850132 222967.11317059398, 989384.1691816747 222965.98128308356, 989341.8562741727 222894.91843308508, 989337.6075950116 222887.02868509293, 989332.5104923397 222877.55560691655, 989298.8212552518 222814.86281892657, 989297.6700108349 222812.7204347551, 989296.0656833351 222808.97044225037, 989294.5827466697 222805.1712372601, 989292.8868839294 222800.281155169, 989291.9810458422 222797.44159391522, 989290.8622816801 222793.5209980905, 989289.601457417 222788.32317383587, 989289.0053300112 222785.58138142526, 989288.071604833 222780.40553875268, 989286.1605194211 222768.83764851093, 989284.821283251 222760.66738925874, 989282.6050803363 222747.04044800997, 989280.0683400035 222731.42466558516, 989277.3485291749 222714.68257309496, 989274.6287183464 222697.94048058987, 989271.9092355967 222681.19838808477, 989266.4463200122 222628.2982314229, 989265.5703375041 222607.89800976217, 989264.9076091796 222589.25303392112, 989264.2481616735 222570.60805809498, 989263.5854333341 222551.9663630873, 989262.925985843 222533.32138726115, 989262.2632575035 222514.67969225347, 989260.2826184183 222458.7480455935, 989259.5290110111 222437.4961195886, 989258.8905608356 222419.79996076226, 989258.2412839234 222404.0588505119, 989257.759001419 222392.2029030919, 989257.6569675058 222389.6668189168, 989256.928622514 222328.19384475052, 989256.7941083461 222327.2325605899, 989256.7284916788 222326.26471476257, 989256.026393339 222305.49703975022, 989249.874830842 222127.9055314213, 989249.4680075049 222112.93180808425, 989249.4155141711 222110.88128726184, 989249.044780001 222095.23499308527, 989246.5021341741 222041.3801139295, 989246.4135516733 222040.310562253, 989246.358105585 222038.4053823352, 989245.8656525016 222021.46873642504, 989243.346300587 221934.00007933378, 989263.976508677 221922.69662424922, 989307.6411195099 221898.40106917918, 989320.467537418 221921.74944767356, 989340.0826556683 221910.90005992353, 989333.7588494271 221899.38892808557, 989363.983526513 221882.6993289292, 989357.1508630067 221870.26168975234, 989363.5389735848 221866.72856034338, 989360.7368138433 221861.62719258666, 989375.7876367569 221853.30240608752, 989375.9900641739 221853.67051558197, 989397.8666608334 221841.57014608383, 989397.6645615101 221841.20203658938, 989407.2898703367 221835.8779002577, 989407.4922977537 221836.2456816733, 989556.6432461739 221753.74781517684, 989537.516644001 221718.93095567822, 989507.3224786669 221663.96649867296, 989500.5892244279 221651.87006616592, 989576.6884816736 221609.85538642108, 989640.5249681771 221574.87776608765, 989620.2349825054 221538.60880975425, 989618.7960090041 221536.0438542515, 989610.6867732555 221521.49893583357, 989569.9571959227 221448.42854392529, 989584.6225209236 221440.19463650882, 989718.9526328444 221365.7905858457, 989666.8349549174 221272.29011666775, 989662.4917877614 221264.46336066723, 989750.3738298416 221216.04285383224, 989729.181286931 221178.65808609128, 989679.738472417 221089.7806391716, 989941.4354555905 220944.90888167918, 989892.2833229303 220856.47270683944, 989885.8706060946 220844.6718774289, 989995.3726836741 220784.0981796682, 989973.6748924255 220745.02443891764, 989907.5011402518 220625.7602417618, 989925.0260395855 220616.0269934982, 989890.4926440865 220553.787944749, 989871.7207000107 220520.09050558507, 989854.0366802514 220529.77618175745, 989847.3129404187 220517.51570758224, 989794.614883095 220423.1812505871, 989773.8678773344 220434.63726441562, 989725.4536040872 220347.9717553407, 989706.0369762629 220313.01250767708, 989640.7756238431 220349.22306516767, 989634.4449278414 220337.58988633752, 989598.5207870901 220273.07853242755, 989575.8311999291 220285.61984592676, 989567.1812828332 220270.03654375672, 989545.9907084256 220281.72385634482, 989491.1030229181 220183.16007709503, 989485.3632050008 220172.8362788409, 989507.5380294174 220160.53938741982, 989486.7044096738 220123.25993442535, 989385.4431292564 219939.62545917928, 989380.7082305849 219930.98964966834, 989592.6992764175 219815.6394866705, 989600.9243255854 219811.0965167582, 989602.8567364216 219810.02926167846, 989604.0837680846 219809.43543083966, 989604.9335039258 219809.11390917003, 989605.8062055856 219808.84816166759, 989607.1382239163 219808.56929083169, 989608.4964889288 219808.42821501195, 989609.4052797556 219808.4150916785, 989610.7668255866 219808.5135166794, 989612.1086864173 219808.75301750004, 989612.9879497588 219808.98923750222, 989614.0607822537 219809.37276692688, 989615.4945064187 219810.05550834537, 989616.6493597627 219810.7805725038, 989617.725473091 219811.62046584487, 989618.7031614184 219812.56862667203, 989619.5824247599 219813.6152125001, 989620.5699555874 219815.14079999924, 989628.4390343428 219829.2913622558, 989636.2595567554 219843.33103233576, 989668.6276022643 219901.66621750593, 989685.3401672542 219932.1221933365, 989710.4122955948 219977.80123583972, 989719.496923089 219994.29070417583, 989719.9070272595 219995.12731666863, 989746.5372233391 220041.6826697588, 989747.0949650109 220042.48975475132, 989749.8042771667 220047.39591291547, 989842.3411655873 220216.84012784064, 989846.1334808469 220223.71642641723, 989846.5927975029 220224.64818309247, 989846.9504083395 220225.62259058654, 989870.2312016785 220266.541143924, 989870.6609908342 220267.18418724835, 989871.2617114186 220268.2337258458, 989877.8574987501 220279.8734663427, 989971.9232555032 220448.24977000058, 989972.990182504 220450.15954308212, 989973.7519920021 220451.81472350657, 989997.3241233379 220494.83465059102, 989997.8195291758 220495.5006597489, 989999.4107333422 220498.27132350206, 990007.5964125097 220513.18435142934, 990074.723574847 220633.40163066983, 990089.942048341 220661.45505225658, 990097.8583710939 220675.98881584406, 990098.2097483426 220676.648591429, 990123.8888308406 220723.2298630923, 990124.866519168 220724.1845855862, 990125.4603500068 220724.87356059253, 990126.2608733475 220725.97920142114, 990135.5653166771 220742.8787739277, 990222.1438836753 220901.34171159565, 990225.2862658352 220907.10416725278, 990225.8932200074 220908.4165005833, 990226.313166678 220909.8010122627, 990250.6208608449 220951.3724514246, 990251.3820141703 220952.50761975348, 990252.3003194183 220954.1582069993, 990260.994855836 220969.92556391656, 990316.0475672632 221069.36860650778, 990351.4507116675 221132.6450547576, 990352.1921800077 221134.19360809028, 990376.0143108368 221178.15021309257, 990376.9066975117 221179.22304558754, 990377.6809741706 221180.38446058333, 990415.7287983447 221249.7281539291, 990475.9058433473 221356.64887183905, 990476.9537415057 221358.49926184118, 990478.2844475061 221360.8499789238, 990478.861874178 221362.0015514195, 990479.3179100007 221363.205617249, 990503.323767513 221405.0756122619, 990504.6341323406 221407.49916383624, 990507.6675908417 221413.20879809558, 990548.8492670059 221490.4356777519, 990555.8991216719 221503.65153059363, 990603.2087383419 221584.4955290109, 990604.36949718 221586.47124683857, 990605.3150333464 221588.0936189294, 990606.059782505 221589.7110697627, 990629.4225966781 221634.9340764284, 990630.2624900043 221636.22016309202, 990631.2533016801 221637.9950939268, 990639.8359616697 221653.38220225275, 990678.094087258 221721.97983409464, 990730.3246258348 221816.60694141686, 990756.4236550033 221863.52941974998, 990757.4374325126 221864.9926714152, 990758.0476675034 221866.09503142536, 990759.4325072616 221868.63308408856, 990766.2467980832 221881.12420083582, 990798.8185833395 221940.95052476227, 990822.2043633461 221982.46947059035, 990861.6990350038 222051.95423975587, 990902.1648333371 222128.09910058975, 990903.817061007 222130.9078220129, 990904.7311011702 222132.5400365889, 990905.936479345 222134.69226326048, 990926.1903758347 222170.6187005937, 990951.9055474997 222217.60449901223, 990996.4418757558 222298.9504649192, 991006.2164625078 222316.82903808355, 991032.4598483443 222361.87159892917, 991057.1740377545 222406.17269141972, 991088.6798802614 222463.2693620026, 991134.1587919295 222546.37057375908, 991158.4307250082 222590.00434476137, 991159.1984400004 222590.87048475444, 991159.8677300066 222591.81536474824, 991160.5662194192 222593.04403683543, 991161.1692365855 222594.14475642145, 991162.3710058331 222596.33963392675, 991171.3411322534 222612.72378750145, 991180.4657859206 222629.29363626242, 991226.0618233383 222712.1957014203, 991262.2651630044 222778.26971626282, 991262.869492501 222779.41341476142, 991263.4272341728 222780.8537005931, 991263.7848450094 222782.3563222587, 991288.3845333457 222822.49403725564, 991289.1588100046 222823.5045339167, 991289.8251472563 222824.59048976004, 991290.4107760042 222825.66299417615, 991290.9452237636 222826.64297908545, 991297.3979667574 222838.5150025934, 991305.2608119249 222852.82173250616, 991310.8152627498 222863.12551766634, 991319.3854555935 222878.84497442842, 991327.3542716801 222893.24061492085, 991336.5474947542 222909.98926909268, 991344.6065337509 222924.8297905922, 991352.9382100105 222940.17096725106, 991362.4198183417 222957.6263129264, 991371.7869255841 222974.7496382594, 991381.6819189191 222992.9339850843, 991387.9282975048 223004.5081089288, 991390.6152999997 223009.4293589294, 991417.1342758387 223054.83609224856, 991420.9531658441 223061.57492391765, 991428.0135191679 223074.08802226186, 991436.0089100003 223088.6221139282, 991446.2277215868 223106.7398598343, 991452.4524466693 223118.04462724924, 991460.7664064169 223132.85955825448, 991468.0652763397 223145.887419343, 991476.610206753 223161.12164084613, 991486.6357772499 223179.15966250002, 991494.7056430131 223193.6445416659, 991503.7988006771 223209.94569016993, 991511.664926678 223224.18286642432, 991518.1219347566 223235.72483809292, 991522.8765184283 223244.1457530111, 991560.2734252512 223311.40382058918, 991562.573617503 223315.23616200686, 991564.8275500089 223319.35656058788, 991570.8183516711 223330.31093500555, 991631.838898927 223441.46950533986, 991685.7364289165 223538.506712839, 991716.1399114281 223593.6014189273, 991723.4528889209 223606.8887939155, 991731.6060878336 223621.70175641775, 991776.553176418 223703.30297116935, 991841.5907760113 223821.47333849967, 991954.8795914203 224025.97949117422, 992017.9897014201 224140.59474749863, 992028.271833092 224160.10323867202, 992073.4226614237 224240.3356897533, 992082.4016460925 224256.46656300128, 992121.499665007 224326.64785309136, 992168.7206991762 224412.5925630927, 992176.7390558422 224427.17914809287, 992179.0422008336 224431.3687722534, 992203.6418891698 224474.7938822508, 992207.7265266776 224482.11342142522, 992249.8393033445 224558.56011892855, 992305.6800709218 224658.7780943364, 992307.6777703464 224662.34632867575, 992308.5760625005 224663.99297891557, 992331.5681425035 224706.417434752, 992332.7164341807 224707.8905289173, 992333.8611169308 224709.89774274826, 992335.9250891805 224713.6221447587, 992351.9322750121 224742.4541080892, 992361.2990541756 224759.32087226212, 992417.270070836 224859.49783726037, 992436.663076669 224893.97283391654, 992437.5193741769 224896.12177975476, 992459.4550258368 224937.55870474875, 992461.2020695955 224940.27917174995, 992469.9700966775 224956.0593239218, 992479.3434375077 224972.91952642798, 992526.2002991736 225057.2205389291, 992561.859676674 225121.47565975785, 992565.1634758413 225127.42052975297, 992565.5702991784 225128.24073809385, 992588.8084416687 225169.24787391722, 992624.1338303387 225232.88127684593, 992667.266290009 225310.858483091, 992690.6783166677 225353.32230892777, 992696.3738433421 225363.62740641832, 992734.0345291793 225431.79656141996, 992734.9137925059 225433.15482641757, 992737.838983506 225438.45632500947, 992743.81797418 225449.2899647504, 992788.7811388373 225530.69859458506, 992838.6373383403 225620.74303391576, 992839.2967858464 225622.04552476108, 992863.8210150003 225665.67732726038, 992866.7704841793 225670.93978391588, 992914.0144841671 225756.0150730908, 992963.1908950061 225845.90006391704, 992964.9756683409 225849.15793141723, 992965.5104441792 225850.26029142737, 992966.0452200025 225851.8055639267, 992989.303047508 225891.93343642354, 992990.2052766681 225892.93409058452, 992990.9959575087 225894.02004642785, 992993.7551383376 225898.91176892817, 993030.6710750014 225965.35848642886, 993039.2130526751 225980.8784684986, 993077.7792485058 226051.14177942276, 993091.3894575089 226076.19815975428, 993092.002973333 226077.52033558488, 993118.8369091749 226125.2170905918, 993121.0547525138 226129.16393308342, 993208.6434880942 226289.04583117366, 993211.0217641741 226293.40573059022, 993217.2425522506 226304.77513042092, 993218.4397283345 226307.08680558205, 993245.1129033417 226351.12543141842, 993246.4547641724 226353.04799975455, 993253.170630008 226365.73170141876, 993260.2900383472 226379.25529642403, 993284.3618405908 226424.23650567234, 993314.2236575037 226478.16914059222, 993322.3470008373 226492.4374847561, 993330.4703441709 226506.70254808664, 993338.5969683379 226520.97089225054, 993345.7590275109 226533.48070976138, 993348.5182083398 226538.6348989159, 993369.915803343 226579.3139514178, 993371.3068766743 226581.34478725493, 993380.0404550135 226597.40118558705, 993388.5640600026 226613.040918082, 993397.0843841732 226628.68065059185, 993450.2306033373 226725.02888308465, 993471.8611375093 226765.04192642868, 993496.9660741687 226808.69997559488, 993498.2784075141 226810.81611308455, 993499.5490742624 226813.10547858477, 993505.7423033416 226824.26424892247, 993554.9252758473 226913.286380589, 993563.0519000143 226928.04684975743, 993599.4593075067 226994.4771630913, 993622.589182511 227037.6398064196, 993623.4684458375 227039.5394089222, 993633.0091091692 227056.78674975038, 993687.8646425009 227154.11923225224, 993696.8081941754 227169.8311430961, 993698.9374550134 227173.5791670829, 993732.5663247555 227232.78377309442, 993747.6086175144 227259.93266892433, 993748.353366673 227260.75615808368, 993748.7044158429 227261.1859472543, 993749.3605825007 227262.08161476254, 993749.6657000035 227262.5442122519, 993750.2234416753 227263.50221559405, 993750.4793466777 227263.99762141705, 993750.7155666798 227264.49958892167, 993750.9353825003 227265.008118093, 993751.1355133355 227265.52648974955, 993751.3192400038 227266.04814225435, 993751.4865625054 227266.57963725924, 993751.880262509 227267.32241791487, 993762.9776812643 227288.25052566826, 993770.7083088458 227302.85318675637, 993814.0684583336 227383.2001389265, 993849.8967987597 227445.60093276203, 993851.0500116795 227447.60945892334, 993851.8144458383 227448.85945641994, 993852.2475158423 227449.73215809464, 993852.6215308458 227450.63438725471, 993852.9332100004 227451.55958224833, 993874.3570516706 227491.34624809027, 993875.1739791781 227491.98929142952, 993875.6792275012 227492.46501225233, 993876.5814566761 227493.51487892866, 993877.1621641666 227494.37773808837, 993880.2595989257 227500.00108642876, 993886.1942983419 227510.79502809048, 993929.8654708415 227590.20759892464, 993980.0458166748 227681.36555309594, 993981.3355122507 227683.7070838362, 993981.9618233442 227684.88916808367, 993982.4080166668 227686.04074059427, 993982.6343941689 227686.93968892097, 993982.7689083368 227687.8550414294, 993982.8017166704 227689.09191559255, 993982.7131341696 227690.0138297528, 993982.4542764276 227691.22117641568, 993982.0307208449 227692.38259142637, 993981.6107741743 227693.20936141908, 993981.1088066697 227693.98691892624, 993980.3214066774 227694.93836058676, 993979.6488358378 227695.5748422593, 993979.4093350023 227695.7716922611, 993978.6547433436 227696.31302975118, 993978.1265291721 227696.62798975408, 993966.2121829242 227703.1840790063, 993961.5599612594 227705.7457536757, 993946.7214082628 227713.92487117648, 993930.6141570061 227722.87465642393, 993697.125778839 227852.58207416534, 993540.1769457608 227939.51759584248, 993533.7527460009 227943.06516091526, 993526.383666262 227929.74661800265, 993477.3854046762 227840.6952869296, 993426.1719244272 227747.6183733344, 993406.0712428391 227710.6309145093))","MN","LP-01647","Yes","Upper West Side/Central Park West Historic District","No","DESIGNATED","DESIGNATED","BOUNDARIES AS HEARD DIFFER FROM DESIGNATED (NAME ALSO CHANGED, BUT LP STAYED THE SAME); INCORPORATES DESIGNATED LP-0713 AND LP-0964","1/12/1988",,"04/24/1990",,"29236.049980122974","10189853.448774042"
"POLYGON ((1011317.0852895081 196437.47134809196, 1011320.0209791809 196430.34865891933, 1011358.0950500071 196343.68544642627, 1011366.6065159291 196321.70386308432, 1011396.5201700032 196223.718494758, 1011398.7517928332 196216.6220522523, 1011406.9105691761 196219.20078726113, 1011486.2266835123 196248.5429201722, 1011611.7297133356 196296.73015975952, 1011626.656848833 196257.72892542183, 1011678.5324012637 196125.63043634593, 1011695.9746235907 196131.27707858384, 1011680.9313465953 196169.58408859372, 1011767.2651634216 196202.52890458703, 1011803.1223751754 196216.02658100426, 1011799.8205445111 196224.51114408672, 1011807.5718413442 196227.35431425273, 1011902.5040661693 196263.40443900228, 1011940.0564845055 196277.63111658394, 1011905.4738765061 196367.58664533496, 1011902.2996702641 196375.9465367496, 1011960.1099220961 196397.90023300052, 1011964.415031597 196397.57444626093, 1011968.3556405008 196395.81132642925, 1011970.9301104248 196393.4999793321, 1012029.8315674216 196239.66925024986, 1012021.6294840872 196236.97896692157, 1011924.6723289192 196205.5157752484, 1011820.338548094 196171.7763414234, 1011869.7767694294 196043.42161124945, 1011873.2239410132 196035.4088319987, 1011880.968020007 196038.58106975257, 1012069.4814225137 196110.54942975938, 1012112.8507583439 196127.1996589154, 1012288.6735694259 196193.86323951185, 1012301.6272836775 196160.66350275278, 1012334.4201970845 196075.18762384355, 1012127.2149028331 195996.04867450893, 1012160.2811096758 195910.12693034112, 1012176.8148692548 195867.24151742458, 1012210.0342910141 195780.7364410907, 1012256.1509966701 195798.2780726701, 1012289.110576421 195712.45016033947, 1012301.3664574176 195678.41643574834, 1012185.7994313389 195634.16554000974, 1012189.6360378414 195623.62750333548, 1012222.0277053416 195539.07911600173, 1012497.8660644293 195643.7626336664, 1012530.9680323452 195557.36057551205, 1012546.1372933388 195518.15691375732, 1012135.6197416782 195361.36129559577, 1012103.3399505913 195348.73894549906, 1012088.9236408472 195386.23001225293, 1012027.2003390938 195550.46360766888, 1012017.4523270875 195546.72608233988, 1011930.6683799177 195514.32096342742, 1011902.9167950004 195587.9599237591, 1011895.3872825056 195607.9401987493, 1011981.825101763 195640.95686501265, 1011991.5426020026 195644.41715991497, 1011939.2589139193 195782.01990309358, 1011937.4807022512 195786.72035300732, 1011933.5335316807 195785.17278392613, 1011693.4054030031 195692.78025217354, 1011696.8821020871 195683.63328884542, 1011724.7481880933 195609.6915075928, 1011712.0073999166 195604.82537558675, 1011748.9249770045 195506.86494158208, 1011752.8311371803 195497.1159453392, 1011765.9669376761 195502.13693267107, 1011778.5492615849 195469.261998415, 1011807.5692166686 195392.2582154274, 1011686.0527274311 195346.88429042697, 1011677.2164590061 195343.77504467964, 1011710.6009066701 195242.72964309156, 1011723.1537030935 195205.00005975366, 1011679.5182916671 195188.98959308863, 1011583.4390875101 195152.9365155846, 1011578.5201340914 195150.78756976128, 1011575.2501275092 195148.97983059287, 1011197.9936641753 194860.47318975627, 1011188.4867934287 194853.15529100597, 1011196.5993100107 194846.74946391582, 1011266.9830275029 194790.7784472555, 1011311.5006550103 194756.89071975648, 1011510.719416678 194601.27095225453, 1011513.2909338474 194599.2693158388, 1011516.0310858339 194600.36872309446, 1011832.00814417 194721.34945225716, 1011884.5342858434 194741.58891308308, 1012079.412176922 194815.12091825902, 1012095.3530899286 194774.63051366806, 1012131.5150910914 194680.08936417103, 1012094.0312421769 194665.84825092554, 1012130.4776915908 194570.5633365065, 1012135.1604250073 194558.3015500009, 1012362.2990783453 194644.4106297493, 1012398.6507116705 194658.5707064271, 1012574.005347833 194725.03251574934, 1012618.9517802596 194609.13871867955, 1012748.9400373399 194658.39583800733, 1012752.2533509284 194649.71475300193, 1012923.168691501 194714.48102767766, 1012963.8044370115 194729.89339841902, 1012967.388419345 194720.44820733368, 1012980.2040105015 194724.99642658234, 1013232.3659077585 194820.7921667546, 1013195.6993144304 194916.69748675823, 1013180.2124687582 194956.22857567668, 1013344.679003343 195019.31145475805, 1013352.7301683426 195022.37903392315, 1013350.1612758338 195031.40132558346, 1013294.6594183445 195235.36089141667, 1013282.241136089 195286.25153766572, 1013225.7884930968 195485.89844809473, 1013210.7488250136 195534.77958391607, 1013183.4132497609 195637.51363041997, 1013168.8716121763 195631.94933709502, 1013058.900047347 195589.81621925533, 1013022.3755140901 195685.56569966674, 1013018.6009153426 195695.71528567374, 1012856.9978920966 195636.47459051013, 1012845.303689763 195674.50601050258, 1012793.5344363451 195853.8330796659, 1012779.3366300911 195888.0075520128, 1012962.2903324217 195958.40078392625, 1012959.033449173 195967.24689483643, 1012892.5385034233 196139.49097292125, 1012876.8725242615 196181.96464125812, 1012810.4192450941 196355.94460825622, 1012807.4973349273 196364.0243165046, 1012788.9219127595 196356.9393569231, 1012775.4078321755 196389.4648824185, 1012754.423622176 196444.21346059442, 1012725.7081284225 196435.27450208366, 1012694.0425093472 196517.02729134262, 1012656.4471120834 196505.31898142397, 1012621.0390464216 196596.60226342082, 1012606.130611673 196636.39844366908, 1012685.6206101775 196661.68940359354, 1012682.1908270121 196673.1490263343, 1012661.983846426 196738.01471026242, 1012190.5838705897 196589.56848484278, 1012155.9218664169 196701.54660734534, 1012120.6597978473 196690.39833566546, 1012107.745781675 196731.06492100656, 1012077.6283878386 196828.52174708247, 1012030.2242831737 196813.67072692513, 1011999.8162075132 196912.06948025525, 1011996.1065692604 196923.72562491894, 1011817.4100762606 196868.43997433782, 1011816.53901501 196867.8707497567, 1011816.033766672 196867.39830975235, 1011815.4986627549 196866.71589642763, 1011815.2365241796 196866.26642225683, 1011814.9084408432 196865.46261808276, 1011814.7503046691 196864.78873492777, 1011814.6853441745 196864.09779141843, 1011814.7378375083 196863.23165142536, 1011814.8421680033 196862.72279417515, 1011860.2554630041 196762.59602592885, 1011819.7860557586 196748.84146025777, 1011400.3111729175 196617.057603091, 1011430.5591439307 196518.85045042634, 1011444.0394319296 196477.4968585819, 1011324.810995847 196440.00087058544, 1011317.0852895081 196437.47134809196))","QN","LP-02448","Yes","Central Ridgewood Historic District",,"DESIGNATED","DESIGNATED","BOUNDARIES DIFFER FROM TIME OF PUBLIC HEARING","3/22/2011",,"12/09/2014","10/26/2010","13711.054600391546","2613591.2941998118"
"POLYGON ((994478.7377326787 171519.81875567138, 994489.6271465868 171441.0285589248, 994534.1825036705 171123.79855033755, 994608.7542049289 171134.27490733564, 994621.6318038404 171136.09117667377, 994621.2105448395 171139.12004201114, 994667.0631434172 171146.03308592737, 994760.3411720842 171205.584476009, 994758.4792991728 171218.45124816895, 994863.9587470144 171232.65627226233, 994912.5784004182 171239.43611434102, 994912.61875467 171239.15494692326, 994913.9999855012 171229.46861459315, 994916.624980256 171211.062483415, 994919.2499750108 171192.6560241729, 994921.6873060912 171175.54680642486, 994921.8749697506 171174.24989300966, 994921.8123058379 171173.73414599895, 994921.749970004 171173.218727082, 994921.7188020945 171172.7039643377, 994921.6873060912 171172.1872330904, 994921.6873060912 171171.6695175916, 994921.6873060912 171171.15639525652, 994921.7506261766 171170.63572700322, 994921.8126339167 171170.12490125, 994921.8752978444 171169.60751384497, 994921.9376336783 171169.09373533726, 994922.0636176765 171168.58947125077, 994922.1873050928 171168.093737334, 994922.3441289216 171167.59242600203, 994922.4999685138 171167.09373934567, 994922.6850075126 171166.6157219261, 994922.8749677539 171166.12490925193, 994923.0898623466 171165.66460834444, 994923.3126309216 171165.18757517636, 994923.7499660105 171164.2814090103, 994924.041632086 171163.82734167576, 994924.312300846 171163.40641075373, 994924.6308697611 171162.97629350424, 994924.9376276731 171162.56258042157, 994925.2778500915 171162.1682242602, 994925.6249622554 171161.765666008, 994925.9694497585 171161.3978845924, 994926.3126249164 171161.03108742833, 994926.7161674201 171160.68200676143, 994927.1249592602 171160.3283329159, 994927.9372935891 171159.68725809455, 994928.8122918457 171159.04683941603, 994929.8126179278 171158.50025258958, 994930.87495175 171158.06258942187, 994931.9372855872 171157.73450608552, 994932.9999475032 171157.51567450166, 994934.1249452531 171157.42184267938, 994935.2499430031 171157.4372625947, 994936.374940753 171157.57833842933, 994937.4999385029 171157.8125899285, 994938.5622723401 171158.18758916855, 994939.5622703433 171158.64067225158, 994940.5002605915 171159.2187550962, 994941.4375946671 171159.8906697482, 994942.2502570897 171160.6560881734, 994958.9375596792 171171.21873109043, 994975.5625264198 171181.79679392278, 994992.2498290092 171192.35943683982, 994999.999813512 171197.28134301305, 995006.1248012632 171201.14058725536, 995008.9374596775 171202.93749967217, 995025.5624264181 171213.51556250453, 995042.2500570863 171224.07820542157, 995058.9373596758 171234.65626825392, 995075.5623264164 171245.21891117096, 995092.2499570847 171255.79697400331, 995108.9375877529 171266.3592888415, 995125.5625545084 171276.93735167384, 995130.0625455081 171279.7654300034, 995142.2501851767 171287.51574258506, 995142.7095018476 171287.8372642547, 995143.1875192523 171288.17190925777, 995143.558909595 171288.5587195009, 995143.9375177622 171288.95307567716, 995185.4111880958 171313.381176427, 995188.7806039304 171315.52421675622, 995202.125065431 171323.98450167477, 995218.8750319183 171334.59373241663, 995235.6249984205 171345.20329125226, 995252.3123010099 171355.7971020937, 995269.062595591 171366.4060047567, 995285.8125620931 171377.01556359231, 995302.5625285953 171387.62479433417, 995319.2501592636 171398.2343531698, 995335.999797672 171408.82816401124, 995352.7500922531 171419.43772283196, 995369.5000587553 171430.04695358872, 995374.000049755 171432.92194783688, 995386.1873613447 171440.65618434548, 995443.3942679167 171475.9694339186, 995453.4998907596 171482.31259709597, 995469.1248595119 171492.14066141844, 995484.8124921769 171501.9687257558, 995500.5001248419 171511.79711817205, 995516.1250935942 171521.62518250942, 995531.8123981804 171531.4532468319, 995547.4373669177 171541.28131116927, 995563.1249995977 171551.10937550664, 995578.749968335 171560.937439844, 995594.4376010001 171570.76550416648, 995610.4375690073 171581.39048291743, 995626.4375370145 171592.03120967746, 995642.4375050068 171602.6561884284, 995658.437473014 171613.28116717935, 995674.4374410063 171623.92189392447, 995678.5624327511 171626.65614041686, 995690.4374090135 171634.54687267542, 995691.1877355874 171635.12495550513, 995691.8124062568 171635.79687017202, 995692.3750691712 171636.546868667, 995692.81240426 171637.35953108966, 995693.1874035001 171638.23452934623, 995693.3750671744 171639.1561154276, 995693.5000669211 171640.07802958786, 995693.4377310872 171641.0156917572, 995690.6877365857 171660.1875694245, 995690.1874095052 171663.7341502607, 995687.9997498393 171679.14061550796, 995685.3124192506 171698.0782416761, 995682.562424764 171717.01553975046, 995679.8750941753 171735.9531659186, 995677.1874355078 171754.89046400785, 995674.4374410063 171773.828090176, 995671.7501104176 171792.76571634412, 995669.000115931 171811.71876242757, 995666.3124572635 171830.6563885957, 995663.6251266748 171849.59368667006, 995660.8748040944 171868.5313128382, 995658.1874735057 171887.46893900633, 995655.4998148382 171906.4062370956, 995652.7498203367 171925.34386324883, 995650.0624897629 171944.29690933228, 995647.1248315871 171963.8907021731, 995644.187501505 171983.49991492927, 995641.3125072569 172003.0937077552, 995638.3751771748 172022.70324859023, 995635.4375190139 172042.2967133373, 995632.5001889169 172061.90625417233, 995629.7498663366 172079.42196717858, 995626.9998718351 172096.93735209107, 995624.2498773336 172114.4533931762, 995621.5002109259 172131.984198004, 995619.7502144277 172143.15609167516, 995618.9303341806 172148.35555633903, 995611.6537739187 172204.8820180893, 995609.8880294263 172217.1835026741, 995609.3122431785 172221.32817941904, 995608.9375720024 172223.93742617965, 995606.1872494221 172242.98430408537, 995603.4375830144 172262.0469300002, 995600.6875885129 172281.09347984195, 995597.9999298453 172300.15610575676, 995595.2499353439 172319.2029836774, 995592.4999408424 172338.2656095922, 995589.7499463409 172357.31248751283, 995587.0622876734 172376.37511342764, 995584.249957338 172395.21857967973, 995581.4999628365 172414.07812200487, 995578.749968335 172432.93733625114, 995575.9999738336 172451.79687859118, 995573.249979347 172470.64067292213, 995570.4999848455 172489.4998871684, 995568.9376520067 172499.99986617267, 995567.6876545101 172508.35942950845, 995564.9376600087 172527.21864375472, 995562.1873374283 172546.06243808568, 995559.312671259 172565.79697866738, 995556.3750130832 172585.51544317603, 995553.5000188351 172605.23456384242, 995550.6250245869 172624.95302833617, 995547.7500303388 172644.6718209237, 995544.8123721778 172664.3906135112, 995541.9373779297 172684.10940608382, 995539.0623836666 172703.82819867134, 995536.1250535846 172723.56241117418, 995533.2500593364 172743.2812037617, 995530.3750650883 172762.9999963343, 995527.5000708401 172782.71878892183, 995524.5624126792 172802.43725341558, 995521.687418431 172822.15637408197, 995520.7418822497 172828.69179408252, 995520.1185239255 172833.00051251054, 995519.0000878423 172840.73442092538, 995516.3747650087 172859.3124677539, 995513.68743442 172877.90626259148, 995511.0624396801 172896.48430942, 995508.3747810125 172915.06268434227, 995505.8751140833 172932.62498517334, 995505.6874504238 172933.64073117077, 995505.4374509305 172934.90647667646, 995505.0001158416 172936.1561460942, 995504.4374529272 172937.3438077569, 995503.8124541789 172938.46880550683, 995503.062455669 172939.51571942866, 995502.1874574274 172940.49996942282, 995501.3124591708 172941.3592196703, 995500.5001248419 172942.09379824996, 995499.5624626726 172942.73421692848, 995498.6248005033 172943.29687984288, 995497.6248025 172943.73421491683, 995496.6251325905 172944.07804626226, 995495.4998067617 172944.3126258403, 995494.4374729246 172944.437625587, 995493.3124751747 172944.437625587, 995492.2501413375 172944.32804575562, 995491.1874794215 172944.09379425645, 995485.2498272508 172940.39071767032, 995475.1248475015 172934.0938142538, 995471.2639628351 172931.67682434618, 995459.1252075881 172924.07808625698, 995443.124911502 172914.06268633902, 995427.1249435097 172904.0623782575, 995411.0623115897 172894.04697833955, 995395.0623435974 172884.04667025805, 995379.0623755902 172874.03127034009, 995363.000071764 172864.01554234326, 995347.0001037568 172854.01556234062, 995330.9998076707 172843.9998343438, 995314.9998396784 172833.98410633206, 995298.9375358373 172823.9844544232, 995282.937567845 172813.96872642636, 995266.9375998378 172803.96874642372, 995250.8749679178 172793.9530184269, 995242.5623205006 172788.7499448359, 995234.8749999255 172783.93761850893, 995234.0623375028 172783.35953567922, 995199.2517115921 172761.80708533525, 995188.0686630905 172755.0416789204, 995183.3124390095 172752.1719340086, 995171.437462762 172744.96886442602, 995154.7501601726 172734.89047250152, 995138.1248653382 172724.81240867078, 995121.4375627637 172714.73434484005, 995104.7499320954 172704.34394566715, 995088.062629506 172693.9528903365, 995071.3749988377 172683.5624911785, 995054.6876962632 172673.1720920056, 995038.0000655949 172662.78103667498, 995021.3124349266 172652.39063750207, 995011.9997895062 172646.57831317186, 995004.6251323372 172641.9999102503, 994999.999813512 172639.12491600215, 994994.0624894202 172635.4375874251, 994987.9375016689 172631.6095110923, 994987.12516734 172631.0156802535, 994938.6876001805 172602.49998925626, 994925.1249632537 172593.9842582494, 994908.2499970049 172583.35960759223, 994891.3123668432 172572.73430076241, 994874.3750647604 172562.10932201147, 994857.5000985116 172551.48434326053, 994840.562468335 172540.85936450958, 994823.6251662523 172530.23438575864, 994806.7502000034 172519.6094070077, 994789.8125698417 172508.98442825675, 994789.3060091734 172508.66651549935, 994775.49993442 172499.99986617267, 994772.9376035929 172498.3594495058, 994755.9999734163 172487.734142676, 994752.4999804199 172485.54681108892, 994739.0623432547 172477.10916392505, 994738.5964649171 172476.76762917638, 994738.1250091791 172476.42182934284, 994737.4376745969 172475.81257858872, 994682.6887683421 172443.06428450346, 994677.6248020977 172439.81265059114, 994676.3748045862 172438.96882025898, 994664.0624932498 172430.984584257, 994647.7498618364 172420.42194133997, 994631.4998943359 172409.87504641712, 994615.2499268353 172399.31240350008, 994598.9999593347 172388.7500886768, 994582.7499918342 172378.20319375396, 994539.6874139309 172353.87483033538, 994510.9998072535 172337.65635883808, 994498.9998312593 172329.56254300475, 994486.9998552501 172321.48414708674, 994439.4185855836 172290.38709641993, 994391.5630382597 172261.58498866856, 994366.4492433369 172245.61520433426, 994370.9991030097 172218.38855275512, 994474.2006682605 171517.00019176304, 994478.7377326787 171519.81875567138))","BK","LP-01236","Yes","Ditmas Park Historic District","No","DESIGNATED","DESIGNATED","BOUNDARIES DIFFER FROM TIME OF PUBLIC HEARING","2/10/1981",,"07/28/1981",,"5200.4540791229465","1575803.6198532535"
"POLYGON ((998838.4717953354 189131.9501980096, 998755.2636284232 189119.1359191686, 998489.7694087625 189080.43619342148, 998307.7222006768 189051.27713100612, 998089.5185688436 189018.18500559032, 998091.928012833 189002.40288491547, 998107.248848334 188901.66883441806, 998125.4413972497 188904.43293650448, 998140.9656444192 188802.35932175815, 998143.2671490014 188787.25666166842, 998198.8510273397 188795.82619833946, 998206.0983881801 188746.46868550777, 998221.1915338337 188645.7966427505, 998147.5958805084 188634.6660875827, 998162.8097608387 188533.19220916927, 998171.0692587644 188484.3658632487, 998089.3689628392 188471.89804042876, 998091.518892929 188456.36985625327, 998103.473265335 188375.44088426232, 998185.8992815912 188387.98088541627, 998188.9501285106 188367.3254149258, 998108.4912999272 188355.08462575078, 998123.3702071756 188254.35549651086, 998131.0818059295 188205.08689425886, 998109.3305370957 188201.7575045824, 998108.0260777622 188201.55835799873, 998106.4683380872 188201.25750559568, 998105.0641414225 188200.77522309124, 998103.631401509 188200.03736367822, 998102.5182147622 188199.25291642547, 998101.5969567597 188198.41663201153, 998100.7071947604 188197.39268392324, 998099.9027344286 188196.16007484496, 998099.2636280954 188194.80410642922, 998098.9007679224 188193.69091966748, 998098.6064771712 188192.12300942838, 998098.5516872555 188190.43075558543, 998098.705230251 188189.04525966942, 998115.6340021789 188078.2826859206, 998062.8329266757 188070.09241358936, 997962.296054259 188054.786341846, 997961.4965151697 188060.02517651021, 997209.9402755052 187945.60381741822, 997211.0482129306 187938.35087917745, 997152.7619121671 187929.47688117623, 997167.038130343 187836.00757992268, 997169.4666031748 187820.39114134014, 997228.2056589276 187829.29237025976, 997235.1150939167 187781.59823992848, 997250.7617161721 187679.38912676275, 997266.7777602524 187574.76925726235, 997268.5694233477 187562.50943925977, 997376.5111365914 187578.67344892025, 997384.3145986795 187532.03837159276, 997399.7669955939 187428.31449767947, 997637.1723606735 187464.68220709264, 997649.015512839 187385.18630309403, 997753.8427310139 187401.24434183538, 997800.225840345 187408.26499709487, 997804.4981415123 187381.01308308542, 997804.7760280967 187379.39891308546, 997805.1237964183 187378.26374475658, 997805.4879689217 187377.44681724906, 997805.9341622591 187376.67254059017, 997806.4558147639 187375.9507572502, 997806.8462339193 187375.5012830943, 997807.4866525978 187374.87825283408, 997808.18809475 187374.32674475014, 997808.6867814213 187373.9986614287, 997809.2051530927 187373.70666725934, 997810.018799752 187373.33921392262, 997811.1539680958 187372.98389966786, 997812.0332314223 187372.82084225118, 997812.9223372638 187372.75194475055, 997813.8147239238 187372.7749105841, 997815.1536320001 187372.95174750686, 998162.9117947519 187424.55958391726, 998223.0789972544 187434.53659808636, 998257.8374579251 187439.7898684293, 998265.5940040946 187389.2604419291, 998281.006374836 187288.74883192778, 998627.8616522551 187341.830746755, 998622.9397460967 187279.005741179, 998724.1760921776 187272.03429841995, 998792.4069268405 187265.68391741812, 998893.2098748386 187258.63373467326, 998893.2791004181 187259.63504500687, 998912.8856885135 187258.26365667582, 998914.6789920032 187284.2019250095, 998895.3617734164 187285.55264408886, 998902.1685183346 187384.00618733466, 998992.794977501 187397.4589163363, 998989.717227757 187416.3489704281, 999092.370893836 187431.5864727497, 999107.1113499254 187434.0808903426, 999091.0497022569 187522.40059559047, 999085.6953822523 187575.69773308933, 999053.320118919 187788.4400897622, 999046.8243970126 187831.94164317846, 999091.3745047599 187838.96492308378, 999345.57543993 187877.88413658738, 999343.1709171683 187893.8421099186, 999327.9527717531 187994.14013767242, 999661.0052552521 188044.7906269282, 999645.9255610108 188144.17592683434, 999637.8084512502 188195.57772691548, 999701.1472353339 188204.89791825414, 999698.5110857636 188220.15838642418, 999686.2519239187 188301.7517271787, 999665.5744718462 188298.6109854281, 999646.7451131791 188420.3023430854, 999638.5682922602 188468.19069875777, 999688.3296756744 188475.74186475575, 999710.5369803458 188479.14113616943, 999740.6861982644 188484.03417100012, 999742.0940038413 188484.2635012567, 999742.9939364195 188484.43279226124, 999743.9749055952 188484.71822474897, 999745.3699159175 188485.32944400609, 999746.3895989209 188485.95509892702, 999747.1901222616 188486.58501891792, 999748.1514064223 188487.54630309343, 999748.7780455947 188488.3501072526, 999749.2432677597 188489.08698242903, 999749.7655764222 188490.1315997541, 999750.1133447587 188491.08960309625, 999750.359407261 188492.08041475713, 999750.467674762 188492.75298558176, 999750.5329633355 188493.57581858337, 999750.5300105959 188494.4491764158, 999750.4250239283 188495.46295392513, 999750.3302078396 188496.07417316735, 999750.1222030073 188497.40980042517, 999733.9572090954 188601.8705495, 999719.3073040098 188599.69174808264, 999621.6605176777 188585.00214491785, 999606.1982782632 188686.4271389246, 999603.8498577625 188701.61116367579, 998975.3445530832 188606.62414892018, 998930.4437242597 188600.2439123392, 998923.3794339299 188644.4587189257, 998891.1091572642 188857.57180975378, 998882.5527439266 188910.17341059446, 998878.4346419275 188937.50997008383, 998927.1783108413 188944.93613633513, 999029.1213484257 188960.40460933745, 999005.3110285848 189119.01551258564, 998903.3676629215 189103.54703958333, 998854.4150049239 189096.08740884066, 998850.2647507638 189123.29535967112, 998849.8625205904 189124.94004142284, 998849.1571414173 189126.57389642298, 998848.3992689252 189127.7779622525, 998847.4320792556 189128.92133267224, 998846.1486172527 189130.03845642507, 998844.9445514232 189130.7996097505, 998843.6519030929 189131.3934405893, 998842.0072213411 189131.8606312573, 998840.8828797638 189132.02007976174, 998839.8166089207 189132.0594497621, 998838.4717953354 189131.9501980096))","BK","LP-02514","Yes","Bedford Historic District","No","DESIGNATED","DESIGNATED",,"1/15/2013",,"12/08/2015","05/15/2012","9658.260847767804","2527777.070412467"
"POLYGON ((988622.9161110073 224288.47634150088, 988782.3829836696 224199.96437941492, 988915.3748436719 224126.1249601692, 988916.3748416752 224125.62496116757, 988917.4375035912 224125.21879400313, 988918.5625013411 224124.93762658536, 988919.687499091 224124.78145892918, 988920.812496841 224124.73421491683, 988921.9374945909 224124.81262683868, 988923.0624923408 224124.99996241927, 988924.1874900907 224125.3126258403, 988925.2498239279 224125.73454099894, 988926.25015001 224126.26570792496, 988927.1874840856 224126.89070667326, 988928.0624823421 224127.62495717406, 988928.874816671 224128.43761958182, 988929.562479347 224129.3280377537, 988930.1874780953 224130.29686783254, 988932.5001375079 224134.4530275017, 988936.5624653399 224141.74992892146, 988943.6251152605 224154.43756759167, 988950.6247731745 224167.1094582528, 988959.6250832528 224183.50017350912, 988962.5502742529 224188.83251191676, 988965.7326825857 224194.6336814165, 988968.6250652522 224199.90630866587, 988977.6250472516 224216.29669584334, 988986.625029251 224232.68741108477, 988995.5626754165 224249.0781263411, 989004.5626574308 224265.48426151276, 989013.5626394302 224281.8749767542, 989022.5622933358 224298.26569201052, 989026.726327002 224305.83129367232, 989032.5842549205 224316.50351642072, 989052.3988478333 224352.60383792222, 989114.2419000119 224317.92411725223, 989239.0369260013 224248.77071225643, 989301.1565524191 224214.22091259062, 989307.143745169 224224.9790931791, 989358.0311105847 224316.63081274927, 989337.3467687517 224328.1051992625, 989333.3421835899 224330.32697959244, 989385.764650926 224426.1187827587, 989389.6941050142 224433.09285017848, 989262.8754610121 224503.15734258294, 989218.1120990962 224527.8895765841, 989166.6627269238 224556.3150446713, 989205.6816777587 224627.243052423, 989211.3125720024 224637.40608984232, 989220.5002176762 224654.06222450733, 989224.2872835845 224660.98248626292, 989227.1750730872 224666.25839434564, 989229.6248713434 224670.7344352603, 989238.8125170022 224687.3905699253, 989247.9374987632 224704.0470326692, 989257.125144422 224720.71858724952, 989266.2501261681 224737.3750500083, 989273.4374477565 224749.78119316697, 989280.6250974238 224762.1876644194, 989285.7497590929 224771.04689867795, 989286.3193117529 224772.03967884183, 989287.8445711732 224774.66664208472, 989314.5623655021 224824.12487649918, 989316.8750249296 224828.17178441584, 989319.0072385073 224831.99034634233, 989321.4409606755 224836.34893342853, 989323.7500111759 224840.484423846, 989333.3123280108 224857.68747341633, 989342.9376368374 224874.89052300155, 989352.4999536723 224892.09390066564, 989356.0537523478 224898.4459220916, 989356.0691722631 224898.44559401274, 989362.1209974289 224909.29006050527, 989365.9274202585 224916.11189725995, 989350.3618345857 224924.70604017377, 989260.7268432528 224974.5681451708, 989260.0916739255 224973.4214939177, 989201.5074735135 225006.0096833408, 989151.2706973404 224915.35927408934, 989130.0830756724 224876.81604409218, 989043.0904675126 224925.39928025007, 988986.903572008 224824.25906258821, 988995.6473209262 224819.38833741844, 989007.4730846733 224812.8010802567, 988960.0922739208 224727.74449184537, 988936.3921900839 224683.94602300227, 988884.7259548455 224712.69826209545, 988816.6447261721 224750.92620401084, 988775.9174454212 224773.52556826174, 988737.1534153372 224794.97696892917, 988726.5592764169 224801.36409525573, 988726.1898545921 224801.47006617486, 988725.3509455025 224801.71087934077, 988724.9926785082 224801.81356942654, 988724.0297539234 224801.96284733713, 988723.3817893416 224802.0635689199, 988722.7400583476 224802.0819415897, 988721.7518713474 224802.10982866585, 988721.1524630934 224802.05142983794, 988719.6232666671 224801.83751951158, 988718.0058158338 224801.39887209237, 988717.0045055002 224801.0356838405, 988715.9513580054 224800.4966429174, 988714.8201266676 224799.79290416837, 988713.8601548374 224799.06882426143, 988712.9822038412 224798.29257908463, 988711.9047781676 224797.06784400344, 988710.9887695014 224795.71810917556, 988710.2489415854 224794.26470001042, 988707.8581983447 224791.4507292509, 988701.2355081737 224783.65546925366, 988689.2437342554 224769.54099617898, 988658.4294914305 224733.27171175182, 988649.8133669198 224723.13032783568, 988641.6319528371 224713.50075392425, 988633.6769162565 224704.137583673, 988623.8846130073 224687.75375817716, 988613.6789247543 224670.67866109312, 988602.2219266742 224651.5097361654, 988585.824977845 224624.07672017813, 988563.2433300912 224578.04728467762, 988562.2430040091 224576.74545000494, 988561.4185305834 224575.32550534606, 988560.657377258 224573.70280517638, 988556.7859939188 224565.4485565871, 988553.2499117553 224557.89050084352, 988547.3125876784 224539.32787391543, 988541.4375994205 224520.76590317488, 988535.4999472499 224502.2032762617, 988529.6249590069 224483.6406493336, 988523.68763493 224465.0780224204, 988517.7499827594 224446.5311435014, 988511.8749945015 224427.96884466708, 988505.9376704246 224409.4062177539, 988503.6968612522 224402.32650750875, 988500.0626821667 224390.8435908407, 988495.562691167 224376.73436708748, 988494.1250300109 224372.2809639275, 988493.6250310093 224371.29671391845, 988493.3235224187 224370.60511425138, 988493.0787722617 224369.90039125085, 988477.687398836 224319.28106991947, 988477.312399596 224318.3125679195, 988473.625071004 224306.7656750083, 988471.5627391785 224300.28110791743, 988465.7497586757 224282.10955633223, 988459.8750985116 224263.92192867398, 988454.0624460876 224245.75004900992, 988448.2501217574 224227.56242133677, 988442.4374693334 224209.3905416727, 988436.6251450032 224191.21866200864, 988430.7501567602 224173.03136242926, 988424.9375043362 224154.85915467143, 988419.125180006 224136.67185509205, 988417.8164555877 224132.6561150849, 988415.2140985876 224124.66991059482, 988413.0001922548 224117.87497667968, 988412.187529847 224115.3592336774, 988411.9375303388 224114.42189958692, 988411.6875308454 224113.48423741758, 988411.5625310838 224112.5157354176, 988411.499867171 224111.54690533876, 988411.499867171 224110.57807525992, 988411.5625310838 224109.60924516618, 988411.6875308454 224108.64041508734, 988411.874866426 224107.68766108155, 988412.1251940131 224106.74999892712, 988412.4372012615 224105.82808475196, 988412.8125285953 224104.93766659498, 988413.2498636693 224104.07808825374, 988413.7498626709 224103.23425792158, 988414.3125255853 224102.4530915022, 988414.9375243336 224101.6876730919, 988415.6251870096 224100.98426242173, 988416.3125215918 224100.32809574902, 988417.0625200868 224099.7188450098, 988417.8751825094 224099.1561820954, 988418.7501807511 224098.6561830938, 988432.8124885857 224090.9685344249, 988448.2501217574 224082.56271134317, 988465.5624230951 224073.10931816697, 988482.8750525117 224063.65625308454, 988483.6365339309 224063.24057149887, 988488.7667730004 224060.43906791508, 988500.1876819283 224054.2031880021, 988517.4999832511 224044.7497948408, 988533.4376154244 224035.92205658555, 988549.3752475977 224027.09366217256, 988565.3125516772 224018.26559583843, 988581.2498557568 224009.4375295043, 988597.249823764 224000.60946317017, 988613.1874559224 223991.79681675136, 988629.1250880957 223982.96875041723, 988645.0623921752 223974.1406840831, 988661.0000243336 223965.31261774898, 988672.3848440945 223958.97109501064, 988691.7978630066 223948.16731083393, 988697.6669457555 223958.83723700047, 988730.0011986792 224017.95260433853, 988694.7591431737 224038.98110559583, 988558.4670929164 224120.30640225112, 988538.0110970885 224132.50322826207, 988601.7140536755 224248.96953076124, 988622.9161110073 224288.47634150088))","MN","LP-01418","Yes","West End - Collegiate Historic District","No","DESIGNATED","DESIGNATED","BOUNDARIES DIFFER FROM TIME PUBLIC HEARING; INCORPORATES PREVIOUSLY HEARD LP-0537","2/8/1983",,"01/03/1984",,"4362.817542152705","476482.00367230293"
"POLYGON ((988201.2493034303 223100.4682188332, 988249.8702691793 223188.59008984268, 988273.372518763 223229.508971259, 988290.9190715849 223219.41844025254, 988295.680873096 223227.1979522556, 988346.6213880032 223318.84507867694, 988017.6551824212 223500.66164417565, 988009.5695686787 223485.15905050933, 988007.1955576688 223486.46810300648, 987967.0338925868 223413.64705441892, 987959.3304959238 223400.43349817395, 987978.0624138415 223390.07787583768, 988025.178461343 223364.07267850637, 988003.9160366803 223325.7587787509, 987955.2950709164 223237.63657967746, 988201.2493034303 223100.4682188332))","MN","LP-01611","Yes","West 71st Street Historic District","No","DESIGNATED","DESIGNATED",,"11/18/1986",,"08/29/1989",,"1277.8695600182994","84575.23202332918"
"POLYGON ((991076.9420428425 223366.71473358572, 991075.5598277599 223364.27969908714, 990972.5377240926 223421.20150125027, 991024.3765311688 223513.78235283494, 991032.8512517512 223528.73409458995, 990944.5489349216 223577.6913457513, 990936.144752264 223562.52733409405, 990885.6898006797 223472.3857820928, 990841.9247963428 223496.56617991626, 990787.7493797541 223399.7845493406, 990764.0886659175 223356.41390116513, 990712.523152262 223263.45837841928, 990722.1917680949 223258.11718176305, 990947.5502412617 223133.6200554222, 991216.8787708431 222984.83131100237, 991166.3798560947 222893.79770042002, 991160.2292778343 222882.81215809286, 991273.789090097 222819.44187800586, 991274.9426310956 222818.89758776128, 991276.1808175892 222818.5757380128, 991277.4130985886 222818.2840719223, 991278.679500252 222818.16924275458, 991280.3789719194 222818.22829775512, 991281.6355310977 222818.42514775693, 991282.8691244274 222818.74995025992, 991284.443924427 222819.37987025082, 991285.9202994257 222820.2197635919, 991287.2621602565 222821.25650691986, 991288.7221310884 222822.79849858582, 991289.6978509277 222824.24829883873, 991327.7643758357 222893.84822525084, 991391.0821625888 223010.20921300352, 991418.1306649297 223056.37119416893, 991522.8765184283 223244.1457530111, 991523.6166744232 223246.09259951115, 991524.0192326754 223248.13623058796, 991524.0730383396 223250.2185755074, 991523.7767790854 223252.28025117517, 991523.1386570036 223254.26285874844, 991522.1767166704 223256.11062408984, 991520.9185170829 223257.77039767802, 991519.3991631716 223259.1952635944, 991517.6626180857 223260.34519566596, 991381.4860531688 223335.43330009282, 991373.4427621663 223320.9116755873, 991322.9881386757 223230.77012358606, 991076.9420428425 223366.71473358572))","MN","LP-00713","Yes","Central Park West - 76th Street Historic District","No","DESIGNATED","DESIGNATED","SMALLER AREA PREVIOUSLY HEARD AS LP-0460; LATER ALSO DESIGNATED AS PART OF LP-1647","12/13/1966; 6/23/1970",,"04/19/1973",,"2678.835086992621","239632.8435657953"
"POLYGON ((990300.3418900073 222765.78909817338, 990300.3848689198 222765.70871774852, 990299.8287676722 222763.82880026102, 990299.5932038426 222761.8826099187, 990299.6840829253 222759.92428050935, 990300.0991083384 222758.00827383995, 990300.8271252513 222756.18806751072, 990301.8474644274 222754.51385825872, 990303.131582588 222753.03256200254, 990304.6443748474 222751.78551726043, 990304.6571700871 222751.72514992952, 990305.3212107569 222751.34982259572, 991015.3424285054 222358.55270792544, 991016.4070589244 222357.94837842882, 991016.4382268339 222357.94608183205, 991018.2282495052 222357.12915433943, 991020.1271958351 222356.61307924986, 991022.0845410079 222356.41163608432, 991024.0487759262 222356.5297460854, 991025.9677353352 222356.9647845924, 991027.7912225127 222357.70494058728, 991029.4703530073 222358.73085717857, 991030.9611636698 222360.01497533917, 991032.2242844999 222361.5241586715, 991032.3312396705 222361.53334499896, 991032.9001361728 222362.5937103331, 991076.7740641683 222441.50431367755, 991135.3835270107 222548.60843017697, 991135.8067544997 222549.3472738415, 991135.8297203332 222549.53231284022, 991136.3349686712 222551.07496067882, 991136.5823435038 222552.67961625755, 991136.5649550855 222554.30297258496, 991136.28313151 222555.90205074847, 991135.7447467595 222557.4335437566, 991134.9642365128 222558.8570973426, 991133.9619419277 222560.13432575762, 991132.7654220015 222561.2314364165, 991132.6758552641 222561.37316842377, 991132.2106330842 222561.6323542595, 990755.4308748394 222770.0256382525, 990492.783106178 222916.0217373371, 990448.7533385903 222940.836648345, 990418.3311553448 222957.97080042958, 990417.641196087 222958.347112, 990417.3580601811 222958.37565524876, 990415.814428091 222958.7946176678, 990414.2242081761 222958.9681737572, 990412.626442343 222958.89173033834, 990411.0601725131 222958.5672559291, 990409.5634563416 222958.00295259058, 990408.1727110893 222957.2119436711, 990406.9223855138 222956.21424224973, 990405.8429913372 222955.0337984264, 990404.9604471773 222953.69948349893, 990403.6221952587 222951.29299224913, 990403.0405035019 222950.24837492406, 990300.7024535835 222766.44854567945, 990300.3418900073 222765.78909817338))","MN","LP-00964","Yes","Central Park West - West 73rd - 74th Street Historic District","No","DESIGNATED","DESIGNATED","SMALLER AREA PREVIOUSLY HEARD AS LP-0459; LATER ALSO DESIGNATED AS PART OF LP-1647","5/10/1977",,"07/12/1977",,"2122.472936334815","195875.67505827796"
"POLYGON ((983301.187581256 212619.94620092213, 983120.7387951761 212719.52572616935, 983169.7272142619 212807.6390670091, 983174.7071911693 212816.5862275958, 983027.388916254 212898.25896450877, 983049.4088853449 212938.52331967652, 983146.4077070951 213115.8897628337, 983166.1566833407 213152.1081943363, 983148.1937927604 213162.0441980958, 983148.236771673 213162.13081209362, 983048.0601347536 213216.68975809216, 982993.3620814234 213248.8025547564, 982904.9806965142 213300.1265990883, 982762.7067028433 213379.22256951034, 982449.4297703356 213552.87117233872, 982266.810713008 213654.2462976724, 982260.4035735875 213657.8716185093, 982247.2257784307 213614.09677167237, 982190.0877693444 213413.2326720953, 982172.313854754 213355.7508316785, 982114.5613455921 213157.7656633407, 982101.7834840119 213115.0728353411, 982111.4708005935 213109.80020809174, 982329.6931331754 212988.65445300937, 982324.1931441724 212978.6420058459, 982290.6315315068 212918.2526909262, 982601.9022344202 212745.45185542107, 982612.4927644283 212739.6155810058, 982642.48319 212793.5560899228, 982652.2472780943 212811.46550291777, 982723.195298925 212771.86125142872, 982792.1456203461 212733.46533083916, 982976.6006320119 212631.267044425, 982988.677051425 212624.60071916878, 982983.9103286713 212616.0160906762, 982934.9002560973 212527.70393133163, 982760.2096605897 212624.46751734614, 982710.6835129261 212535.2249136716, 982705.8941524178 212526.48871067166, 982618.0314672589 212575.12673676014, 982605.4862167537 212582.26123692095, 982584.2126372606 212543.272469759, 982534.3610309213 212453.75624458492, 982546.6119906753 212446.98427650332, 982635.2893067598 212398.0755816698, 982682.8325187564 212486.53341001272, 982687.9696475863 212496.00025458634, 982855.9880123436 212404.5795056671, 983093.4274980873 212272.24282808602, 983303.4894139171 212157.30506584048, 983316.0025122613 212150.42122134566, 983338.2859322578 212191.22560167313, 983433.4399414212 212365.23772083223, 983434.0944676697 212367.21114209294, 983434.4235352576 212369.2639595121, 983434.4186140001 212371.3430235833, 983434.0800320059 212373.3945286721, 983433.4163194299 212375.36466908455, 983432.4445365965 212377.20292000473, 983431.1902740002 212378.86105316877, 983429.6860119253 212380.29641775787, 983427.9707922637 212381.47128416598, 983277.2699781805 212465.25392501056, 983296.8558970094 212501.42478442192, 983348.290833503 212593.95248650014, 983367.1841684282 212583.68971174955, 983415.7450949252 212671.03304100037, 983420.2152303457 212679.78728859127, 983354.702894181 212716.48439367115, 983349.9128775 212707.5874298364, 983301.187581256 212619.94620092213))","MN","LP-02302","Yes","West Chelsea Historic District","No","DESIGNATED","DESIGNATED",,"5/13/2008; 6/3/2008",,"07/15/2008","03/18/2008","6081.42293435924","835480.042086005"
"POLYGON ((981609.6640614271 206406.04917992651, 981576.428235501 206399.0423041731, 981569.8002960086 206432.69151508808, 981557.5700055063 206499.0142170936, 981483.0767161697 206483.45945817232, 981468.4041733444 206480.48013342917, 981467.7752375901 206470.14189951122, 981467.2929550856 206462.21803084016, 981467.2998448461 206462.21606233716, 981464.5347585082 206416.57901450992, 981458.7283396721 206365.43771259487, 981449.2257340103 206217.60729959607, 981449.009855181 206214.25986534357, 981447.3602521718 206195.75334067643, 981445.7099930048 206177.24681600928, 981444.1794842631 206159.80984300375, 981444.1525814235 206159.4145025909, 981444.1394580901 206159.01817792654, 981444.1397861689 206158.6218532622, 981444.1542218477 206158.22552858293, 981444.1824370027 206157.83051624894, 981444.2241035849 206157.43583200872, 981444.2795496732 206157.0431162566, 981444.3484471738 206156.65269708633, 981444.4307960868 206156.26555874944, 981444.526596427 206155.8807170093, 981444.6361762583 206155.4994841665, 981444.7585513443 206155.1221883446, 981444.893393591 206154.7498137504, 981445.0416872501 206154.3820323348, 981445.2027761787 206154.01950025558, 981445.3760041744 206153.66287367046, 981445.5616993457 206153.31313684583, 981445.7595335841 206152.96963359416, 981445.9688507617 206152.6326920092, 981446.1896508336 206152.30362442136, 981446.4219338447 206151.98210275173, 981446.6650435925 206151.66911125183, 981446.9193081707 206151.36464992166, 981447.1834152639 206151.0697030127, 981447.458021 206150.78361433744, 981447.7424692512 206150.5070400834, 981448.0361038446 206150.24063642323, 981448.3385966718 206149.984403342, 981448.6499477625 206149.7396531701, 981448.969829008 206149.50540167093, 981449.2975842506 206149.28197692335, 981449.6325573474 206149.07003508508, 981449.9747482538 206148.87056042254, 981450.3241570145 206148.68256866932, 981450.6794712543 206148.50704409182, 981451.0406910032 206148.34365859628, 981451.4074881673 206148.19306834042, 981451.7792065889 206148.05527333915, 981452.1555181742 206147.93060167134, 981452.5360948443 206147.81839717925, 981452.919952333 206147.7203002572, 981453.3070906699 206147.63532666862, 981453.6968536675 206147.56380450726, 981454.0889132619 206147.50540567935, 981454.4829413444 206147.46144250035, 981454.8782817572 206147.43027459085, 981455.2742783427 206147.41354234517, 981455.670931086 206147.41058959067, 981456.0672557503 206147.4210882485, 981456.462596178 206147.44569450617, 981456.857608512 206147.4834240824, 981457.2503242642 206147.53526125848, 981457.6413995922 206147.600549832, 981458.0298502594 206147.67961792648, 981470.953380838 206150.55329984426, 981484.2565038353 206153.5365615934, 981495.0822695941 206155.9686433375, 981496.2679627538 206156.23504701257, 981497.8335764259 206156.59200167656, 981541.5930033475 206164.581487, 981574.6201682538 206171.33245775104, 981570.9581020921 206188.57487733662, 981557.3662657589 206253.74502259493, 981581.77566576 206258.8099730909, 981604.6555412561 206263.55799509585, 981608.6128824204 206244.58132700622, 981630.2870516777 206249.0786933452, 981639.9215468466 206202.8852161765, 981643.7873527557 206185.6480459273, 981664.9096858352 206190.36588425934, 981661.1029349267 206207.2808766663, 981641.0990379304 206303.19374258816, 981636.2739163339 206302.23213033378, 981629.3795731664 206300.858117342, 981611.5938475877 206396.0285306722, 981609.6640614271 206406.04917992651))","MN","LP-02183","Yes","Weehawken Street Historic District","No","DESIGNATED","DESIGNATED",,"10/18/2005; 12/13/2005",,"05/02/2006","09/20/2005","1183.6119211357184","47078.492257958154"
"POLYGON ((992346.9522980899 192647.94677491486, 992354.428989172 192598.73263449967, 992369.3899172544 192500.24989183247, 992376.8669364303 192451.03476716578, 992384.615280509 192400.031260252, 992388.0155361742 192377.64679059386, 992394.7215595096 192333.5048184991, 992397.7412385046 192313.6278897524, 992400.7395920902 192293.89203684032, 992403.7494285852 192274.08105283976, 992406.8678606749 192253.55189442635, 992410.7051233351 192228.2930866778, 992414.3196174204 192204.49949908257, 992417.6785345972 192182.3902913332, 992421.9354158342 192154.37066233158, 992429.3822513372 192105.35173150897, 992451.2467089295 192108.75986117125, 992458.6433476806 192060.07098217309, 992453.4766913354 192059.2655375898, 992456.6948607564 192038.08054058254, 992461.056728676 192009.36996808648, 992462.6633527577 191998.79551416636, 992547.8058990091 192012.06714117527, 992604.0495529175 192021.95950983465, 992612.3467804193 191966.21158984303, 992628.8890701681 191968.9674898386, 992704.1359669268 191980.53997325897, 992721.154633671 191983.1413460076, 992713.7264989167 192031.84991000593, 992704.4699557573 192030.43488658965, 992696.2645915896 192084.24219366908, 992688.8036485016 192133.16532416642, 992685.185873583 192156.89165467024, 992681.2321413457 192182.8184400946, 992676.289237842 192182.0625360906, 992672.6245470047 192206.09693683684, 992661.1885462552 192281.0885847509, 992582.7972988337 192269.1056690961, 992566.88230443 192266.46361400187, 992536.912548095 192464.38972733915, 992552.6549706757 192466.89595592022, 992655.6698565036 192482.6426435858, 992652.801752001 192501.4510049224, 992649.497296676 192523.1209090948, 992640.6183774173 192581.34356167912, 992625.1974765062 192578.98628291488, 992604.3809170872 192715.4909311682, 992618.6075946689 192717.66579559445, 992614.1555038393 192746.85799442232, 992542.6523660123 192750.37307925522, 992510.2108298391 192745.4140996784, 992494.0648647547 192743.05452433228, 992504.9516540021 192672.4860959202, 992448.0643005967 192663.70724208653, 992346.9522980899 192647.94677491486))","BK","LP-02445","Yes","Wallabout Historic District","No","DESIGNATED","DESIGNATED",,"10/26/2010",,"07/12/2011","07/27/2010","2379.5372675512717","165077.775208525"
"POLYGON ((992583.2362743467 213951.12660942972, 992632.2447065115 214039.70582859218, 992636.6285560131 214037.28030849993, 992685.895517841 214126.48419833183, 992669.1622835845 214135.74205383658, 992535.3000185043 214209.80456975102, 992502.8368288428 214227.76549184322, 992404.7349909246 214049.89281608164, 992583.2362743467 213951.12660942972))","MN","LP-00279","Yes","Turtle Bay Gardens Historic District","No","DESIGNATED","DESIGNATED",,"5/10/1966",,"06/21/1966",,"824.4924166841325","41974.45049101444"
"POLYGON ((991887.8574157506 212081.56046667695, 991959.1633755118 211991.16333775222, 991994.6718346775 211971.49671041965, 991985.0012503415 211953.99018375576, 991984.7391117513 211954.13552467525, 991944.3438513428 211881.00804625452, 991939.5958293378 211872.50871942937, 991967.874972254 211856.73447275162, 991970.8749662638 211855.06256009638, 991976.3529736698 211852.0163063407, 991981.7371492535 211849.02156166732, 991986.187271595 211846.5471571684, 992001.4375691712 211838.04684609175, 992016.6875386685 211829.5311150849, 992033.5625049174 211820.07805000246, 992050.5001350939 211810.62498492002, 992067.3751013428 211801.18766783178, 992084.2500675917 211791.73427467048, 992101.1250338405 211782.28120958805, 992118.0623359233 211772.82814450562, 992134.937630251 211763.37475134432, 992151.8125964999 211753.93743425608, 992168.6875627637 211744.48436917365, 992185.5625290126 211735.03130409122, 992202.4374952614 211725.79707059264, 992219.2501256764 211716.57792891562, 992236.0624280125 211707.34369541705, 992252.8750584275 211698.10946191847, 992269.6873607635 211688.89064833522, 992286.5623270124 211679.65641483665, 992303.3749574274 211670.43727317452, 992303.8975941688 211670.28373017907, 992304.4372912496 211670.12493783236, 992305.4999531806 211669.9061062485, 992306.0740990043 211669.82671009004, 992306.6249509305 211669.74993859231, 992307.1817083359 211669.71155284345, 992307.7499486804 211669.67185474932, 992308.294238925 211669.67940066755, 992308.8749464303 211669.6876027584, 992309.4064414203 211669.726644665, 992309.9376083463 211669.7656865865, 992311.0622780025 211669.92185425758, 992312.1249399185 211670.15643383563, 992312.687274754 211670.3126015067, 992313.2499376684 211670.4687691778, 992313.7456715852 211670.65479242802, 992314.2502637506 211670.84376841784, 992314.7791340947 211671.0694897622, 992315.3125975877 211671.29685150087, 992315.6646310091 211671.5209324211, 992316.2309028357 211672.02027525008, 992419.4551058412 211850.99071784317, 992375.1198926717 211875.54611492157, 992400.9308646768 211923.58145192266, 992496.5730618387 212101.57486234605, 992504.4132692516 212116.45737850666, 992503.6619584262 212116.84057983756, 992538.3413510025 212179.49235741794, 992641.1095181704 212362.80826374888, 992623.0091606677 212372.79348000884, 992628.5626272559 212383.07823634148, 992625.8982625008 212384.5424722582, 992648.4976267517 212425.66082833707, 992685.5077233464 212492.40183658898, 992664.6081588417 212504.10489717126, 992678.5546532571 212529.25412508845, 992571.9285541773 212588.96135476232, 992504.5976520926 212626.6646914184, 992395.1047608405 212687.9775609225, 992343.074353084 212594.14933650196, 992336.5566495955 212582.1798722595, 992357.8125125915 212570.40627375245, 992374.7501427531 212561.0001245886, 992385.3741372526 212555.1215274185, 992364.5431421697 212517.30336159468, 992314.106891334 212426.35144375265, 992269.3231882602 212345.5920908451, 992262.0489245951 212332.4743349254, 992227.2176294178 212270.72216184437, 992210.5815078467 212280.06039775908, 992207.1874857545 212281.9685304165, 992190.0625200123 212291.56267133355, 992172.9375542551 212301.15615609288, 992155.8749243468 212310.74996891618, 992138.7499585897 212320.35952974856, 992132.9996419996 212323.580651924, 992121.6249928474 212329.9530145079, 992104.5626910031 212339.5468273461, 992087.4373971671 212349.14064016938, 992070.3127595037 212358.73445300758, 992054.8124624193 212367.04710042477, 992052.1103680879 212368.48771433532, 992040.7983828336 212374.52116684616, 992033.0762854218 212360.36633950472, 991947.4737663418 212205.4004420936, 991946.6617600918 212205.85450942814, 991934.5732015967 212183.97069492936, 991927.3773498386 212170.93135091662, 991934.9895393401 212166.70727799833, 991914.8685165942 212130.45866283774, 991887.8574157506 212081.56046667695))","MN","LP-01579","Yes","Tudor City Historic District","No","DESIGNATED","DESIGNATED",,"12/10/1985",,"05/17/1988",,"3103.9362881929956","392903.3982200263"
"POLYGON ((981554.8528193384 199499.2716549188, 981728.146107927 199395.23347717524, 981733.3790370971 199404.0103625059, 981828.8932817578 199561.26431308687, 981835.0353298336 199571.3764975816, 981791.0724912584 199597.12218099833, 981814.7574832588 199637.44591926038, 981868.5067195892 199725.72395792603, 981887.9902764261 199714.1363826692, 981888.5102885067 199714.99038359523, 981931.6145330071 199689.35526426136, 981971.3447685093 199754.60710226, 981987.3106158376 199780.8288345933, 981795.0659215897 199896.25019167364, 981778.858276844 199869.68101908267, 981725.3383707553 199781.78191667795, 981708.0024474263 199792.33799792826, 981667.348329261 199725.5710710883, 981660.847686097 199714.60422950983, 981678.3007351756 199704.1692110002, 981655.0914640129 199665.88024559617, 981607.3271238357 199587.22620342672, 981608.0229885876 199586.8118341714, 981559.9594364166 199507.68535201252, 981554.8528193384 199499.2716549188))","MN","LP-02122","Yes","Tribeca South Historic District Extension","Yes","DESIGNATED","DESIGNATED",,"10/1/2002",,"11/19/2002","06/25/2002","1519.98807716517","90448.16037385297"
"POLYGON ((982385.8777320832 199540.7679630071, 982401.0289485008 199566.65308183432, 982443.4041918367 199637.06468641758, 982423.3543631732 199649.07319258153, 982462.1767920852 199713.58520267904, 982490.4349376708 199760.65203766525, 982523.2580347508 199815.19392333925, 982458.5577048361 199853.83328175545, 982466.8946304172 199867.68594433367, 982403.0148369223 199905.83613049984, 982459.5514692515 199999.78246492147, 982463.3828264177 200006.19682216644, 982420.443607837 200031.92150825262, 982416.6696652621 200025.49534000456, 982352.0739939213 199918.15730008483, 982241.6401596665 199984.1099240929, 982205.3485655934 200005.7555500865, 982282.5308259279 200134.07681575418, 982399.8340690136 200328.5498519987, 982212.6159395128 200441.7805966735, 982222.2730724216 200457.89605000615, 982274.7037418336 200545.39456267655, 982142.2240199298 200623.9665840119, 982105.1030311733 200645.98261608183, 982086.4829896688 200614.5883219242, 982072.4977814257 200591.14972050488, 982044.2334022522 200543.61766333878, 981996.5146656781 200464.01644459367, 981927.4331109226 200348.78078266978, 981870.7406390011 200252.74357317388, 981856.5556280017 200228.71442174911, 981855.0123240054 200226.10090991855, 981852.0831960142 200221.1383214295, 981848.9565618336 200215.8417440951, 981804.0606542528 200139.78841850162, 981791.8638282567 200119.23071683943, 981781.8044651747 200102.27471400797, 981749.4456060082 200047.7334845066, 981747.3199540973 200044.1501583457, 981729.5594909191 200014.21452267468, 981727.9039824307 200011.4245020002, 981721.1261088401 199999.99998417497, 981696.2416441739 199955.4698895067, 981790.3746580034 199899.06153775752, 981963.1236563474 199795.54337209463, 981987.3106158376 199780.8288345933, 982385.8777320832 199540.7679630071))","MN","LP-01712","Yes","Tribeca South Historic District","No","DESIGNATED","DESIGNATED","BOUNDARIES DIFFER FROM TIME OF PUBLIC HEARING","6/13/1989",,"12/08/1992",,"3486.9640016509334","429847.7182981622"
"POLYGON ((982601.022314921 201476.3152730018, 982549.4981397539 201390.0959572494, 982422.2346147597 201177.47499142587, 982416.4508336782 201166.63118109107, 982446.9458514303 201147.9307591766, 982561.6975904256 201077.24717350304, 982555.9994390905 201067.85053876042, 982502.8958707601 200979.46718533337, 982622.747337088 200907.28360266984, 982675.8509054184 200995.66564375162, 982680.9270107597 201004.02783176303, 982700.2501348406 200992.15613633394, 982716.971558094 200981.8451333344, 982770.6338523477 200948.9127845019, 982761.071207419 200932.9899160862, 982648.4933485836 200745.53359809518, 982555.350818336 200589.61297817528, 982517.7124421746 200526.606214419, 982788.3309954256 200362.08587417006, 982855.9696396738 200475.16865324974, 982817.642288506 200498.4704439193, 982870.0677085966 200586.1182345003, 982881.5844178349 200605.43315650523, 982961.7902941704 200557.21409283578, 982971.9500507563 200578.7104409188, 982995.8742155135 200630.47903817892, 982992.3666765839 200632.5784434229, 983021.1468027532 200691.6321310848, 983044.265522927 200677.30276341736, 983059.8635888398 200701.67509000003, 983054.7133366764 200704.7577610016, 983084.601728335 200751.41580417752, 983096.3385815024 200769.79864142835, 983104.6377775073 200764.736643672, 983111.3126329184 200774.85932683945, 983114.6249622554 200780.04698050022, 983121.3122848421 200790.70312717557, 983121.9064437598 200791.64997567236, 983124.5097850114 200795.8005579263, 983131.2499290109 200806.5469275117, 983139.492366597 200819.68764925003, 983141.792558834 200823.3493873328, 983151.1875531673 200838.23452816904, 983161.1248692572 200854.07832850516, 983171.062513426 200869.92180076241, 983181.0001575947 200885.76560108364, 983190.9998095036 200901.60940141976, 983200.9374536723 200917.45320175588, 983210.875097841 200933.297002092, 983218.4885996729 200945.43510116637, 983221.3334102631 200949.9639635086, 983228.0000635833 200960.50003166497, 983230.8123939186 200964.98427467048, 983240.281535089 200959.34845916927, 983269.8398749232 200941.79993784428, 983303.1311469227 200922.03554166853, 983317.7180600017 200913.3751259297, 983339.207846418 200900.61694933474, 983362.9131795913 200886.5352845937, 983373.095573917 200880.40767216682, 983400.1821339279 200863.94313816726, 983311.5123637617 200726.06447692215, 983308.3391417563 200721.12944741547, 983276.2355314195 200671.2073031664, 983273.285078004 200666.61971391737, 983270.7772090137 200662.71978734434, 983440.9268030971 200552.80137200654, 983470.1967576742 200533.7312001735, 983492.8240090013 200518.98877559602, 983504.4240514189 200536.8447110057, 983560.5374562591 200622.0262991786, 983622.5488151759 200581.82559217513, 983622.6177126765 200581.78162901103, 983680.3754711747 200669.60888117552, 983692.1549751759 200687.914290756, 983652.1832703352 200713.7498690039, 983646.1888597608 200717.62420508265, 983658.4355544299 200736.70257900655, 983725.0003819168 200840.39692541957, 983767.762107417 200814.6223706752, 983788.7305694222 200801.96130675077, 983792.3867300898 200807.5912167579, 983812.4158895016 200795.27365608513, 983817.2790687531 200802.8484440893, 983865.9246407598 200878.6284762621, 983877.0889885128 200896.62220667303, 983854.7727601677 200909.7304481715, 983795.1984042525 200944.72217608988, 983805.4743023366 200961.88848033547, 983858.3708500862 201049.68390841782, 983850.1602365971 201055.94078567624, 983918.5590499192 201127.27561675012, 983951.6741411686 201162.22502192855, 983897.1988564283 201213.568095088, 983727.7372530848 201372.47296100855, 983680.0326240957 201416.01880566776, 983529.2799728364 201556.7773824185, 983346.4650497586 201729.35577742755, 983276.5304783434 201794.66831083596, 983164.0553095937 201606.66179709136, 983108.9583069235 201515.29419767857, 983038.0414540023 201397.6917425841, 982977.3581764251 201296.46359859407, 982971.6055632532 201286.86716109514, 982919.1325710863 201199.3348558396, 982917.779555425 201196.52416592836, 982912.9669010043 201186.5166400075, 982877.6110005975 201206.88569375873, 982855.6153096706 201219.52543225884, 982816.1823176742 201242.3747960031, 982818.0602666736 201293.12108558416, 982816.1022653431 201376.11895108223, 982766.0793995112 201406.2871978432, 982737.8442197591 201423.3714812547, 982734.6001317501 201417.91315883398, 982717.4879612625 201428.26714076102, 982707.780303508 201411.93351200223, 982635.9090561718 201455.4193174243, 982601.022314921 201476.3152730018))","MN","LP-01711","Yes","Tribeca East Historic District","No","DESIGNATED","DESIGNATED",,"6/13/1989",,"12/08/1992",,"6709.494747317794","1064364.4440778485"
"POLYGON ((1007677.4764270037 212353.32271842659, 1007618.9785125107 212362.03759600222, 1007429.6704921722 212390.41811667383, 1007415.1094976664 212295.14730983973, 1007406.432349667 212235.25700967014, 1007399.4382691681 212236.24880558252, 1007353.2178891748 212242.7546980828, 1007337.1542730033 212245.1798900962, 1007317.4033282548 212248.14904426038, 1007299.9761977643 212250.76846158504, 1007282.2314825952 212253.43249826133, 1007265.0533673465 212256.0148421675, 1007247.6186909229 212258.63261908293, 1007228.77260001 212261.47972625494, 1007211.12401326 212264.14245058596, 1007192.9439315051 212266.8858834207, 1007175.4846488386 212269.52006450295, 1007167.6201632619 212270.70674192905, 1007141.5188375115 212274.6279939264, 1007091.9001703411 212282.572859928, 1007078.4841866791 212284.64437809587, 1007072.0140552521 212285.63847059011, 1007054.465862006 212288.32416075468, 1007036.1640613377 212291.12796092033, 1007017.7815521806 212293.9442282617, 1006998.9541620016 212296.82545608282, 1006980.1540027559 212299.70077842474, 1006960.8338314295 212302.59939467907, 1006942.52251634 212305.34643642604, 1006923.0409280062 212308.26933084428, 1006903.8011370897 212311.1554799229, 1006899.181067586 212311.84839192033, 1006884.8198758364 212314.00783641636, 1006883.2821492553 212314.1019963324, 1006881.7493439168 212313.94648483396, 1006880.2621421665 212313.54491083324, 1006878.8592578471 212312.90810108185, 1006877.5780924261 212312.0524597615, 1006839.7248216718 212318.73223641515, 1006819.6398880929 212323.6666097492, 1006817.7071491778 212324.03078225255, 1006816.401377514 212324.16529642045, 1006815.0890441686 212324.2145089209, 1006813.7767108381 212324.1784197539, 1006811.818053335 212323.96516558528, 1006809.8922041804 212323.56162308156, 1006797.5720188469 212320.41596008837, 1006791.7757705897 212318.93827275932, 1006774.6944399178 212314.59904259443, 1006756.6091742516 212310.10659751296, 1006738.6456275135 212305.64499226213, 1006720.4386429191 212301.12531626225, 1006701.6991790831 212296.47112609446, 1006684.4403553456 212292.18373309076, 1006666.2340269238 212287.66110433638, 1006648.7770408392 212283.32548308372, 1006636.0687329173 212280.16866526008, 1006613.7016516775 212274.57221975923, 1006560.2470341772 212260.7828772515, 1006552.1633889228 212258.85505959392, 1006541.0167576671 212256.11392334104, 1006524.1906758398 212251.94726499915, 1006501.1428216696 212246.2415677607, 1006486.1845182627 212242.53849117458, 1006481.5992255956 212241.40365092456, 1006485.4709370136 212224.51064008474, 1006489.8042616695 212206.47557117045, 1006476.6405740976 212119.8737102598, 1006347.4639951736 212138.46028725803, 1006330.56639117 212141.31001909077, 1006327.1100332588 212119.38880309463, 1006324.3800518364 212102.43870575726, 1006321.6500704288 212085.48828034103, 1006318.9200890064 212068.53851108253, 1006316.0611708462 212049.75672450662, 1006313.2019245923 212030.97460983694, 1006310.3430064172 212012.19282326102, 1006307.484088257 211993.41070859134, 1006304.6251700968 211974.62859392166, 1006301.7659238428 211955.84680734575, 1006298.9070056677 211937.06469267607, 1006296.0480875075 211918.28290608525, 1006293.1888412535 211899.50079141557, 1006290.3299230933 211880.7186767608, 1006287.4021074176 211861.3525737524, 1006284.4739636779 211841.98647075891, 1006281.5461480021 211822.6206958443, 1006278.6180042624 211803.25492092967, 1006275.6901885867 211783.88848984241, 1006272.762044847 211764.5227149278, 1006269.8342291713 211745.1566119194, 1006266.9060854167 211725.79050892591, 1006263.9782697558 211706.4247340113, 1006261.0501260012 211687.0586310029, 1006258.1223103404 211667.69285608828, 1006255.1941665858 211648.3267530948, 1006252.2660228461 211628.9606500864, 1006249.3378790915 211609.59454709291, 1006246.4100634307 211590.22844408453, 1006243.6810662597 211571.80886150897, 1006240.9520690888 211553.38895083964, 1006238.2234000117 211534.96871209145, 1006235.4944028407 211516.54880142212, 1006232.7657337636 211498.12856267393, 1006230.0367365927 211479.7086520046, 1006227.3077394217 211461.28874133527, 1006224.5790703446 211442.86850258708, 1006224.3930470943 211441.6142400056, 1006221.8487608433 211424.75108475983, 1006221.7929866761 211424.47877559066, 1006221.747055009 211424.20318558812, 1006221.710965842 211423.92759558558, 1006221.6814383417 211423.65200558305, 1006221.6650341749 211423.3764155954, 1006221.6551916748 211423.0975447595, 1006221.6568320841 211422.79570809007, 1006221.6683150083 211422.54308392107, 1006221.6912808418 211422.26421308517, 1006221.7208083421 211421.98862308264, 1006221.7601783425 211421.713033095, 1006221.8093908429 211421.44072392583, 1006221.8684458435 211421.16841475666, 1006221.9373433441 211420.89938642085, 1006222.0160833448 211420.6336389184, 1006222.1013850123 211420.36789141595, 1006222.1998100132 211420.10870559514, 1006222.3047966808 211419.84951975942, 1006222.4196258336 211419.59689559042, 1006222.5410166681 211419.3475522548, 1006222.6722500026 211419.1047705859, 1006222.8133258373 211418.86526975036, 1006222.9609633386 211418.62904974818, 1006223.1154905856 211418.39939142764, 1006223.2792041749 211418.17629475892, 1006223.4530883431 211417.95647892356, 1006223.6302533448 211417.74322475493, 1006223.8172608465 211417.5398130864, 1006224.01083 211417.33968225121, 1006224.1528900862 211417.2022153437, 1006224.3244776726 211417.04670384526, 1006224.5515113473 211416.8541189283, 1006224.7854347527 211416.6661271751, 1006224.9960642606 211416.50930334628, 1006225.2240821719 211416.35182334483, 1006225.4478350133 211416.20812283456, 1006225.641076088 211416.09296558797, 1006225.85761109 211415.97255900502, 1006226.0318233371 211415.87971141934, 1006226.4074787498 211415.7025464177, 1006226.6400898397 211415.6051056683, 1006226.932084009 211415.49454158545, 1006227.1555087566 211415.41744200885, 1006227.4284740835 211415.33345267177, 1006227.5869383365 211415.2891614288, 1006227.8559666723 211415.22026392817, 1006228.1282758415 211415.164489761, 1006228.4005850106 211415.11527726054, 1006228.6761750132 211415.07918809354, 1006228.9517650008 211415.04966059327, 1006229.2306358367 211415.0299755931, 1006247.895296678 211412.33641141653, 1006251.3185181767 211411.84198984504, 1006266.5599575043 211409.6395664215, 1006285.496271342 211406.9066322595, 1006304.0116542578 211404.2347215861, 1006322.553940013 211401.55887392163, 1006341.373784259 211398.83906309307, 1006360.0397574306 211396.1454989165, 1006378.7096675932 211393.45095050335, 1006397.3956538439 211390.75115275383, 1006408.6161038429 211389.1317334175, 1006434.5386241674 211385.39092725515, 1006479.860055834 211377.86141476035, 1006497.7268180102 211375.2059082538, 1006499.497811839 211374.9424573332, 1006518.2654908448 211372.15604558587, 1006537.4682083428 211369.3017205894, 1006557.3592446744 211366.3483144194, 1006575.8736433387 211363.59635141492, 1006654.5030792505 211351.9152724296, 1006668.0224091709 211349.905433923, 1006671.8872308433 211349.3312880844, 1006676.5912896693 211348.63279867172, 1006691.0899483413 211346.48024392128, 1006736.611510843 211340.0202830881, 1006737.219121173 211339.91660875082, 1006739.0002855957 211339.63740983605, 1006755.4992683381 211337.0511289239, 1006761.253850013 211336.15218058228, 1006774.6950960904 211334.05835275352, 1006794.6999773383 211330.93598367274, 1006815.4227049202 211327.7040347606, 1006833.9754893333 211324.80837126076, 1006853.1850965917 211321.81329850852, 1006872.4114360958 211318.81494492292, 1006891.5032614172 211315.835292086, 1006910.1734996736 211312.92420867085, 1006927.7102100104 211310.1876655817, 1006946.7685708404 211307.29725141823, 1006994.5571891665 211300.2303364277, 1007013.1857608408 211297.3136755824, 1007019.8953930885 211296.26708975434, 1007033.705404833 211294.11420692503, 1007053.0665865839 211291.09518408775, 1007071.7709455043 211288.1762266755, 1007089.5274716765 211285.40753142536, 1007111.0982946754 211282.0440210849, 1007127.6966866702 211279.4560997486, 1007139.047713846 211277.6864182502, 1007129.4069850892 211220.35418383777, 1007124.2150663435 211190.04125234485, 1007088.8033917546 210983.82053616643, 1007064.6223377585 210842.09608209133, 1007038.2034273446 210687.8431097567, 1007028.39570418 210629.42426334321, 1007016.2005185932 210631.4124483317, 1007013.7802478373 210615.9098546654, 1006977.4584700912 210376.87785242498, 1006945.1576816738 210164.6660065055, 1007030.17621243 210151.72410325706, 1007043.2322886735 210149.78349034488, 1007051.6709200889 210203.48515458405, 1007092.8824518472 210197.30340842903, 1007184.3248542547 210183.63775333762, 1007193.2477366775 210242.88435401022, 1007213.2641008347 210375.7836945057, 1007316.931872502 210360.29127141833, 1007331.7540213466 210357.99468809366, 1007336.8563733399 210391.075658679, 1007339.8366823345 210410.57463541627, 1007342.817319423 210430.07426834106, 1007345.7979565114 210449.5735731721, 1007348.778265506 210469.07254992425, 1007351.7585745007 210488.57152667642, 1007354.7388835102 210508.07083150744, 1007357.7191925049 210527.57013633847, 1007362.569248423 210559.30399675667, 1007373.470801428 210639.4511461705, 1007375.2844460905 210651.38681784272, 1007378.2286659181 210670.76505991817, 1007381.1728857607 210690.14297392964, 1007384.1171055883 210709.52154408395, 1007387.0613254309 210728.8997861743, 1007390.0055452585 210748.27770017087, 1007392.9497650862 210767.65627034009, 1007395.8943130076 210787.03451241553, 1007398.8385328352 210806.412426427, 1007401.7830807567 210825.79034042358, 1007404.7273005843 210845.1689105928, 1007407.6715204269 210864.54715266824, 1007410.6157402545 210883.92539475858, 1007413.5599600971 210903.30363683403, 1007416.5041799247 210922.68187892437, 1007419.4483997524 210942.05979292095, 1007422.3929476738 210961.43836309016, 1007425.3371675014 210980.81627708673, 1007428.281387344 211000.19451917708, 1007431.2256071717 211019.5730893463, 1007434.1701550931 211038.95133142173, 1007437.1143749207 211058.3292454183, 1007440.0585947633 211077.7071594149, 1007443.0028145909 211097.0857295841, 1007445.9470344186 211116.46397167444, 1007448.89158234 211135.8422137499, 1007451.8358021677 211155.22045584023, 1007452.53297925 211159.8103416711, 1007454.7793658376 211174.89922225475, 1007454.7767411768 211175.3034209162, 1007454.7606650889 211175.82868233323, 1007454.7272005975 211176.32376009226, 1007454.6819250882 211176.7827486694, 1007454.6117152572 211177.31129091978, 1007454.5172272623 211177.8844525069, 1007454.4312694222 211178.3096484989, 1007454.3102066666 211178.82506741583, 1007454.1599445045 211179.3703419268, 1007454.0096823424 211179.85524909198, 1007453.8594201803 211180.28831909597, 1007453.6264810115 211180.8887115866, 1007453.4401296675 211181.3244062513, 1007453.2301563472 211181.77224001288, 1007452.9719547629 211182.27847258747, 1007452.7390155941 211182.698419258, 1007452.436522752 211183.2053080052, 1007452.1940691769 211183.57571408153, 1007451.8797653466 211184.03109376132, 1007451.5556190014 211184.46449184418, 1007451.2367220074 211184.85950417817, 1007450.9155284166 211185.23515959084, 1007450.5500435978 211185.6324685067, 1007450.1839025915 211186.0038588345, 1007449.8197300881 211186.34867441654, 1007449.4165156782 211186.70464484394, 1007449.046109587 211187.01238700747, 1007448.6241944283 211187.3407984227, 1007448.2232765853 211187.62819942832, 1007447.7682250142 211187.93397308886, 1007447.2104833424 211188.27846059203, 1007435.0221875012 211190.10916559398, 1007428.2991038412 211191.11736567318, 1007407.0461935848 211194.30797608197, 1007392.278178513 211196.52516324818, 1007283.1720975041 211212.89783392847, 1007261.7393975854 211216.11698758602, 1007246.7190864235 211218.37026391923, 1007197.178831175 211225.08711400628, 1007203.7332800031 211267.60572975874, 1007205.0226475 211267.49746225774, 1007205.3441691697 211267.5007430911, 1007205.6689716727 211267.51386642456, 1007205.9904933423 211267.5368322581, 1007206.3120150119 211267.5729214251, 1007206.7582083344 211267.64083467424, 1007206.9517775029 211267.67462725937, 1007207.2667375058 211267.74352476, 1007207.5816975087 211267.82226476073, 1007207.8900958449 211267.9141280949, 1007208.198494181 211268.01583392918, 1007208.503611669 211268.12738224864, 1007208.802167505 211268.2487730831, 1007209.0974425077 211268.383287251, 1007209.3861558437 211268.52436308563, 1007209.543963924 211268.60966475308, 1007209.8412074298 211268.776331082, 1007210.0971124172 211268.93184259534, 1007210.344159171 211269.09358766675, 1007210.6555102617 211269.3143877536, 1007210.905509755 211269.50697267056, 1007211.2529500127 211269.7940455824, 1007211.4957316667 211270.0105805844, 1007211.7253900021 211270.2369580865, 1007211.9484866709 211270.4698972553, 1007212.0882501751 211270.62639300525, 1007212.2742734253 211270.84456841648, 1007212.4822782576 211271.10342617333, 1007212.6469760835 211271.3232420087, 1007212.7588525116 211271.48039391637, 1007212.9392983466 211271.74942225218, 1007213.1099016666 211272.02173142135, 1007213.2706625015 211272.30388309062, 1007213.4215808362 211272.58931559324, 1007213.5626566708 211272.8813097626, 1007213.690609172 211273.1765847504, 1007213.8120000064 211273.47842141986, 1007213.9202675074 211273.78353892267, 1007214.0219733417 211274.08865642548, 1007214.1072750092 211274.400335595, 1007214.1860150099 211274.715295583, 1007214.2516316772 211275.03353641927, 1007217.217505008 211294.28546641767, 1007223.0901966691 211332.61872309446, 1007225.213552013 211346.47597883642, 1007269.706245169 211339.7948898375, 1007460.1973340064 211311.42093083262, 1007475.1592463404 211309.1922607571, 1007492.529946506 211421.9459722489, 1007551.8831742555 211412.79769659042, 1007742.6918477565 211383.44539308548, 1007756.9444439262 211381.27348142862, 1007761.4637918472 211410.50603450835, 1007764.3820930868 211429.58309608698, 1007767.3007224202 211448.6601576656, 1007770.2190236747 211467.73721925914, 1007773.137981087 211486.81428083777, 1007776.0562823415 211505.89101433754, 1007778.9749116749 211524.96840400994, 1007781.8932129294 211544.0451375097, 1007784.8118422627 211563.12219908834, 1007787.7304715961 211582.19926066697, 1007790.6491009295 211601.2763222605, 1007793.5674021691 211620.35338383913, 1007796.4860315025 211639.43044541776, 1007799.404332757 211658.50717891753, 1007802.3229620904 211677.58456858993, 1007805.2415914237 211696.66195826232, 1007808.1598926783 211715.73836366832, 1007811.0358711779 211734.62644925714, 1007813.9118496776 211753.51453484595, 1007820.2822437584 211795.6568389982, 1007863.646658346 211788.71295525134, 1007963.6927180886 211773.21265816689, 1008005.7697336674 212051.8590825051, 1008103.5254436731 212036.71311542392, 1008118.8479195833 212034.31121733785, 1008115.249501586 212010.52648800611, 1008158.7264487594 212003.87328608334, 1008357.1443590075 211973.28607691824, 1008372.2174915969 211970.9609503448, 1008368.5409897566 211946.35338801146, 1008410.9247632623 211939.82551392913, 1008646.5643838346 211904.10314442217, 1008660.709368676 211901.96338492632, 1008663.3563450128 211909.76651892066, 1008676.759861514 211946.3412489295, 1008705.6987800002 212026.2098555863, 1008705.7115752548 212026.4408262521, 1008705.7046855092 212026.97264933586, 1008705.6902498454 212027.58091583848, 1008705.6525202543 212028.13406433165, 1008705.6010111719 212028.63537567854, 1008705.5291609168 212029.1544035077, 1008705.4409065098 212029.66326075792, 1008705.3313266784 212030.1957399994, 1008705.1843453348 212030.79416400194, 1008705.0531120002 212031.24954366684, 1008704.8848052621 212031.76922766864, 1008704.6869710088 212032.30137884617, 1008704.5239135921 212032.72263783216, 1008704.2821161747 212033.27447400987, 1008704.0691900849 212033.71279333532, 1008703.7975370884 212034.2298526764, 1008703.5268683434 212034.70032417774, 1008703.2352022529 212035.1658744216, 1008702.9428800046 212035.60025675595, 1008702.6318570077 212036.03201442957, 1008702.3267395049 212036.42538633943, 1008701.9753622562 212036.8469734192, 1008701.610861674 212037.2534686774, 1008701.211912334 212037.6698064208, 1008700.8634878397 212038.00641992688, 1008700.4228719175 212038.40372884274, 1008700.0399986804 212038.7259066701, 1008699.633831501 212039.0457879156, 1008699.1902628392 212039.36862191558, 1008698.7483345866 212039.6678339243, 1008698.292298764 212039.95654726028, 1008697.8277327567 212040.2255755961, 1008697.3756339252 212040.46704491973, 1008696.8310155869 212040.73607325554, 1008696.377604425 212040.93653216958, 1008695.9041801691 212041.12911708653, 1008695.3946667612 212041.31645266712, 1008694.8667806685 212041.49099300802, 1008694.278199181 212041.65929976106, 1008685.7316283435 212042.90929725766, 1008674.8051410019 212044.50443841517, 1008655.8760450035 212047.26624391973, 1008648.7372797579 212048.30922083557, 1008645.9393850863 212048.71801267564, 1008653.6877291799 212096.02598892152, 1008655.0151543468 212103.78712825477, 1008666.6099474281 212177.25351674855, 1008679.0964710116 212257.8137230873, 1008691.3602260053 212338.40903434157, 1008703.4008843452 212419.03715392947, 1008715.2187740952 212499.69873800874, 1008715.8775654286 212504.5481377542, 1008715.9316991717 212504.92280891538, 1008715.9743500054 212505.26401558518, 1008716.007158339 212505.60850308836, 1008716.0343892574 212505.9933448434, 1008716.0297960937 212506.33783233166, 1008716.0301241726 212506.6386847496, 1008716.0137200058 212506.98317225277, 1008715.9841925055 212507.32765975595, 1008715.9448225051 212507.66886642575, 1008715.8923291713 212508.01007309556, 1008715.826712504 212508.3479989171, 1008715.7512533367 212508.68264392018, 1008715.6659516692 212509.01728892326, 1008715.5675266683 212509.34537225962, 1008715.455978334 212509.67345559597, 1008715.3345875144 212509.9949772507, 1008715.2033541799 212510.31321808696, 1008715.0589975119 212510.6248972565, 1008714.9047983438 212510.93329559267, 1008714.7374758422 212511.2351322621, 1008714.563591674 212511.53040724993, 1008714.2939071804 212511.943136096, 1008714.0901674181 212512.22824050486, 1008713.9763225019 212512.38014309108, 1008713.7630683333 212512.6491714269, 1008713.5366908461 212512.91163809597, 1008713.3037516773 212513.16426225007, 1008713.0327548385 212513.4057315886, 1008712.8116266727 212513.6465447545, 1008712.5557216704 212513.87620308995, 1008712.2866933346 212514.09273809195, 1008712.0143841803 212514.3027114272, 1008711.7355133444 212514.5028422624, 1008711.32934618 212514.76563701034, 1008711.0111053437 212514.9533006698, 1008710.7355153412 212515.10290667415, 1008710.5478516668 212515.20165975392, 1008710.2361725122 212515.34929725528, 1008709.9212125093 212515.48709225655, 1008709.4287594259 212515.67213125527, 1008709.1069096774 212515.78039875627, 1008708.8099942505 212515.8696374297, 1008708.6154408455 212515.9234430939, 1008708.2807958424 212516.00546392798, 1008707.6049441695 212516.1301355958, 1008706.0468764305 212516.36668367684, 1008690.1709239185 212518.76726941764, 1008670.4777218401 212521.7524996698, 1008650.4144417644 212524.79481641948, 1008630.8055570871 212527.76823566854, 1008611.8364349306 212530.64487034082, 1008592.2616709173 212533.61304025352, 1008572.6186655909 212536.58875608444, 1008553.850986585 212539.43422283232, 1008533.6026675105 212542.5050828457, 1008513.8760009259 212545.4965466708, 1008494.7556323409 212548.39581908286, 1008475.5673505068 212551.30559016764, 1008456.4302496761 212554.20748725533, 1008436.323662594 212557.30525009334, 1008416.8948956728 212560.25078225136, 1008399.0009025931 212562.91580317914, 1008379.0042234212 212565.94532467425, 1008359.126310423 212568.9597543329, 1008339.5512183458 212571.9279242605, 1008321.1880660951 212574.71236750484, 1008300.670390591 212577.82390983403, 1008281.2468730062 212580.76911392808, 1008262.4454014301 212583.6201580912, 1008255.0533558428 212584.73236058652, 1008247.7170844227 212585.83406442404, 1008245.2387429178 212586.20643900335, 1008192.278218925 212597.094540596, 1008178.9810014218 212599.5157955885, 1008166.4416564256 212601.32681559026, 1008153.5397793353 212602.74183900654, 1008141.2186097503 212603.6890155822, 1008128.561154753 212604.23363392055, 1008115.8938572556 212604.35830558836, 1008103.2298405915 212604.05974975228, 1008084.5159672499 212603.41670642793, 1008067.416263923 212603.0787805915, 1008050.3132797629 212602.7441355884, 1008032.9297843426 212602.399976179, 1008018.915704757 212601.9272080958, 1008004.6243947595 212601.44492559135, 1007990.3298039287 212600.95936225355, 1007972.6723589301 212599.29597975314, 1007954.6031693369 212597.59060259163, 1007937.0579288453 212595.93771874905, 1007919.1462192535 212594.24710534513, 1007902.0425789207 212592.63588808477, 1007883.944189921 212590.92755816877, 1007866.3622040898 212589.27139350772, 1007849.0702439249 212587.6391789168, 1007829.7461355925 212584.75860725343, 1007822.039458096 212583.60900326073, 1007713.8100157529 212567.47025600076, 1007712.7867238373 212566.9151390046, 1007711.7253742516 212566.14217467606, 1007710.7827908397 212565.22846259177, 1007709.9409290105 212564.13627317548, 1007709.2690143436 212562.93220734596, 1007708.7814825028 212561.64251175523, 1007708.4888321757 212560.29507350922, 1007696.4393155873 212479.48125874996, 1007688.0026526749 212423.11293317378, 1007677.4764270037 212353.32271842659))","QN","LP-02258","Yes","Sunnyside Gardens Historic District","No","DESIGNATED","DESIGNATED",,"4/17/2007",,"06/26/2007","03/06/2007","10347.990857084334","2347704.8417377584"
"POLYGON ((988562.171153754 206340.7553472519, 988670.9386527538 206280.62653049827, 988658.2851347625 206257.2010524273, 988594.1687931716 206142.18028509617, 988632.0565126687 206121.17146883905, 988644.7598993331 206143.95915292203, 988665.3546744287 206132.53890016675, 988716.6623145938 206224.90190441906, 988729.488404423 206248.19549301267, 988782.4341646731 206218.9058534205, 988912.6806233376 206452.49757784605, 989030.0215959996 206664.97681167722, 988809.2966437638 206788.00478084385, 988692.793595925 206852.67656750977, 988705.469751671 206875.4832804203, 988754.2924886793 206963.32037508488, 988725.2610506713 206979.41056600213, 988729.147525847 206986.4030060917, 988686.3306823373 207010.13392975926, 988726.9460866749 207082.62394225597, 988739.6173211783 207105.24003875256, 988478.1683690101 207250.16593000293, 988473.1857674271 207252.92806358635, 988440.1408860087 207271.24265950918, 988427.5687326789 207248.45727200806, 988400.6786945909 207200.4645858407, 988380.9425135851 207165.23959067464, 988382.1022881716 207164.59687542915, 988335.1214110106 207080.74599325657, 988322.4993890077 207057.84479233623, 988318.8491338342 207059.8654575944, 988306.8583441675 207037.50657841563, 988271.1464733332 206972.85513292253, 988236.4421464205 206992.07458266616, 988210.8044024259 206945.67146025598, 988156.3281334192 206975.84036317468, 988115.4007218331 206998.5056721717, 988070.98053509 206917.93857608736, 988201.0974008441 206846.06503216922, 988186.9530721754 206820.64283892512, 988136.1198405027 206728.54164516926, 988242.4693653435 206669.5276555866, 988192.674189344 206579.380854249, 988178.6496110857 206553.64501333237, 988367.6521858424 206448.9244222492, 988353.5442744195 206423.4982919991, 988303.0315801799 206332.46107250452, 988348.8484176695 206307.00443050265, 988394.6134180129 206281.61143666506, 988445.0611517578 206372.84353767335, 988459.0063338429 206398.1239989251, 988562.171153754 206340.7553472519))","MN","LP-00893","Yes","Stuyvesant Square Historic District","No","DESIGNATED","DESIGNATED",,"5/27/1975",,"09/23/1975",,"4016.775241783242","532797.268818286"
"POLYGON ((1008021.5994264185 197450.6474713385, 1008021.7634680867 197450.55167099833, 1008103.2134364247 197387.87528717518, 1008113.0214876682 197380.2781895101, 1008049.6019950956 197298.43156842887, 1008042.4333742559 197289.17436908185, 1008065.8119364232 197271.2236175835, 1008072.6465684175 197280.2206468433, 1008136.3035933375 197362.73196475208, 1008145.2694546729 197355.67751692235, 1008228.3706664294 197292.131384179, 1008447.2284964174 197575.02976851165, 1008454.4725764245 197584.53007759154, 1008424.8013759255 197607.5306877494, 1008424.790549174 197607.5218295008, 1008422.1248720884 197609.59367576241, 1008408.9375625104 197619.8594032526, 1008395.8125887513 197630.1251307577, 1008382.6249510944 197640.3751102537, 1008381.687288925 197641.1093607545, 1008369.4376415014 197650.64083775878, 1008331.716916427 197679.89241966605, 1008327.1247340143 197683.43768817186, 1008319.7500768453 197689.06234884262, 1008304.125108093 197701.10924075544, 1008288.437475428 197713.14038467407, 1008272.8125066757 197725.18760466576, 1008260.533003673 197734.64263825119, 1008248.4693795145 197743.9146013409, 1008240.8191323429 197733.96514616907, 1008113.6307384223 197569.6137688458, 1008111.544128418 197566.91626767814, 1008068.6488730013 197511.46657542884, 1008036.5357482582 197469.9551755041, 1008021.5994264185 197450.6474713385))","QN","LP-02081","Yes","Stockholm Street Historic District","No","DESIGNATED","DESIGNATED",,"10/31/2000",,"11/28/2000","09/12/2000","1492.5002636024547","99884.78976225335"
"POLYGON ((960888.7547159195 167966.98071700335, 960900.128380835 167964.63885816932, 960959.4556900114 167927.83348558843, 960994.5389531702 167906.2387125045, 960994.858178258 167907.09927508235, 961000.4838231802 167919.37156026065, 961006.1091400087 167931.6445015818, 961011.734784931 167943.91711483896, 961019.5389031768 167958.6451037526, 961027.3430214226 167973.37342076004, 961035.1471396685 167988.10173775256, 961040.9689784199 167999.0895766765, 961041.2557232529 167999.63025800884, 961045.4984969199 167996.87468609214, 961091.2858069241 167964.66412058473, 961113.9757221788 167930.44338850677, 961133.7145278454 167950.86690409482, 961136.3854542524 167953.61722667515, 961132.7434011698 167959.16478775442, 961114.6108915061 167985.79662425816, 961096.3717547506 168013.13121525943, 961092.5476154238 168019.0813345909, 961085.040084511 168030.89988049865, 961079.7940320075 168037.5465207547, 961087.6831238419 168043.6327946782, 961097.8930771798 168051.84045542777, 961112.0196893364 168054.48611941934, 961114.1020342559 168054.8765385896, 961288.5068691671 168087.5414995104, 961292.1043029279 168173.5314850062, 961293.4058095068 168204.64067475498, 961350.0454600006 168230.836816594, 961338.8292750865 168289.6126176715, 961421.4019445926 168370.2171152532, 961476.9005212635 168439.87445625663, 961483.4208494276 168437.5775448382, 961521.6756941676 168452.95317025483, 961509.5136450082 168461.73333641887, 961514.9834503382 168474.05877108872, 961525.711119175 168479.75003267825, 961544.1871320903 168497.32381641865, 961612.865472421 168562.64914508164, 961573.3816275 168590.9161489159, 961604.6440321803 168627.43805751204, 961580.5443428457 168645.81925433874, 961597.4137316793 168665.3700682521, 961648.0248509198 168724.02447851002, 961666.4503390044 168745.43683725595, 961683.7108031809 168733.3492630124, 961703.0381923467 168755.17467866838, 961803.598030597 168866.95004567504, 961833.6445584297 168845.85199075937, 962050.3157130033 169154.07512758672, 962063.3078130037 169172.29031425714, 962064.4036113471 169171.52686433494, 962078.738228336 169192.03371308744, 962166.6173176765 169314.64731299877, 962170.7885691673 169311.72245009243, 962205.2645500898 169359.82570034266, 962211.7336972505 169356.09900175035, 962265.566922918 169445.95905825496, 962359.9771671742 169386.97656467557, 962391.8612897545 169426.40857242048, 962481.3542210013 169537.08912533522, 962524.6136489213 169647.13516509533, 962405.917692095 169693.4818571657, 962442.8684055954 169787.47970066965, 962446.1708924174 169795.32253275812, 962415.4429355115 169807.04330983758, 962422.4822915047 169836.0468607545, 962450.0065146685 169947.57386867702, 962500.4713087529 169927.75205792487, 962525.5467179269 170029.35618542135, 962380.9479257613 170067.3065688461, 962318.2246260047 170081.07196125388, 962220.494834587 170104.2805762589, 962202.390868172 170030.79515892267, 962188.0680621713 169974.62302717566, 962160.003813833 169860.70724450052, 962006.6189500093 169901.54049617052, 961997.1944281757 169863.284667179, 961987.4864423424 169855.36440742016, 962104.010159418 169824.34412825108, 962098.7329390049 169801.6371526718, 962094.1381319165 169802.86024734378, 962059.4882668406 169653.76835392416, 962189.1769838333 169619.24316050112, 962197.4332009256 169616.97905741632, 962227.646723181 169599.659866333, 962220.8599913418 169589.13856191933, 962215.2048189193 169580.51587575674, 962209.5079799294 169571.9210766703, 962203.8108128458 169563.32594950497, 962193.6530247629 169547.76298850775, 962183.4260110855 169532.24464683235, 962173.177015841 169516.74106892943, 962166.2318197638 169506.24338650703, 962163.4959328473 169502.10789608955, 962159.2869517505 169495.7460321784, 962152.3214145005 169485.26180116832, 962145.3558772504 169474.77822634578, 962138.3581878394 169464.31564883888, 962131.3601703346 169453.85307133198, 962120.5951000005 169437.5660304278, 962109.7909877598 169421.30622042716, 962098.5429787636 169405.37383759022, 962086.8740388453 169390.18587583303, 962074.7769501805 169375.31484258175, 962062.428877756 169360.6560792625, 962062.0653614253 169360.23613259196, 962042.9577880949 169338.48027059436, 962026.247191593 169320.24343042076, 962016.9184700847 169310.4950903356, 962008.6402714252 169301.90324400365, 961999.5832029283 169291.8858755827, 961989.5697715133 169279.1572265029, 961975.3460466713 169260.3537864238, 961946.9779931754 169228.15142300725, 961923.1109149307 169201.4083662629, 961795.7843979299 169058.72197183967, 961763.6033599228 169089.6782747507, 961682.7491909266 169167.34970733523, 961654.9795614183 169136.99937434494, 961619.2060109228 169171.3644630909, 961608.9238792509 169161.3260973394, 961578.057471171 169190.97794091702, 961562.5611110926 169206.65080983937, 961597.8159618378 169233.79544058442, 961595.1351929307 169237.4404464215, 961542.1539996713 169305.2854550928, 961553.3462345004 169313.90354809165, 961481.0537281781 169406.2721297592, 961479.4690856785 169405.05198784173, 961443.906164676 169450.49152950943, 961445.4904790968 169451.71134333313, 961369.6868249178 169548.56744883955, 961348.3686260879 169532.15179926157, 961322.8732702583 169564.72752150893, 961244.6431117505 169504.48978108168, 961230.8682049215 169494.1020065844, 961244.8386494219 169476.4589972496, 961256.6256993413 169461.57320025563, 961268.4130773395 169446.68740326166, 961280.2004553378 169431.80193433166, 961291.987833336 169416.91580925882, 961303.7752113342 169402.02968417108, 961315.5852270871 169386.88929450512, 961317.3316146731 169384.65012575686, 961327.3955709189 169371.7485767603, 961339.2059147507 169356.60785900056, 961344.5293949246 169349.7830695063, 961312.6774245054 169314.03117249906, 961267.6630788445 169263.42891150713, 961326.1934735924 169189.05077941716, 961294.0150602609 169165.4632281661, 961274.5305191725 169118.47546125948, 961277.9494755864 169116.8819605112, 961270.2660920024 169102.99452109635, 961263.620107919 169090.98174983263, 961231.2592802644 169053.6757220924, 961197.4453715086 169014.69450083375, 961082.7661389261 168882.49102509022, 961057.2031979263 168853.0330787599, 961058.5079853386 168851.92382900417, 961052.1664625853 168844.7791582495, 960969.070828259 168749.83741900325, 960886.6517017633 168655.7254025042, 960879.5313091725 168647.51478900015, 960900.4915690869 168629.18149234354, 960956.9314168394 168581.19241508842, 960986.9001889229 168554.20263966918, 960967.1656483412 168527.72073724866, 960966.0698500127 168526.83819308877, 960965.1446550041 168525.7817647606, 960964.413029179 168524.58097974956, 960963.9829119295 168523.53964325786, 960963.8985945135 168523.27159917355, 960963.8228072524 168522.999946177, 960953.2736157626 168506.43173784018, 960942.7237680852 168489.8638575822, 960932.7103366703 168473.72675076127, 960922.6962490976 168457.5899720043, 960912.6824895889 168441.45319326222, 960902.668730095 168425.3157583326, 960892.6549705863 168409.17897959054, 960882.3019729257 168393.3000743389, 960871.9489752501 168377.4211690873, 960861.5959775895 168361.5429200083, 960857.7577306777 168356.7942418456, 960853.7567544281 168352.18139016628, 960849.5976420045 168347.710598588, 960845.285642758 168343.38777258992, 960840.8256779164 168339.2175053358, 960836.2233249247 168335.20471808314, 960831.4841611683 168331.3546601683, 960826.6137640923 168327.67192475498, 960821.6183672547 168324.1604488343, 960816.5035480857 168320.82548175752, 960811.2761963457 168317.6703043431, 960805.9418894202 168314.6981974244, 960800.5075170845 168311.9144103378, 960794.9796410054 168309.32123966515, 960789.3648228347 168306.92163817585, 960783.669952333 168304.71954284608, 960777.9015911669 168302.71626600623, 960772.0672852546 168300.9147604257, 960766.1739243418 168299.31797884405, 960753.7497365922 168297.3642425835, 960741.2704308331 168295.80486249924, 960728.7474900037 168294.64147900045, 960716.1943655014 168293.87442016602, 960703.6228683442 168293.50565449893, 960691.0464499295 168293.5341977626, 960678.4769212604 168293.96103417873, 960658.9749917537 168294.7999432534, 960639.4733903408 168295.6395085007, 960619.9717889279 168296.47874566913, 960600.4698594213 168297.3176547587, 960580.9679299295 168298.157220006, 960570.0420987606 168298.90164108574, 960569.5227428377 168291.4515247494, 960567.308508426 168248.10417050123, 960566.6618561745 168235.44638742507, 960616.1020460129 168233.00282275677, 960613.6443737596 168184.88021558523, 960663.8601525873 168182.39826516807, 960712.7170102596 168179.98324374855, 960779.5675983429 168176.67878842354, 960911.2871511728 168170.16731850803, 960945.2834742516 168229.9641149193, 960988.1646220833 168305.38948900998, 961091.1654003412 168215.51434066892, 961103.2044182569 168204.84966383874, 961098.5669603348 168195.9438417554, 961090.4209792614 168179.85430701077, 961082.2743420005 168163.76411609352, 961074.1283609271 168147.674581334, 961065.98205176 168131.58504658937, 961058.7061476707 168117.14937992394, 961051.4299155027 168102.71404133737, 961049.0585291684 168098.00932633877, 961044.1540114284 168088.27837467194, 961036.8777792603 168073.84336417913, 961036.4122290015 168072.91948150098, 961031.2918324172 168062.76038108766, 961030.666833669 168061.518585667, 961030.2117820978 168060.61799691617, 961029.6031875014 168059.4076974988, 961027.6438738406 168057.22988033295, 961019.0461219996 168031.41497133672, 961018.8600987643 168031.58918358386, 961018.6678419262 168031.7574903369, 961018.4703357518 168031.9182511717, 961018.267252177 168032.07310651243, 961018.0592473447 168032.22041592002, 961017.8459931761 168032.36083558202, 961011.5681185871 168032.88019150496, 961011.4696935862 168032.88380041718, 960996.5560095012 168033.44515100121, 960978.3870825917 168034.66529291868, 960960.2178275883 168035.88543483615, 960942.0492287576 168037.10590483248, 960926.4150736779 168037.55734750628, 960910.7809185833 168038.0087901652, 960908.4784297496 168038.07539108396, 960906.8301390857 168038.12296317518, 960905.5082913339 168032.9139840901, 960888.7547159195 167966.98071700335))","SI","LP-02147","Yes","St. Paul's Avenue-Stapleton Heights Historic District","No","DESIGNATED","DESIGNATED",,"3/30/2004",,"06/22/2004","03/09/2004","9426.517989465588","1033949.963548536"
"POLYGON ((999476.0823967606 237432.5491346717, 999567.2652852535 237381.81399992108, 999553.1101298332 237356.1421352625, 999505.3621938378 237269.78764916956, 999661.9294660091 237183.2005520016, 999947.5686585009 237025.23302017152, 1000005.1364567578 236993.39646966755, 1000025.0668630898 236982.37451009452, 1000041.347670421 237011.81933309138, 1000115.7303956747 236970.68293242157, 1000134.471171841 237004.57656542957, 1000147.1978524178 237027.5929235816, 1000175.3920217603 237078.35200841725, 1000208.6111154258 237137.95326717198, 1000208.9290281683 237138.2688833326, 1000243.5966097564 237200.6047166735, 1000273.9138063341 237255.11871525645, 1000297.0781300962 237303.4352196753, 1000346.3519816697 237391.73458375037, 1000255.9519000053 237441.83979851007, 1000152.0449555963 237499.4315468371, 1000097.0253805965 237529.92656458914, 999986.5744860023 237591.1452741772, 999751.6077643335 237721.40485617518, 999660.4911486804 237771.92083126307, 999611.030945763 237683.76910467446, 999606.0119269192 237674.69431966543, 999609.617562756 237672.68251267076, 999588.034928754 237634.4102795124, 999490.3297435939 237458.20754791796, 999476.0823967606 237432.5491346717))","MN","LP-00322","Yes","St. Nicholas Historic District","No","DESIGNATED","DESIGNATED",,"7/12/1966",,"03/16/1967",,"2599.579486748384","386582.936244055"
"POLYGON ((960743.7904389203 174647.9243760854, 960755.6116095036 174643.84400367737, 960784.8103700131 174733.83201266825, 960807.786702007 174726.18668675423, 960858.916192919 174883.76543983817, 960863.1510925889 174896.40255367756, 960885.7806405127 174888.83432734013, 960886.9407431781 174888.44587667286, 960904.1391995847 174882.68932650983, 960914.6877349168 174879.15619708598, 960932.6873708367 174873.1562090963, 960950.6249990016 174867.14047308266, 960968.5626271665 174861.14081317186, 960986.4999272525 174855.14049708843, 961004.5002193451 174849.14083717763, 961022.4375194311 174843.12510117888, 961040.3748195022 174837.12511317432, 961058.3124476671 174831.12512516975, 961076.3124116808 174825.109389171, 961094.2500398457 174819.10940116644, 961112.1873399168 174813.10941317677, 961130.0623041689 174807.51559233665, 961147.937268421 174801.90635159612, 961165.7502249181 174796.312530756, 961183.6251891702 174790.71870991588, 961201.4998253435 174785.10914108157, 961219.3124537617 174779.51564833522, 961235.4374215007 174774.09374317527, 961251.4997253418 174768.65609000623, 961267.5626853406 174763.23418484628, 961283.6249891669 174757.7968597561, 961299.7499569207 174752.35953466594, 961315.8125888407 174746.937629506, 961332.3125558347 174741.37497659028, 961348.8751867563 174735.81265175343, 961365.3751537502 174730.2499988377, 961381.9374565929 174724.68767400086, 961398.4374235868 174719.12502108514, 961401.474819094 174718.104681924, 961401.5447008461 174718.08138801157, 961415.0000545084 174713.56236816943, 961431.5000215024 174708.00004333258, 961448.4376516789 174702.28122276068, 961465.3749537617 174696.56240217388, 961482.3125839233 174690.82816167176, 961499.2498860061 174685.10934108496, 961526.3659735024 174675.95712842047, 961543.8862796724 174722.68406908214, 961572.864240095 174799.52774742246, 961579.6276780069 174796.96508850157, 961617.8523390889 174882.95704250038, 961635.4691017568 174922.00748933852, 961627.5626215041 174924.89068567753, 961612.7499870956 174930.2810948342, 961597.9376807511 174935.67183208466, 961581.5000495911 174941.34373675287, 961565.1250823438 174947.01564142108, 961548.6874511689 174952.6875460893, 961532.3124839216 174958.34370274842, 961515.749853 174963.81252384186, 961499.1252143383 174969.2655969262, 961482.5622553378 174974.71867001057, 961465.9376166761 174980.17174309492, 961449.3749857545 174985.62514425814, 961431.8123568445 174991.34396484494, 961412.9728275836 174997.45648542047, 961415.4514971673 175007.17332950234, 961453.8989268392 175164.81474649906, 961456.9363223463 175178.0374890864, 961442.4373355955 175181.34358483553, 961403.6874130964 175190.76548200846, 961365.7058617622 175201.15424075723, 961363.033294931 175191.59356433153, 961320.2381049246 175038.40423817933, 961317.4264307618 175028.3406100124, 961314.2397573441 175029.37111975253, 961289.4330484271 175037.39308534563, 961279.7499969304 175040.54695042968, 961271.3139901757 175043.29399217665, 961270.6374823451 175043.51413609087, 961262.1876960844 175046.26577100158, 961244.6250671744 175051.9842635095, 961227.1251021773 175057.7030840963, 961209.5624732524 175063.4219046682, 961193.1875060052 175068.73455809057, 961176.8125387579 175074.04688341916, 961160.5002354234 175079.3595368415, 961144.1249400973 175084.6876101792, 961127.7499728352 175089.99993550777, 961110.6876710057 175095.49992451072, 961093.6250410974 175100.98416550457, 961076.5624111742 175106.48448258638, 961059.437445417 175111.96872359514, 961042.3751435876 175117.46871258318, 961025.3125136793 175122.96870158613, 961008.249883756 175128.45327067375, 960989.93758443 175134.18751117587, 960971.6876209229 175139.921751678, 960953.3749935031 175145.65632025898, 960935.1250300109 175151.39088883996, 960916.8750665039 175157.12512934208, 960898.8751025051 175162.57820242643, 960872.8751545101 175169.8905237615, 960846.6248789281 175176.3124269247, 960820.1875958443 175181.81241592765, 960793.62498492 175186.40623874962, 960766.3750394285 175190.15623125434, 960725.624792844 175199.9219597578, 960724.6874587536 175199.64046426117, 960723.750124678 175199.4531286657, 960722.7501266748 175199.3750448376, 960721.8124645054 175199.406212762, 960720.8124665022 175199.51579259336, 960719.8748043478 175199.73429608345, 960713.4374812543 175200.29695901275, 960704.2498355955 175201.09354533255, 960688.5625310093 175202.45312267542, 960672.937562257 175203.8281199187, 960654.1875997633 175205.01545350254, 960635.3749733418 175206.21886317432, 960616.6250108331 175207.40619675815, 960583.8747482598 175208.3438589275, 960562.9997900128 175208.515446499, 960542.0624959171 175208.03119550645, 960521.1875376701 175206.89044976234, 960500.3122513443 175205.0781174153, 960479.5626209229 175202.6250383407, 960463.7755790055 175200.24052867293, 960462.5587179214 175200.0564739257, 960458.8749982566 175199.50004458427, 960438.250039503 175195.73430408537, 960417.8124163449 175191.31239692867, 960397.5001210123 175186.25007109344, 960377.500161007 175180.28125099838, 960357.6248726696 175173.6408443451, 960338.0625758469 175166.32819491625, 960318.6876145899 175158.3593788445, 960298.1725637615 175149.01786208153, 960291.7155556679 175157.96075758338, 960173.8076550066 175322.6871341765, 960167.4992686808 175331.5007648319, 960162.4234914184 175328.26094192266, 960162.4162735939 175328.24519392848, 960161.2007248402 175327.4709172547, 960154.6252786666 175323.28129309416, 960140.1249795854 175313.390564844, 960125.9376720041 175303.06250150502, 960112.125035584 175292.3125230074, 960098.5623986721 175281.12520942092, 960083.7500923425 175269.1252334267, 960068.9374579191 175257.14067733288, 960054.1248235106 175245.14070133865, 960039.312517181 175233.14072534442, 960029.3125371784 175225.031161502, 960024.5002108365 175221.1407493353, 960023.6252125949 175220.23458316922, 960022.8125501722 175219.2342570871, 960022.1248875111 175218.15617525578, 960021.5625526756 175217.01542951167, 960021.1248895079 175215.81267601252, 960020.8125541806 175214.57809841633, 960020.6248905063 175213.32810091972, 960020.5625546724 175212.0469354987, 960020.6248905063 175210.78119000793, 960020.8752180934 175209.53119251132, 960021.1875534207 175208.2969430089, 960022.6508050859 175205.89701342583, 960024.9975851774 175202.04925209284, 960030.6875344217 175192.71889017522, 960033.3751930892 175188.32815092802, 960040.1875154227 175177.15625725687, 960049.6874964237 175161.5782044232, 960059.2501413375 175145.99982351065, 960068.7497942597 175130.42177067697, 960078.2501033396 175114.8591377586, 960087.7500843406 175099.28108492494, 960095.9374039173 175085.54686042666, 960104.1250515878 175071.8126359284, 960112.2500353456 175058.07808333635, 960113.6873684227 175055.68734009564, 960120.4376830012 175044.34385883808, 960122.8645154238 175040.1148646772, 960092.4574239999 175021.66083334386, 960092.9853100926 175020.79010017216, 960098.6250625849 175011.48434451222, 960105.5623846799 175000.0001154989, 960105.8333815038 174999.54801666737, 960108.2500433475 174995.51554442942, 960114.6611197591 174984.94732408226, 960117.6972029209 174979.96078550816, 960108.9754355848 174974.2180148363, 959988.546214506 174891.97506909072, 960017.748255834 174847.39215300977, 960025.0845272541 174836.19171608984, 960030.2744775116 174828.26817551255, 960154.7935854197 174638.16356883943, 960161.5655535012 174642.78823150694, 960176.5159829259 174619.96248975396, 960176.2102092505 174619.75382874906, 960181.2895954251 174613.24170267582, 960191.0572924167 174601.96351000667, 960183.465444088 174596.7788090855, 960428.7625256777 174220.1046936661, 960533.8072630912 174291.8410987556, 960564.8203244209 174312.10582201183, 960552.1251398474 174334.1720508337, 960542.3751593381 174351.12510092556, 960533.0001780838 174367.0000691712, 960523.6251968443 174382.87503741682, 960514.25021559 174398.73425766826, 960504.8752343357 174414.60955400765, 960495.4999250025 174430.48452225327, 960487.6876046807 174443.9218313396, 960479.9372920841 174457.3748884201, 960472.1876356751 174470.8125255853, 960464.4376511723 174484.25016275048, 960454.8126704246 174500.65629792213, 960445.1250257641 174517.0624330938, 960435.5000450015 174533.45314833522, 960429.4377211779 174543.57812808454, 960426.8123983443 174547.92195142806, 960419.0000780076 174560.87500950694, 960418.4374150932 174561.98425926268, 960417.9374160916 174563.1561729163, 960417.5624168366 174564.3750025034, 960417.375081256 174565.625, 960417.2497534305 174566.89041742682, 960417.3127454221 174568.1561629176, 960417.5000810027 174569.40616042912, 960417.750080511 174570.6407380104, 960418.1877436787 174571.82807159424, 960418.7500785142 174572.98423725367, 960419.4374130964 174574.06264717877, 960420.1874115914 174575.0626451671, 960421.0624098331 174575.98455934227, 960422.0000720024 174576.81264166534, 960423.0624058396 174577.53114417195, 960424.1874035895 174578.14072300494, 960425.3127294183 174578.62497401237, 960426.562398836 174578.99997325242, 960427.8123963475 174579.2342247516, 960429.0623938441 174579.34380458295, 960430.3127194196 174579.32805658877, 960431.5627169311 174579.17188891768, 960432.812386334 174578.89039342105, 960434.0000480115 174578.48455433547, 960435.1873815954 174577.95305934548, 960451.5000130087 174569.37499250472, 960459.4373330921 174565.20308484137, 960466.1876476705 174561.6719239205, 960480.9376181811 174553.95310734212, 960495.6875886768 174546.25003875792, 960513.0625539273 174536.35931050777, 960530.4375191778 174526.4689103365, 960547.8124844283 174516.57818208635, 960565.1874496788 174506.6874538362, 960580.812418431 174497.93747134507, 960591.3281454295 174492.048703596, 960591.5210584253 174491.94076417387, 960596.4377152622 174489.18748883903, 960612.0626840144 174480.437506333, 960627.6876527518 174471.68752384186, 960631.4179602563 174469.60649125278, 960624.3592473418 174455.52351416647, 960597.7822007537 174401.26673291624, 960617.0518472642 174382.2434770018, 960617.6404287517 174383.4465585947, 960635.5501698405 174363.52107350528, 960652.9458043426 174344.60378850996, 960672.7108566761 174326.87416517735, 960694.6373220086 174311.53987824917, 960743.4702295959 174411.56362834573, 960739.0624300092 174413.70305976272, 960721.9374642521 174422.015707165, 960706.1874957532 174430.06260709465, 960690.4375272542 174438.1095070094, 960686.6875347644 174440.0156711787, 960680.8584781736 174442.990730837, 960677.160322845 174444.87819425762, 960686.4729682505 174473.27675950527, 960688.9375302643 174480.78133767843, 960693.1248578429 174493.49981617928, 960694.8748543411 174498.96896533668, 960700.8751704246 174517.15626491606, 960706.8124945015 174535.3438925892, 960712.812482506 174553.5154441744, 960718.7501346767 174571.70307183266, 960724.6874587536 174589.8906995058, 960730.6874467582 174608.06257916987, 960736.6250989288 174626.24987874925, 960742.6250869185 174644.4375064224, 960743.7904389203 174647.9243760854))","SI","LP-01883","Yes","St. George / New Brighton Historic District","No","DESIGNATED","DESIGNATED",,"10/01/1991",,"07/19/1994",,"6029.008030338047","789792.0531445285"
"POLYGON ((983794.2587735951 197712.65219667554, 983792.6072020978 197712.82181575894, 983790.9471004307 197712.76899434626, 983790.2085848451 197712.64530691504, 983789.308652252 197712.49438859522, 983787.7207289189 197712.0032478422, 983786.2122017592 197711.3041022569, 983785.1987523437 197710.71552075446, 983784.1062348336 197710.08100758493, 983781.4189042598 197707.4192675054, 983781.2187734246 197707.22176134586, 983780.2427255064 197706.255227834, 983779.3785540015 197705.398930341, 983777.8798693419 197703.9150094241, 983776.7597928345 197702.80575966835, 983775.4782993346 197701.53640525043, 983774.4458210915 197700.5137695074, 983773.6256127506 197699.70045092702, 983772.4569799304 197698.53903591633, 983770.4999628365 197696.59382984042, 983757.2499893457 197683.51577199996, 983744.0626797527 197670.43738609552, 983730.8127062619 197657.35932825506, 983717.5624046773 197644.2812704295, 983704.3747670054 197631.18746459484, 983691.1251215935 197618.10940675437, 983677.8751480877 197605.0313489288, 983664.6875104308 197591.95329108834, 983651.4375369251 197578.874905169, 983644.6570386738 197572.04191358387, 983637.3752290905 197564.70301750302, 983623.312593177 197550.5314579159, 983609.2499572635 197536.35957024992, 983599.4934150875 197526.51871067286, 983595.7575301677 197522.75034549832, 983594.7499862611 197521.73427142203, 983594.1249875128 197521.03118884563, 983593.4717735946 197520.08138759434, 983593.168296501 197519.5436590016, 983592.863507092 197518.8979910016, 983592.4701351672 197517.76183842123, 983592.2165267617 197516.48231342435, 983592.1492696702 197515.41866725683, 983592.1968417615 197514.4449159205, 983592.3717101663 197513.3694587499, 983592.6909352541 197512.28481525183, 983593.0265645087 197511.48199534416, 983593.4524166733 197510.69000217319, 983593.9317464232 197509.9721558392, 983594.571837008 197509.16900783777, 983602.4904563427 197499.34553667903, 983633.4254338443 197461.074943915, 983639.700027585 197453.31413267553, 983652.111420095 197437.66029259562, 983662.6343649179 197424.33387567103, 983674.1592762619 197409.741057083, 983687.6959945858 197392.59903100133, 983709.432499677 197364.99180275202, 983721.504982084 197349.78907725215, 983723.2097030878 197347.62996083498, 983723.5443480909 197347.03284917772, 983723.7280747592 197346.74413584173, 983724.0246620923 197346.3202521652, 983724.3350289166 197345.91736583412, 983724.6247265041 197345.57779958844, 983725.0240039229 197345.15621250868, 983725.4203285873 197344.7835098356, 983725.7851572633 197344.4705183357, 983726.3330564201 197344.06041416526, 983726.9072022587 197343.68968001008, 983727.672620669 197343.282856673, 983728.4426322579 197342.93836916983, 983729.0889564306 197342.7152725011, 983729.7484039217 197342.53482666612, 983730.7589005977 197342.35438084602, 983731.6772058457 197342.28285866976, 983732.2506955117 197342.2825305909, 983732.9455760121 197342.32288484275, 983733.8231989294 197342.4462441653, 983734.4924889207 197342.59388166666, 983734.9934721738 197342.74119108915, 983735.470177263 197342.9055608362, 983735.9813310951 197343.11258141696, 983736.7136130929 197343.46986417472, 983743.3208833337 197347.62438341975, 983762.775240764 197360.01740325987, 983822.0723662525 197398.41627658904, 983829.0520110875 197402.93562451005, 983926.5908580124 197466.14087867737, 983959.9992557615 197488.04405008256, 983976.5960073471 197499.2618754208, 983980.4939654171 197501.89638458192, 983982.811874181 197504.17164251208, 983984.4286688417 197506.9875817597, 983985.2249270976 197510.13455708325, 983985.1015677601 197513.54629567266, 983984.183590591 197516.48034492135, 983981.5562992543 197520.1168205887, 983929.8897359222 197574.28403508663, 983910.1177938432 197595.34173575044, 983901.4166957587 197604.60877758265, 983856.0706578344 197652.90362849832, 983818.8912702501 197690.7962692529, 983805.5284360945 197704.42025776207, 983800.2029874176 197709.86742533743, 983798.8712971807 197710.85823699832, 983797.4192003459 197711.66138499975, 983795.8722874224 197712.26308983564, 983794.9923679233 197712.47535975277, 983794.2587735951 197712.65219667554))","MN","LP-01646","Yes","South Street Seaport Historic District Extension","Yes","DESIGNATED","DESIGNATED","CONSISTS OF PORTION OF LP-00948 REMOVED FROM THAT DESIGNATION BY BOE","12/1/1987",,"07/11/1989",,"1094.495793274319","76695.54049186765"
"POLYGON ((983276.5304783434 201794.66831083596, 983346.4650497586 201729.35577742755, 983529.2799728364 201556.7773824185, 983602.3536455929 201488.52259767056, 983649.9427892566 201444.10405133665, 983680.0326240957 201416.01880566776, 983727.7372530848 201372.47296100855, 983855.1287305951 201569.07493001223, 983888.4531390071 201544.7245850116, 984077.5098475069 201428.8980450034, 984286.5950592607 201749.5804745108, 984518.4184145033 202109.7900559157, 984809.740010336 202562.1359360069, 985000.0001285076 202857.82432100177, 985094.857222259 203005.56418301165, 985275.2991185933 203290.5619725883, 985401.4517534226 203489.54123342037, 985144.7882247567 203570.99054558575, 985089.371340841 203589.0941839218, 984912.3933483362 203704.03555509448, 984704.2300507575 203838.95260809362, 984494.3974651694 203975.51860792935, 984273.3381960094 204118.48059234023, 984001.1819161773 203695.27179308236, 983714.0676610023 203250.31500583887, 983423.585302338 202797.3224735111, 983231.1453985125 202499.99990542233, 983205.7310792506 202460.5846299231, 983001.1999922544 202143.9199089259, 982965.1711929291 202085.15624691546, 983160.8269695938 201903.27209626138, 983276.5304783434 201794.66831083596))","MN","LP-00768","Yes","SoHo-Cast Iron Historic District","No","DESIGNATED","DESIGNATED","SMALLER AREA PREVIOUSLY HEARD AS LP-0711","7/21/1970",,"08/14/1973",,"7708.435087601924","3219780.575678917"
"POLYGON ((990338.9205530137 211529.86045458913, 990328.4379624277 211510.8358863443, 990309.2526333332 211476.0170583427, 990290.6926310956 211442.33438292146, 990327.3333058357 211422.09656250477, 990342.085901007 211413.94894100726, 990377.8843858391 211394.17667083442, 990401.3977902532 211436.8481734246, 990415.7130503356 211462.82942067087, 990425.9216913432 211481.3126514256, 990390.2682193369 211501.3923356682, 990375.5287475139 211509.56423534453, 990338.9205530137 211529.86045458913))","MN","LP-00249","Yes","Sniffen Court Historic District","No","DESIGNATED","DESIGNATED",,"4/12/1966",,"06/21/1966",,"398.67112839351665","9940.786476413898"
"POLYGON ((992688.2623110116 231161.64140091836, 992710.9771605879 231149.05612425506, 992774.2395012528 231264.32557874918, 992741.8425844163 231282.2668158412, 992689.871559754 231311.04759816825, 992576.665093258 231373.73907384276, 992628.3310004175 231467.6893452555, 992648.8890301734 231505.07214450836, 992549.4476280063 231561.30365933478, 992535.7468680143 231569.05101917684, 992397.2313970029 231323.52690392733, 992413.5145009309 231314.50329992175, 992513.7551140934 231258.32723116875, 992501.3266612589 231236.08679008484, 992460.9875030965 231162.48884017766, 992451.3218400031 231144.85370483994, 992625.8352705091 231048.1304730922, 992675.8348424286 231139.35305967927, 992688.2623110116 231161.64140091836))","MN","LP-00323","Yes","Riverside-West 105th Street Historic District","No","DESIGNATED","DESIGNATED","BOUNDARIES AS HEARD DIFFER FROM DESIGNATED (NAME ALSO CHANGED, BUT LP STAYED THE SAME)","7/21/1970",,"04/19/1973",,"1537.1774471960973","92570.1553100707"
"POLYGON ((989537.2075895071 225471.7374264151, 989546.8450374305 225489.02807424963, 989555.6799935102 225504.87876434624, 989573.3613885939 225495.07497817278, 989606.5660465956 225554.6460532546, 989610.7166288346 225562.2634920925, 989554.3630670011 225593.20240658522, 989536.7499132603 225603.0468750894, 989519.4372838438 225612.76568767428, 989502.0623185933 225622.4841721654, 989484.6873533428 225632.18756483495, 989469.9373828471 225640.45329633355, 989455.0624125898 225648.7498676777, 989440.1874423474 225657.0467670858, 989425.3124720901 225665.35941450298, 989409.7498391718 225674.04673309624, 989408.6875053346 225674.57822808623, 989407.6251715124 225674.98439525068, 989406.4375098348 225675.28131067753, 989405.3125120848 225675.46897433698, 989404.125178501 225675.5155621767, 989402.9375168383 225675.4532263428, 989401.8125190884 225675.28131067753, 989400.6248574257 225674.9686472565, 989399.5625235885 225674.56248009205, 989398.4998616725 225674.03131316602, 989397.500191763 225673.39056642354, 989396.5625295937 225672.67173583806, 989395.7501952499 225671.84365350008, 989394.9998686761 225670.937487334, 989394.3125340939 225669.96865725517, 989386.5264604241 225656.35647974908, 989384.9375528395 225653.57794199884, 989375.3125720918 225637.78138567507, 989365.2499281764 225622.2656686753, 989356.7866905034 225609.99863283336, 989354.7768520117 225607.04030542076, 989349.6115080118 225599.98881034553, 989343.7499711812 225591.93764534593, 989332.3123300076 225577.15617883205, 989320.0626825839 225561.87504142523, 989307.7500431687 225546.5469880849, 989295.4374037534 225531.21860666573, 989287.6874192506 225521.56245800853, 989283.125092417 225515.89088141918, 989271.812451005 225501.43749825656, 989270.9374527633 225500.7498355955, 989270.1874542534 225499.9844171703, 989269.4374557585 225499.14058683813, 989268.874792844 225498.21867267787, 989238.8646822572 225461.16395676136, 989238.3230166733 225460.67675299942, 989238.0067443401 225460.35851217806, 989237.7678996772 225460.1026071757, 989237.5300392509 225459.82996992767, 989237.0822055042 225459.26369808614, 989236.7160645127 225458.8001163453, 989233.5362808406 225454.77650234103, 989232.1911391765 225453.0744060129, 989230.002495259 225450.30472651124, 989226.5625414997 225445.95302917063, 989215.6252274215 225432.09380492568, 989209.0277996808 225423.77197116613, 989204.6249213368 225418.21883267164, 989193.6872791797 225404.3438604176, 989182.692878589 225390.44362576306, 989182.033431083 225389.60898175836, 989181.4904531687 225388.921975255, 989161.7326186746 225363.76684184372, 989178.4527295977 225354.60084967315, 989229.4253966808 225326.36370141804, 989235.3404110968 225336.80495350063, 989321.2805279195 225289.19579675794, 989365.3296524286 225264.793942675, 989409.1681474298 225240.508558169, 989461.3937647641 225334.80758216977, 989480.386180833 225369.37148942053, 989522.2473175973 225346.0920084268, 989526.3470469266 225353.87086425722, 989579.1645265967 225448.6278925836, 989537.2075895071 225471.7374264151))","MN","LP-01429","Yes","Riverside Drive-West 80th-81st Street Historic District","No","DESIGNATED","DESIGNATED","BOUNDARIES DIFFER (SLIGHTLY) FROM TIME OF PUBLIC HEARING","4/12/1983",,"03/26/1985",,"1416.0135947707151","100315.5504718494"
"POLYGON ((991196.2072242498 228502.7166006714, 991178.7440045923 228512.37898291647, 991144.9950563461 228531.05283008516, 991089.962029919 228561.50355659425, 991036.2269011736 228591.23578058183, 990970.0433064997 228627.85677033663, 990914.0434185117 228658.84227266908, 990964.2552603334 228750.48054084182, 990970.4094475061 228761.45656876266, 990962.2473903447 228766.02119217813, 990980.240464583 228798.5549197495, 991031.0261241794 228889.85657441616, 990984.2122414261 228915.83946208656, 990997.1462706774 228939.09827384353, 991036.5579372644 229009.96886700392, 991041.2820091695 229018.5994271785, 991027.8125479221 229026.07808674872, 991011.6249162555 229035.0938167572, 990998.4677903354 229042.3933428377, 990988.0980604291 229048.14661216736, 990987.945829764 229048.23125767708, 990981.9117210954 229051.57902000844, 990979.1249812543 229053.1249486655, 990962.8750137538 229062.15642666817, 990962.2959466726 229062.33129508793, 990961.6873520911 229062.51534983516, 990961.0771170855 229062.65314483643, 990960.4373545945 229062.7968453318, 990959.8386025131 229062.88674017787, 990959.1876851767 229062.98450900614, 990958.5869645923 229063.03700233996, 990957.9376876801 229063.09376075864, 990957.3290930837 229063.1088525951, 990956.6873620898 229063.12492866814, 990956.0682688355 229063.0940888375, 990955.4373645931 229063.06259283423, 990954.8120377511 229062.98418092728, 990954.1873670965 229062.90609708428, 990953.5663053393 229062.78962750733, 990952.9376976788 229062.6718455851, 990952.3379613459 229062.5061635077, 990951.7500360012 229062.34376224875, 990951.1342235953 229062.13313275576, 990950.5623743385 229061.9375950843, 990949.9547640085 229061.68956409395, 990949.3750407547 229061.4530160129, 990948.8071285039 229061.1692239195, 990948.2500430048 229060.89068117738, 990947.6949260086 229060.5744088441, 990947.1250452548 229060.24993442, 990946.6325921714 229059.8959325105, 990946.1250472516 229059.53143192828, 990945.6234078407 229059.13937233388, 990945.1250492632 229058.74993741512, 990944.6614675075 229058.325069502, 990944.1873870939 229057.89068716764, 990943.7575979233 229057.4454780817, 990943.3123888373 229056.98452100158, 990942.9131114185 229056.50814400613, 990942.5000545084 229056.01569092274, 990942.1365381777 229055.51405151188, 990933.2497449219 229043.24996842444, 990925.0624253452 229031.9219070822, 990916.8124418408 229020.60926567018, 990905.7497999221 229004.46887800097, 990895.1874850839 228988.00007891655, 990885.0625053346 228971.25011242926, 990875.4375245869 228954.2189785093, 990870.3125348389 228944.51558583975, 990865.500208512 228934.6717735082, 990861.0002175122 228924.67179350555, 990856.8125618398 228914.5471418351, 990852.9375695884 228904.29683426023, 990849.437576592 228893.93760301173, 990846.18725501 228883.46879191697, 990843.4950031787 228873.7499793321, 990843.2604235858 228872.89827500284, 990843.0983504206 228872.18272525072, 990843.0356865078 228871.82150550187, 990842.9772876799 228871.3697347492, 990842.9241381735 228870.72767567635, 990830.7099237591 228822.67002899945, 990824.1249631792 228781.59366758168, 990821.687304005 228727.6561114192, 990820.8749696761 228673.671967417, 990820.4373065084 228656.73433725536, 990819.9999714196 228639.8124550879, 990819.6249721795 228622.87482492626, 990819.1876370907 228605.93752284348, 990818.749973923 228589.01564067602, 990818.7811418474 228588.33388350904, 990818.8126378357 228587.65606333315, 990818.9058135003 228586.9867733419, 990818.9999734163 228586.31256209314, 990819.1243170053 228585.65114608407, 990819.2499729246 228584.98448075354, 990819.1249731779 228529.51543158293, 990818.8126378357 228528.39076192677, 990818.6249741763 228527.23426817358, 990817.4376405925 228513.81270709634, 990815.8749796748 228500.82815299928, 990813.937647596 228487.89084292948, 990811.4999884218 228475.0470365882, 990808.6249941736 228462.2813140899, 990805.3123367578 228449.6248433441, 990801.6250081807 228437.07795242965, 990795.312684834 228418.0468225032, 990788.5000344217 228399.20302817225, 990781.0623852611 228380.56231741607, 990773.1250651777 228362.1565143317, 990764.6250821799 228344.00005458295, 990755.6251001805 228326.09359434247, 990755.4374365062 228325.1874281764, 990755.3751006722 228324.26551400125, 990731.90205051 228282.95752575994, 990731.5624842644 228282.54709351063, 990730.9374855012 228281.5625154227, 990730.3751506805 228280.51560150087, 990722.3125027567 228266.06254641712, 990713.1875210106 228249.70332717896, 990704.0625392497 228233.4064437598, 990694.8748935908 228216.99998050928, 990685.7499118447 228200.65618117154, 990676.6249300838 228184.2966338396, 990667.4999483377 228167.95316259563, 990658.3749665916 228151.5936152488, 990649.2499848455 228135.24981592596, 990640.1250030845 228118.8905966729, 990633.5623521805 228107.12487217784, 990632.3750185966 228105.07796025276, 990631.0000213385 228102.54712542892, 990630.2500228435 228101.45296750963, 990629.6873599291 228100.31222175062, 990629.1873609275 228099.10946825147, 990628.8750255853 228097.85947075486, 990598.9374214262 228051.18764808774, 990598.5000863373 228050.3280697614, 990585.7497837543 228028.07811425626, 990572.5624741763 228006.6250731796, 990558.8125016689 227985.57787117362, 990544.4375304282 227964.93749250472, 990536.9375454187 227954.43751350045, 990529.1248970032 227944.21870192885, 990520.9375774264 227934.28138583899, 990512.4372663349 227924.6406570822, 990503.5626121759 227915.29684375226, 990494.3749665022 227906.26569384336, 990484.8749855012 227897.56229917705, 990475.1250050068 227889.18731592596, 990474.4376704246 227888.53114925325, 990473.8126716763 227887.81231866777, 990473.3123445958 227887.03148034215, 990421.8888910115 227850.97479392588, 990421.3751125038 227850.64080509543, 990420.4374503344 227850.00005833805, 990414.8124615848 227845.42198351026, 990409.0001372546 227841.04699225724, 990402.9998211712 227836.8750845939, 990396.9374973476 227832.9220084995, 990390.6875098348 227829.17168791592, 990384.3125225902 227825.64052700996, 990377.8751995116 227822.32819767296, 990361.1249049306 227814.17204600573, 990344.2499386668 227805.98439833522, 990327.374972418 227797.7967506796, 990317.6745325029 227793.09039525688, 990309.9918050915 227789.3623843342, 990293.6873757541 227781.43753142655, 990276.8124095052 227773.2502118349, 990259.9374432564 227765.0625641793, 990243.0624770075 227756.8749165088, 990226.1875107586 227748.6872688383, 990216.7498655915 227744.09377409518, 990209.3752084225 227740.51569725573, 990208.5625459999 227739.76569876075, 990207.8748833388 227738.9530363381, 990155.5744630098 227706.1778394282, 990155.4691482633 227706.12534609437, 990154.8126535118 227705.79693467915, 990154.2270247638 227705.43505875766, 990153.6249918342 227705.06235608459, 990124.6873856783 227685.92197442055, 990096.250106588 227666.04668608308, 990068.3748342544 227645.46864326298, 990057.7498555034 227637.20291174948, 990047.4375401735 227628.6405929178, 990037.375224337 227619.78135867417, 990027.5625799298 227610.640628919, 990017.9999350011 227601.2029837519, 990008.7499535084 227591.48449926078, 990004.3749622554 227586.64067691565, 989999.9999710023 227581.74993866682, 989997.5626399219 227578.96877625585, 989995.1876446754 227576.1718658358, 989990.8749892563 227570.96846416593, 989990.4701344222 227570.43959383667, 989990.0623268336 227569.90613034368, 989989.6938892603 227569.3608558327, 989989.3123283386 227568.79688058794, 989989.0036019236 227568.22568750381, 989988.6876576692 227567.6407149285, 989988.4032094181 227567.0409785956, 989988.1249947548 227566.4530532509, 989957.3123923391 227512.31241349876, 989956.8123933375 227511.45316325128, 989950.5000700057 227500.00010217726, 989948.4374100864 227496.23436167836, 989939.437428087 227479.9374782592, 989930.5001100004 227463.62517492473, 989921.500128001 227447.3279634267, 989912.5624818355 227431.03140808642, 989903.5624998361 227414.71877667308, 989894.6248536706 227398.42189325392, 989885.687535584 227382.12500983477, 989876.6875535846 227365.81237842143, 989867.7499074191 227349.51549500227, 989858.0625908375 227332.00011008978, 989857.6249276698 227331.10936383903, 989857.2499284297 227330.18744967878, 989834.124974668 227287.51561900973, 989833.374976173 227286.54711700976, 989832.6876415908 227285.49987500906, 989821.2500004172 227265.8437463343, 989811.9996908456 227249.42186316848, 989802.8123732507 227232.99998000264, 989793.6250556707 227216.5938448459, 989784.4374100119 227200.17196166515, 989775.250092417 227183.75007849932, 989766.0001109242 227167.32819533348, 989756.8124652505 227150.90598408878, 989747.6251476705 227134.4844290018, 989738.4375020117 227118.0622177571, 989729.0001849234 227101.2656634152, 989728.5625217557 227100.40641316772, 989688.3759223372 227026.96233433485, 989688.0626027584 227026.56272883713, 989687.5626037568 227025.7343184203, 989687.3122761697 227025.29107783735, 989685.3749440908 227021.8593261689, 989677.4999598414 227007.53127083182, 989668.2499783337 226990.68747250736, 989658.9373329282 226973.85942217708, 989649.6250155866 226957.0156238377, 989640.3750340939 226940.17182549834, 989631.0623886734 226923.32802717388, 989621.749743253 226906.4842288345, 989612.5000898391 226889.64043051004, 989609.2166318446 226883.73066541553, 989606.3669000119 226878.56532141566, 989603.1838355064 226872.7953198403, 989596.3347678334 226860.38031841815, 989593.8918593377 226855.95250575244, 989589.2731021792 226847.65560634434, 989585.6858390123 226841.15004192293, 989584.5683871806 226839.1339698434, 989584.0204880089 226838.14545474946, 989583.5063814223 226837.20582409203, 989582.9660281688 226836.00831992924, 989582.6746901721 226835.18220609426, 989582.3751500845 226833.90629000962, 989582.1248225123 226832.60937659442, 989582.0624866784 226831.29671517015, 989582.187486425 226829.98438183963, 989582.3751500845 226828.68746842444, 989582.6874854267 226827.42172291875, 989583.1874844283 226826.18747341633, 989583.7501473427 226825.01555976272, 989584.4374819249 226823.90631000698, 989585.3124801666 226822.87481600046, 989586.1874784231 226821.9374819249, 989587.1874764264 226821.09365159273, 989604.3124421686 226811.6405865103, 989621.4377360046 226802.18752142787, 989638.562373668 226792.73412825167, 989655.6873394251 226783.28073509037, 989681.7962110937 226768.8611445129, 989693.4782743454 226762.4090576768, 989701.3929566741 226758.037675336, 989707.909675926 226770.01829442382, 989758.8862800002 226861.21004116535, 989737.7147344202 226872.98199924827, 989789.2638439238 226965.19802217185, 989826.1312242597 227031.150646165, 989850.2912809253 227017.68446575105, 989855.7430416793 227027.7067554295, 989909.0779087543 227123.64619608223, 990237.0168854296 226942.11604733765, 990272.9206850082 226922.24141517282, 990324.2076559216 226893.85203625262, 990375.2075539231 226985.59168216586, 990394.4250351787 227020.36917167902, 990421.3872515857 227005.57917501032, 990426.5001022518 227002.78128033876, 990442.3127346784 226994.0939617604, 990458.1250390112 226985.40631508827, 990474.0000072569 226976.71866841614, 990486.9999812543 226969.60910259187, 990488.2027347535 226968.96179416776, 990562.3751585931 226926.4530209154, 990568.625146091 226923.0002719164, 990581.0001213402 226916.1561255008, 990597.6250880957 226906.93731191754, 990614.1873909235 226897.71882642806, 990630.8126857579 226888.51576083899, 990647.4373244196 226879.29694725573, 990656.4104035944 226874.3028627485, 990661.2968767583 226883.4511384219, 990713.6448691785 226976.73605683446, 990821.6731964201 226916.5977256745, 990873.4073449224 227008.7884861678, 990878.294474259 227017.5620906651, 990844.6866018474 227036.03416658938, 990864.493648842 227072.58133758605, 990914.6661206782 227163.5476910919, 990920.2189310938 227160.46862900257, 990969.9639103413 227250.6600496769, 990976.3612072617 227262.49565592408, 990963.9179906696 227269.3942641765, 990894.4378146678 227307.91813725233, 990911.3268885016 227338.14642325044, 990964.4783570021 227435.10521884263, 991017.7945233434 227405.90022476017, 991070.1008491665 227501.319981426, 991087.2901192605 227532.92884208262, 991102.9721745104 227524.1824685037, 991110.5623824298 227519.93772633374, 991127.1876772642 227510.6408289224, 991145.6082440913 227500.3429492563, 991151.2955686748 227510.6398446709, 991201.9165304303 227602.06026551127, 991253.0673467517 227694.43704925478, 991258.0345284194 227703.50133559108, 991259.1076890081 227702.90783284605, 991277.8799611777 227737.87593875825, 991293.5721870065 227766.30501575768, 991300.9816210121 227779.72887341678, 991258.9341329187 227807.039514333, 991195.6488264203 227848.25203034282, 991219.2898552567 227891.08265334368, 991204.604189083 227899.2224008441, 991255.4945072532 227991.42005108297, 991274.6936158389 228026.60108308494, 991315.0629576743 228004.2507340908, 991341.786985591 227989.45745658875, 991346.0537093431 227997.15691626072, 991370.7101560831 228041.3310405016, 991398.7058349997 228091.48743624985, 991432.7740083337 228072.62592542171, 991437.9137618393 228069.7807867527, 991490.190560177 228163.43807975948, 991494.0353687555 228170.39639917016, 991513.5304085016 228159.41446575522, 991533.0434928387 228194.6880172491, 991584.0768553466 228286.67208525538, 991489.2555226684 228339.39802967012, 991473.7594906688 228348.01481033862, 991487.493715167 228372.77001017332, 991523.8315690011 228438.26659834385, 991529.9417930096 228449.56611642241, 991503.9999157637 228463.82789891958, 991487.3749490082 228473.00012467802, 991476.32346192 228479.09689725935, 991469.5367300957 228482.83737534285, 991454.0623515844 228491.32817199826, 991439.1250455081 228499.57815550268, 991437.4377129227 228500.50006967783, 991436.9728188366 228500.84094825387, 991436.5000507534 228501.18740426004, 991436.0348285884 228501.48989708722, 991435.562388584 228501.79698309302, 991435.0584525913 228502.08044709265, 991434.5623905957 228502.35931792855, 991434.0387695879 228502.59028859437, 991433.5000567585 228502.82814900577, 991432.9872625023 228503.03188875318, 991432.4373948425 228503.2500641793, 991431.9124615043 228503.41213734448, 991431.3750610054 228503.57814750075, 991363.4998686761 228543.39040383697, 991359.6875403374 228545.515727669, 991346.1249034256 228553.03113259375, 991328.812274009 228562.65644142032, 991311.4373087585 228572.29684208333, 991294.062343508 228581.93757084012, 991276.6873782575 228591.56255158782, 991258.8580175936 228601.44671817124, 991252.9849978387 228590.72167401016, 991202.7734840959 228499.08340583742, 991197.971328333 228501.74022467434, 991196.2072242498 228502.7166006714))","MN","LP-01626","Yes","Riverside-West End Historic District","No","DESIGNATED","DESIGNATED","BOUNDARIES DIFFER FROM TIME OF PUBLIC HEARING","5/5/1987",,"12/19/1989",,"8159.481940828494","1592339.526085958"
"POLYGON ((996158.2743998468 180304.66109408438, 996156.8747963458 180321.9061383456, 996155.3751274198 180340.3906814158, 996153.8124665022 180358.87489642203, 996152.3124695122 180377.37485942245, 996150.8124725074 180395.85940250754, 996150.2501376718 180402.76555667818, 996149.1874757558 180415.78127866983, 996149.0624760091 180416.95319233835, 996148.8124765009 180418.09393808246, 996148.4374772608 180419.2031878382, 996147.9374782592 180420.2658497542, 996147.3124795109 180421.28126767278, 996146.6248168349 180422.2189298421, 996145.812482506 180423.0781800896, 996144.9374842644 180423.85934650898, 996143.9374862611 180424.53126117587, 996142.9374882579 180425.10934400558, 996141.8751544207 180425.5781750828, 996140.7501566708 180425.93742634356, 996139.5624950081 180426.18742583692, 996138.4374972582 180426.29700566828, 996137.2498355955 180426.29700566828, 996124.8125245124 180425.23434375226, 996117.8752024174 180424.62476491928, 996099.4375752509 180423.0470121652, 996080.9376122504 180421.45318333805, 996062.43764925 180419.8593545109, 996044.0000220835 180418.28127367795, 996025.5000590831 180416.68777292967, 996005.5283142626 180415.09164750576, 996007.0056735128 180395.64089900255, 996016.3777020127 180288.07352884114, 996069.5078450888 180292.3651869297, 996078.4116986692 180189.8174917549, 996083.0727785975 180138.55250242352, 996069.5819919258 180137.42422384024, 996059.1876557618 180136.5469290018, 996039.6876947582 180134.92193225026, 996020.2500695884 180133.2969354987, 996000.7501085848 180131.67193876207, 995981.3124834299 180130.04694201052, 995961.875186339 180128.42194525898, 995942.3748972565 180126.78120049834, 995922.9376001805 180125.15653184056, 995903.4999750108 180123.53120701015, 995884.0000140071 180121.9062102586, 995864.5627169311 180120.28121350706, 995845.1250917614 180118.6562167555, 995825.6251307577 180117.01547200978, 995806.1875055879 180115.3908033371, 995786.750208512 180113.76580658555, 995767.2499194294 180112.14048175514, 995747.5622947514 180110.56272900105, 995727.8749981672 180108.98432008922, 995708.1250376701 180107.40623925626, 995688.437413007 180105.8281584233, 995668.7501164228 180104.25007759035, 995649.0001559258 180102.6719967574, 995629.3125312626 180101.09358784556, 995609.6249065846 180099.51583509147, 995589.8749460876 180097.95317417383, 995570.1873214245 180096.37509334087, 995550.5000248402 180094.79668442905, 995530.7500643432 180093.21893167496, 995511.0624396801 180091.64052274823, 995491.3751430959 180090.06244191527, 995471.6251825839 180088.48436108232, 995451.9375579208 180086.90628024936, 995432.2499332577 180085.3281994164, 995413.1873073429 180083.67170667648, 995394.1250095069 180082.01554200053, 995375.0000477582 180080.35937733948, 995355.9374218434 180078.70321267843, 995336.8747959286 180077.04671992362, 995307.7882399261 180074.5818298459, 995308.9243925065 180060.00475925207, 995323.464061588 179852.52420309186, 995327.9752074182 179795.94131100178, 995336.611345008 179692.998275429, 995338.3826669306 179693.14230400324, 995346.9249726683 179591.3183606714, 995351.5666956753 179534.63015383482, 995360.6349190027 179433.4613929242, 995355.3672130108 179433.02274550498, 995364.3209352642 179333.1318691671, 995367.8862168342 179288.57684017718, 995347.8167031705 179286.85604308546, 995348.8432759196 179274.2937322557, 995365.0450151712 179073.81349016726, 995366.2198815942 179059.8725731671, 995383.4130886793 179061.26922392845, 995385.8750260025 179061.468698591, 995405.5626506805 179063.06252741814, 995425.2499472499 179064.6717761755, 995444.9375719279 179066.26560500264, 995464.625196591 179067.8594338447, 995484.3124931753 179069.46868258715, 995503.9997897595 179071.0625114292, 995523.6874144226 179072.65601217747, 995543.312375173 179074.2655889988, 995562.3750010878 179075.84399792552, 995581.4376270026 179077.4374986738, 995600.5002529174 179079.01557950675, 995619.5622226745 179080.6094083339, 995638.6248485893 179082.20323717594, 995657.6874745041 179083.78098991513, 995676.7501004189 179085.37481875718, 995695.8123982549 179086.9689756781, 995714.8750241697 179088.54672841728, 995733.9376500845 179090.14055725932, 995752.9999479204 179091.71863809228, 995772.0625738353 179093.31246691942, 995791.1248716712 179094.90629576147, 995810.187497586 179096.48437659442, 995829.249795422 179098.07820542157, 995848.3124213368 179099.65628625453, 995867.3750472516 179101.25011508167, 995886.4373450875 179102.84361584485, 995905.4999710023 179104.42202475667, 995924.5625969172 179106.0158535838, 995943.6252228469 179107.5936063379, 995962.3751853406 179109.06243541837, 995981.0624839216 179110.53126449883, 995999.8124464303 179112.0000935942, 996018.5624089241 179113.45317466557, 996037.3123714179 179114.92200376093, 996056.0626620054 179116.3908328414, 996074.8126245141 179117.8435858339, 996093.5625870079 179119.31241492927, 996112.3125495017 179120.78124400973, 996131.0625120103 179122.2500730902, 996149.8124745041 179123.70315417647, 996168.5624370128 179125.17198325694, 996187.3123995066 179126.64048425853, 996206.0623620003 179128.0935653448, 996224.812324509 179129.56239442527, 996244.1249499172 179131.062719509, 996298.434552595 179135.37865576148, 996311.4998151809 179136.53121250868, 996318.5624650866 179137.14079134166, 996331.0624400973 179138.2500410825, 996350.3750655055 179139.93737366796, 996369.6250270009 179141.62503433228, 996388.937652424 179143.31236691773, 996408.1876139194 179145.01544751227, 996427.4999112636 179146.7031081766, 996446.7502008379 179148.3907688409, 996466.0624981672 179150.09384942055, 996485.2497957498 179151.6719302535, 996504.500085339 179153.25001108646, 996523.6877110004 179154.82809191942, 996542.937344417 179156.40617275238, 996562.1249700934 179157.98425358534, 996581.3752596676 179159.54691450298, 996600.5625572503 179161.12499533594, 996619.8125187606 179162.7030761689, 996638.9998163432 179164.28148509562, 996658.2501059175 179165.8592378348, 996677.4374035001 179167.43764676154, 996696.6250291765 179169.0157275945, 996715.8749906719 179170.59380842745, 996735.0622882545 179172.1718892604, 996754.3125778437 179173.74997009337, 996773.5002035052 179175.32805092633, 996792.7498369217 179176.9061317593, 996811.9374625832 179178.4845406711, 996831.1877521724 179180.06262150407, 996850.8750487566 179181.64070233703, 996870.6250092536 179183.21878316998, 996890.3749697506 179184.79686400294, 996910.1249302626 179186.3749448359, 996929.8125549257 179187.96877367795, 996949.5625154227 179189.5468545109, 996969.3124759197 179191.12493534386, 996989.0624364167 179192.7033442557, 997008.7500610948 179194.28109700978, 997028.5000215918 179195.8595059216, 997048.2499820888 179197.45300666988, 997067.937278673 179199.0314155817, 997087.6875672638 179200.6091683358, 997107.4375277609 179202.18757726252, 997127.1874882579 179203.76565809548, 997146.875112921 179205.34373892844, 997159.687423259 179206.34373691678, 997169.18740426 179207.07831551135, 997170.4374017566 179207.23415508866, 997171.687727347 179207.53139859438, 997172.8747328371 179207.953313753, 997174.0623944998 179208.48448067904, 997175.1877203435 179209.14064733684, 997176.187390253 179209.92181375623, 997177.1250524223 179210.7810640037, 997178.0000506788 179211.74989408255, 997178.7500491738 179212.79680800438, 997179.3750479221 179213.90605776012, 997179.8750469238 179215.09371942282, 997180.3123820126 179216.31254900992, 997180.5627095848 179217.56221842766, 997180.6873812526 179218.84371192753, 997180.6873812526 179220.12487733364, 997180.1250464171 179226.96869567037, 997178.8750489205 179242.1874972582, 997177.250052169 179262.09395350516, 997175.6250554174 179281.9997535944, 997174.0623944998 179301.89046183228, 997172.4373977631 179321.79691809416, 997170.8124010116 179341.70304626226, 997169.18740426 179361.59375450015, 997167.6250714213 179381.49988266826, 997166.3206120878 179397.47721292078, 997166.3005990088 179397.72590008378, 997166.0000746697 179401.40633891523, 997164.5000776798 179420.20288924873, 997164.3537525088 179422.05951283872, 997159.687423259 179478.20310133696, 997159.687423259 179479.39076299965, 997158.8750889301 179488.51541666687, 997158.1247623414 179497.28147526085, 997156.5000936687 179515.92185792327, 997154.8750969172 179534.56256867945, 997153.1874362528 179553.20327942073, 997151.5624395013 179571.84399017692, 997149.9374427497 179590.48437283933, 997148.2501101792 179609.1408315897, 997146.6247853339 179627.7812142521, 997145.0001166761 179646.42159692943, 997143.3751199245 179665.0623076707, 997142.3751219213 179676.15611749887, 997141.8301755041 179682.3670630902, 997138.8636460006 179726.78167241812, 997137.749803096 179739.40631908178, 997137.37513192 179743.51556283236, 997135.9374707639 179759.00011192262, 997134.3124740124 179777.28124333918, 997132.6874772608 179795.57812274992, 997131.0624805093 179813.85925416648, 997129.3751479238 179832.1407136768, 997127.7501511723 179850.42184509337, 997126.1248263419 179868.7033045888, 997124.4374937564 179886.98443600535, 997122.8124970049 179905.2655674219, 997121.1875002533 179923.56244683266, 997120.3125020117 179933.68742658198, 997119.3125040084 179944.64048866928, 997117.4046994299 179986.8562835008, 997116.6875092536 179996.56230084598, 997116.4375097603 179999.99995800853, 997115.0625125021 180017.62525084615, 997113.624851346 180036.6406327486, 997112.1875182539 180055.67176267505, 997110.8125210106 180074.70322066545, 997109.3751879185 180093.7343505919, 997107.9375267625 180112.7658085823, 997106.4998655915 180131.78119049966, 997105.0625325143 180150.8123204261, 997103.6251994222 180169.8437784165, 997102.1875382513 180188.87490834296, 997101.562539503 180197.5156390816, 997100.6875412613 180208.95295217633, 997100.5625414997 180209.85944642127, 997100.437541753 180210.76561258733, 997100.1875422597 180211.65635883808, 997099.9375427514 180212.53135709465, 997099.5625435114 180213.39060734212, 997099.1875442564 180214.2186896652, 997098.7502091676 180215.01560409367, 997098.1875462532 180215.78102250397, 997097.3752119243 180216.85943242908, 997096.7498850971 180217.51559908688, 997096.0625505 180218.14059783518, 997095.312552005 180218.7186806649, 997094.5625535101 180219.24984759092, 997093.3752199262 180219.92209033668, 997092.5625575036 180220.31250950694, 997091.6875592619 180220.6405928433, 997090.8125610054 180220.90634034574, 997089.9375627637 180221.12484383583, 997089.0002286732 180221.2655915916, 997088.0625665039 180221.3436754197, 997087.1698517501 180221.37025016546, 997068.3749418408 180219.81251050532, 997067.3126080036 180219.73442667723, 997047.4999835938 180218.09401001036, 997046.8769533336 180218.04217283428, 997027.6876872629 180216.45326524973, 997007.8750628382 180214.82794041932, 996987.9997745007 180213.18752375245, 996981.5942755044 180212.65701299906, 996976.123157844 180212.20392991602, 996972.4407505095 180262.56144075096, 996957.3479329199 180469.70308683813, 996952.4073260128 180538.74888050556, 996962.9374886751 180539.6406110078, 996982.6247852594 180541.28135575354, 997002.2500740886 180542.9375204295, 997021.8750348389 180544.57793709636, 997041.5623314232 180546.23442983627, 997046.68764925 180546.6563450098, 997053.9090915024 180547.26625192165, 997071.2669964284 180548.72425425053, 997115.2006355971 180551.69701734185, 997127.2032362521 180552.70981058478, 997136.5001336783 180553.48441533744, 997145.375115931 180554.23441383243, 997163.6874152571 180555.7655787617, 997182.0000426769 180557.29707175493, 997200.312342003 180558.84365658462, 997212.4619240016 180559.85973067582, 997213.3615285009 180559.9348617494, 997218.6249694228 180560.37514959276, 997235.0652252585 180561.74489749968, 997237.2272944301 180561.9269837588, 997243.0881750882 180496.56589400768, 997252.4057417512 180386.78625792265, 997783.9453610927 180432.85178259015, 997774.8656548411 180539.81974451244, 997773.0854746699 180560.54772141576, 997767.6376509219 180560.13761726022, 997757.5625398457 180559.3751515895, 997754.0238330066 180559.10743558407, 997748.1672174186 180627.17160391808, 997739.779110834 180729.09200376272, 997801.8442754298 180734.26522175968, 997793.5112868398 180835.5169877559, 997792.3442944288 180851.6826378405, 997788.9158235937 180851.44510550797, 997783.9374870956 180851.0937282592, 997763.9998629242 180849.68756309152, 997744.0625668466 180848.28139792383, 997724.1249426752 180846.89065267146, 997704.2499824166 180845.4841594249, 997697.2355607599 180844.87622100115, 997692.6683126688 180893.7475143373, 997684.7290240973 180996.60885716975, 997190.6890016794 180955.88387300074, 997198.3966634274 180853.00350134075, 997203.0134520978 180803.16239367425, 997196.2585443407 180802.6118698418, 997187.1876963377 180801.87499466538, 997167.3750719279 180800.2814939171, 997147.4997835904 180798.6873370111, 997127.6874872595 180797.07808825374, 997117.6875072569 180796.28150191903, 997113.6133684218 180795.95932409167, 997094.2288927585 180794.41602009535, 997051.297220096 180790.20572666824, 997038.6250013411 180789.20310400426, 997027.3123599291 180788.2969378382, 997019.2500400841 180787.6719390899, 996999.937414676 180786.14077417552, 996980.6251173466 180784.6092811674, 996961.2498280108 180783.07811625302, 996956.0251009166 180782.66407509148, 996956.0251009166 180782.65784150362, 996934.0445018411 180780.91637517512, 996930.1941158473 180832.49271558225, 996921.9162452519 180932.14966849983, 996483.1815584302 180895.41450574994, 996491.3176970035 180795.74574184418, 996495.6808772534 180745.1654624194, 996475.4998152554 180743.4843634218, 996455.8125186712 180741.84361867607, 996436.0625581741 180740.21862192452, 996416.374933511 180738.57820525765, 996396.6876369268 180736.93746051192, 996377.0000122637 180735.31246376038, 996357.3123875856 180733.6720470935, 996337.5624270886 180732.03130233288, 996317.8751305044 180730.39055758715, 996298.1875058413 180728.7655608356, 996288.3965149224 180727.94994567335, 996289.7131133378 180712.07825826108, 996298.2796972543 180608.81042017043, 996298.3597495854 180608.81698183715, 996306.8170817643 180506.8614770919, 996311.0332806706 180442.94001699984, 996300.1806120872 180441.82125283778, 996302.0746371746 180416.20155341923, 996309.7025746703 180311.58955791593, 996219.4104324281 180304.09416608512, 996158.7294514179 180299.14273242652, 996158.3072081804 180304.66240642965, 996158.2743998468 180304.66109408438))","BK","LP-01024","Yes","Prospect Lefferts Gardens Historic District","No","DESIGNATED","DESIGNATED",,"11/14/1978",,"10/09/1979",,"9891.822821137026","2697358.6507774875"
"POLYGON ((992280.7155539244 187307.38462142646, 992240.8140589297 187318.87902100384, 992252.8914625943 187362.589235425, 992283.1371370107 187476.10541258752, 992314.8552494198 187587.8259896785, 992315.1380572617 187588.93917642534, 992315.3152222633 187590.28759892285, 992315.3217839301 187591.30465725064, 992315.2200780958 187592.31843475997, 992315.0166664273 187593.31908892095, 992314.7082680911 187594.29021558166, 992314.301444754 187595.22525309026, 992313.733860597 187596.20950308442, 992313.2056464255 187596.9411289245, 992312.5297947526 187597.70228224993, 992312.0343889296 187598.1714414209, 992311.5094555914 187598.60123059154, 992310.6695622504 187599.17865724862, 992310.0790122598 187599.5133022517, 992309.150536418 187599.9365297556, 992308.510773927 187600.16290725768, 992278.6259911805 187608.4253579229, 992223.070656091 187623.73635092378, 992218.683525756 187607.89615949988, 992202.3853300065 187548.62364025414, 992183.0950142592 187553.90676617622, 992139.7955601811 187396.44021758437, 992131.7627678365 187365.30937433243, 992130.6994497627 187365.60169659555, 992122.6791245937 187335.97577159107, 991965.5636251718 187379.38316509128, 991935.6112572551 187269.10648275912, 991841.8319172561 187294.84790109098, 991811.6781061739 187183.83106274903, 991808.0137434304 187170.4619950056, 991821.8900279999 187166.6690235883, 991808.6390702575 187118.23080025613, 991783.1761946678 187021.00855375826, 991840.1321175098 187004.91869091988, 991832.2459784299 186975.1434880048, 991504.0501125008 187065.49829417467, 991494.8060365021 187031.36089526117, 991470.3077259213 187017.60272067785, 991453.6007383466 186954.52574709058, 991445.9019348472 186926.12390100956, 991453.8609084189 186923.9549420923, 991440.1890197545 186873.8028114289, 991440.035804838 186873.25950542092, 991439.937379837 186872.85563483834, 991439.8507658392 186872.4327354282, 991439.7657922506 186871.9130514264, 991439.7172359228 186871.49901024997, 991439.68278718 186871.04395867884, 991439.6657268405 186870.46292309463, 991439.6739289165 186869.9806405902, 991439.7021440864 186869.50032658875, 991439.749060005 186869.05446134508, 991439.8087711781 186868.6377955079, 991439.9167105854 186868.06135308743, 991440.1069989204 186867.31004226208, 991440.2890851796 186866.74081766605, 991440.583047837 186865.98491367698, 991440.9797005951 186865.1578155905, 991514.8033718467 186733.5750735104, 991530.9539300948 186742.3821424991, 991607.0656545013 186783.56578716636, 991619.6775059253 186760.7574338317, 991629.3457936794 186765.98905067146, 991641.0800221711 186744.76927684247, 991645.0819826722 186746.93495492637, 991668.7190745026 186704.18700891733, 991694.1448766738 186717.94452734292, 991685.87356776 186688.43736851215, 991707.3508870006 186664.61064450443, 991715.6504110843 186662.3350585103, 991680.1573718339 186535.7175295949, 991675.691829592 186519.16999050975, 991680.0418865085 186517.93081974983, 991667.2899435014 186473.0755944997, 991667.0701276809 186472.605779171, 991666.9064140916 186472.22717100382, 991666.7883040905 186471.9328802526, 991666.6839735955 186471.6520409286, 991666.5704567581 186471.33839325607, 991666.484498918 186471.07658275962, 991666.3959164172 186470.80197700858, 991666.32603468 186470.5637885034, 991666.2581214309 186470.33248975873, 991666.191848591 186470.06641417742, 991666.12163876 186469.7799974233, 991666.0707858354 186469.55099526048, 991666.0087780952 186469.26949974895, 991665.7049729228 186468.89384433627, 991665.4254459292 186468.50867450237, 991665.1623230875 186468.09824225307, 991664.8834522516 186467.59299391508, 991664.6406705976 186467.06806059182, 991664.4339780957 186466.5300039202, 991664.2666555941 186465.97554308176, 991664.1354222596 186465.41123975813, 991664.0173122585 186464.55494225025, 991663.9877847582 186463.97751559317, 991664.0058293343 186463.27738575637, 991664.0668528378 186462.6871638447, 991664.1642935872 186462.1274536699, 991664.2699364275 186461.68749392033, 991664.4008416682 186461.24589376152, 991664.5356839299 186460.86400476098, 991664.6439514309 186460.59497642517, 991664.7620614171 186460.32922892272, 991665.0245280862 186459.81413808465, 991665.3230839223 186459.31873226166, 991666.2673077583 186458.12352466583, 991667.5845623463 186455.67569492757, 991746.3071739227 186312.7652195841, 991763.2349615842 186322.44466216862, 991827.3969067633 186357.98297692835, 991823.8591841757 186345.47348751128, 991844.6760716736 186339.72743600607, 991843.5878192633 186335.87901850045, 991856.6583311707 186312.06377741694, 991854.3834013343 186292.7770705819, 991881.0926655084 186244.11246976256, 991868.6674935073 186237.23026567698, 991881.1628753394 186214.4639070034, 991893.1205285937 186191.9826527536, 991900.9607360065 186196.32516375184, 991914.9285558462 186192.46985650063, 991962.94059892 186179.3543971777, 991945.7096622586 186116.59960141778, 991945.2001488358 186115.67440642416, 991944.7496904284 186114.63602267206, 991944.4334180951 186113.67965975404, 991944.1981823444 186112.68819192052, 991944.0403742641 186111.5484304279, 991943.9954268336 186110.63307791948, 991944.0200330913 186109.72625559568, 991944.1020539254 186108.9322939217, 991944.3018566668 186107.87127241492, 991944.6440475881 186106.69181284308, 991945.0095324218 186105.76760208607, 991945.4996889234 186104.79188226163, 991945.9196355939 186104.10946892202, 991946.3822330832 186103.45986391604, 991946.986234501 186102.73348742723, 991947.7240939289 186101.98348891735, 991948.5534885973 186101.28565567732, 991949.514444679 186100.62358351052, 991950.495085761 186100.08093367517, 991951.431435585 186099.67050142586, 991987.2515739202 186088.40083892643, 992056.0805045068 186070.25717441738, 992043.5414875895 186023.40326550603, 992032.8525325954 185984.59592841566, 992032.3397383392 185984.67598076165, 992028.0851536691 185982.263255924, 992046.5598542541 185965.58809241652, 992080.4505345076 185907.37068916857, 992184.6438956708 185878.81169116497, 992168.6557386667 185820.76554742455, 992155.2417235076 185824.46239042282, 992064.1562757641 185774.86308017373, 992048.3866222501 185766.3256956786, 992069.24944143 185728.49014142156, 992069.4889422506 185727.95864641666, 992069.8262119293 185727.29198108613, 992070.3157122582 185726.42321641743, 992070.9521939307 185725.44880892336, 992071.461051181 185724.77197299898, 992071.9856564254 185724.1331947595, 992072.5752221793 185723.48621442914, 992073.245496422 185722.82414226234, 992073.9692482501 185722.18733251095, 992074.7323700935 185721.59087701142, 992075.5322372615 185721.03280726075, 992076.5296105891 185720.43241475523, 992077.3645826727 185719.99836049974, 992078.0945680887 185719.6614189297, 992078.8813119233 185719.3494116664, 992079.7317039222 185719.05446475744, 992205.1025161743 185684.50630550086, 992377.6274335831 185637.48146517575, 992381.8351023346 185652.85085700452, 992404.4137973338 185734.8247744292, 992409.6132620126 185753.7023613453, 992416.6217781752 185779.14752042294, 992586.5558215082 185732.316905424, 992589.8701193333 185744.35001784563, 992609.2956054211 185738.99668209255, 992642.4179145098 185859.25169092417, 992650.6813494265 185889.90320442617, 992654.8378371745 185888.76049017906, 992663.4943159223 185920.71744725108, 992707.9811035842 186083.6104941666, 992806.576706931 186056.5239341706, 992881.3616623431 186035.41177166998, 992862.2619630098 185966.3147969991, 992835.1035527587 185865.9452470839, 992820.5491199195 185814.57002174854, 992803.2309130877 185756.45924559236, 992763.8651781678 185611.3860449195, 992750.1890244186 185564.22800275683, 992746.4170503467 185551.08268783987, 992746.0843738467 185549.87173224986, 992745.849138096 185548.64798142016, 992745.7244664282 185547.27003142238, 992745.756946668 185545.72672742605, 992745.9016314298 185544.5141314268, 992746.0886389166 185543.61190225184, 992746.4222996682 185542.46393866837, 992746.927876085 185541.189334929, 992747.6667197645 185539.78973142803, 992748.4475580901 185538.64472058415, 992749.0282655954 185537.93277975917, 992749.9928305894 185536.93868725002, 992751.2415157557 185535.9150672555, 992752.6010930836 185535.04564642906, 992753.9774026722 185534.3491255045, 992760.4577046782 185532.48594026268, 992837.0421971679 185511.25763624907, 992864.8561179191 185503.54800601304, 992851.3856724203 185454.84994067252, 992824.4457656741 185358.41345375776, 992843.4447434247 185358.21693183482, 992848.2354162633 185351.22055475414, 992880.5624513477 185342.2911106795, 992875.198288843 185323.08970551193, 992895.0663593411 185317.60152751207, 992899.4046052545 185333.1303678453, 992956.1328382641 185317.511632666, 992992.6163610965 185324.0270395875, 993011.7744592577 185337.0919740945, 993053.9269340038 185275.5317297578, 993065.7254668474 185258.1721844226, 993098.649613589 185280.42706117034, 993086.916041255 185297.57368041575, 993050.7957066745 185350.32554341853, 993063.6185156703 185396.22801066935, 993076.9905361682 185445.64884358644, 993097.2788814306 185440.09931400418, 993293.466481179 185385.9698290825, 993385.413147673 185360.08208559453, 993373.0654033422 185314.22325342894, 993346.0812053382 185215.17686359584, 993289.0498233438 185230.70964092016, 993309.8726163357 185197.8209271729, 993335.5644940883 185134.67472800612, 993378.0903276801 185030.15393967927, 993385.4384100884 185012.14085233212, 993409.2205147594 185021.6313189268, 993410.2999089211 185022.1890605837, 993411.1276631802 185022.68774725497, 993411.8419005871 185023.16018725932, 993413.0561370105 185024.0955528319, 993413.7316605896 185024.68905559182, 993414.354362756 185025.29633784294, 993415.1105948389 185026.11621809006, 993415.7789005935 185026.9298647493, 993416.239201501 185027.55912858248, 993416.6808016747 185028.21398292482, 993417.0564570874 185028.82323367894, 993417.5466135889 185029.71988542378, 993418.0177412629 185030.71168133616, 993418.474761337 185031.85439558327, 993418.8655085862 185033.16016726196, 993466.6272240877 185208.95213849843, 993512.4279855043 185196.37736050785, 993537.221243009 185189.6106417626, 993537.4233423471 185190.33275316656, 993560.2874698341 185184.0929362625, 993560.1529556811 185183.61130991578, 993593.908465594 185174.3987299204, 993594.5016402602 185176.5174920857, 993613.656785667 185171.28981225193, 993599.6971679181 185121.41327159107, 994214.9649662524 184953.4969407618, 994323.7547749281 184923.80638334155, 994356.265208587 185039.96330325305, 994370.1638028473 185090.08984342217, 994337.0500239283 185099.27059933543, 994342.1858404279 185117.88571958244, 994368.8101310134 185213.8248321712, 994339.8548083454 185221.77986875176, 994341.7435840964 185228.5856294185, 994332.7901899219 185286.17606541514, 994261.2936137617 185275.00942109525, 994239.6515966803 185280.95527534187, 994274.9241639227 185408.05935183167, 994288.3155413419 185456.21575158834, 994262.7594900876 185463.23148559034, 994267.8129576743 185481.01852349937, 994285.2591170073 185544.69424916804, 994277.8132657558 185593.40379741788, 994251.9963882565 185589.50583933294, 994207.6362407506 185633.29807458818, 994108.8017927557 185660.40464767814, 994056.1893651783 185674.83440883458, 993821.00118725 185739.3385449201, 993810.4411690086 185701.2529911697, 993660.0526902527 185742.49929974973, 993616.2476597577 185754.9251279235, 993644.3434040844 185855.59421792626, 993663.6727617532 185921.47335125506, 993665.2698714286 185926.90837974846, 993665.0959872603 185928.6865914166, 993664.8794522583 185929.85784892738, 993664.5808964223 185931.00942142308, 993664.090083763 185932.42772567272, 993663.6399534196 185933.4664375037, 993662.9240755886 185934.82503059506, 993662.2843130976 185935.8289655894, 993661.5756530911 185936.78696891665, 993660.5175843388 185937.9956279248, 993659.5316939205 185938.94575725496, 993658.1373397559 185940.06124058366, 993657.146528095 185940.72068808973, 993656.1097847521 185941.31123809516, 993601.7640929222 185955.9818124175, 993614.8670850843 186003.91216275096, 993631.8532715887 186065.22503225505, 993610.7197836787 186071.04752717912, 993620.5842652619 186106.65309900045, 993544.4443256706 186127.6294350028, 993550.4256129265 186149.22027109563, 993493.1419348419 186134.13106241822, 993490.6350500882 186134.82102167606, 993482.2718778402 186177.15820734203, 993482.2292270064 186177.08996599913, 993482.2134790123 186177.1739553362, 993431.8392359167 186191.0522084236, 993433.0406770855 186195.38881392777, 993384.7185952514 186208.7011232525, 993383.5171540976 186204.3641896695, 993044.39250426 186297.79248049855, 993079.990530178 186426.28434950113, 993093.0239686668 186474.0381910056, 993102.2201445103 186471.48570267856, 993106.3910679221 186486.81605258584, 993177.0270815045 186746.44643883407, 993180.0930202603 186757.7161013335, 993193.2839387506 186754.17411367595, 993207.001759097 186805.4158090949, 993235.9393652529 186912.6498465836, 993231.1168683469 186913.97038200498, 993235.2717156708 186929.36831708252, 993236.3156768382 186929.0828845948, 993261.4042093456 187022.0534991771, 993273.9855490029 187069.10524234176, 993257.7634685934 187073.70989191532, 993262.383866176 187090.08518725634, 993321.9670803398 187304.951555416, 993326.5264544189 187321.39246742427, 993254.2306672633 187341.41998642683, 993253.1775197536 187342.01381725073, 993252.071878925 187342.49609975517, 993250.9203064293 187342.86027225852, 993249.7392064184 187343.10305392742, 993248.5384214222 187343.22444476187, 993246.930813089 187343.18835559487, 993245.3396089226 187342.93573142588, 993243.80089809 187342.4665722549, 993242.5823965967 187341.8474790007, 993241.3173072636 187341.15095809102, 993240.0607480854 187340.14702308178, 993239.489883095 187339.5794389248, 993238.5906066746 187338.53186884522, 993237.6263697594 187336.96461474895, 993236.9833264202 187335.49152058363, 993236.5469755977 187333.94296725094, 993236.3271597624 187332.34848225117, 993236.3304405957 187330.74087391794, 993229.4111630917 187303.49027225375, 993201.600195095 187206.24177908897, 993174.2167196721 187106.14945958555, 993162.811886847 187065.17086701095, 993093.9324314296 187084.3568522483, 993078.9032620043 187088.59896975756, 993039.0703364164 187099.78989225626, 993009.6438860893 187107.62878733873, 992978.5484758466 186994.24876475334, 992958.6459565908 186999.70708717406, 992953.2115842551 186979.88002708554, 992958.5061930865 186978.42793025076, 992931.597126171 186880.214872092, 992917.9590300918 186829.20545966923, 992901.4262547642 186833.54337750375, 992867.4784880131 186842.61324125528, 992788.7689997554 186864.63944391906, 992763.6194437593 186871.19225233793, 992720.6687422544 186882.37890975177, 992649.0809589177 186903.36968141794, 992623.45961909 186910.32668849826, 992526.0260869265 186936.44999584556, 992416.435754925 186967.0299871713, 992429.8704393357 187017.99084325135, 992451.6098971665 187097.3371412605, 992326.6137560904 187131.61922492087, 992364.049376756 187268.25280992687, 992368.1494341791 187283.64844842255, 992280.7155539244 187307.38462142646))","BK","LP-02314","Yes","Prospect Heights Historic District","No","DESIGNATED","DESIGNATED",,"10/28/2008",,"06/23/2009","07/15/2008","14222.777772346837","2921656.759009284"
"POLYGON ((1016219.8382792622 256397.44001059234, 1016292.4185146689 256318.18852867186, 1016302.5064209998 256307.00285550952, 1016457.2498779297 256432.818220675, 1016447.0051477551 256443.83493092656, 1016367.6490072608 256530.63265758753, 1016309.3259611726 256478.07764458656, 1016219.8382792622 256397.44001059234))","BX","LP-02339","Yes","Perry Avenue Historic District","No","DESIGNATED","DESIGNATED",,"6/23/2009",,"12/15/2009","03/24/2009","653.5827318894915","25380.166964310447"
"POLYGON ((1008575.5366387516 267444.2204104215, 1008575.1104585081 267440.3910217583, 1008574.2964837551 267433.1961542517, 1008574.0395945013 267428.0944584161, 1008573.9451065063 267418.091197595, 1008574.2551452518 267410.2778930068, 1008576.8903105855 267388.60733267665, 1008582.0999458432 267367.4075719267, 1008589.8092480004 267346.98405633867, 1008598.5772750974 267329.867948845, 1008609.1057973355 267313.7744770944, 1008622.4030148387 267297.63933876157, 1008637.4597432613 267283.13247799873, 1008654.0781483352 267270.44385509193, 1008672.0393985063 267259.74112059176, 1008672.1935976744 267261.49144516885, 1008672.3884791732 267270.5954295844, 1008672.3661695123 267277.8811761737, 1008719.6387127638 267263.1436728388, 1008770.4227319211 267245.8818963319, 1008820.5906105936 267230.0791064203, 1008872.8608472496 267214.7904230952, 1008873.3660955876 267214.62638142705, 1008873.8093361706 267214.50138166547, 1008874.3929964304 267214.3507914245, 1008875.0366959274 267214.2202142626, 1008875.4363014251 267214.147379756, 1008875.9645155966 267214.0719205886, 1008876.4927297533 267214.01614642143, 1008877.0242247581 267213.97677642107, 1008877.555719763 267213.9570914209, 1008878.087214753 267213.9538105875, 1008879.2233673334 267214.006960094, 1008880.0967251807 267214.10669742525, 1008880.7315664291 267214.2097155899, 1008881.2499380857 267214.3147022575, 1008881.7683097571 267214.43609309196, 1008882.2801197618 267214.5771689266, 1008882.7886489183 267214.73464892805, 1008883.2906164229 267214.9085330963, 1008883.7893030941 267215.10210224986, 1008884.3965853453 267215.36456891894, 1008884.7604297549 267215.53517225385, 1008885.2328697592 267215.77795392275, 1008885.6987480968 267216.0338589251, 1008886.0301122516 267216.2316931784, 1008886.6009772569 267216.59488141537, 1008887.0373280942 267216.8999989182, 1008887.4638364166 267217.21823975444, 1008887.8772214204 267217.54960392416, 1008888.2807639241 267217.8973722607, 1008888.6744639277 267218.2582639158, 1008888.9247915 267218.50432641804, 1008889.2098959237 267218.79566442966, 1008889.4192130864 267219.01613642275, 1008889.7702622563 267219.41311725974, 1008890.1081880927 267219.8232214153, 1008890.4362714291 267220.2464489192, 1008890.6423077583 267220.53352184594, 1008891.039944753 267221.1191505939, 1008893.4192050844 267235.7762735039, 1008893.8863957524 267238.6525800824, 1008896.8142114282 267256.6899455935, 1008901.4008164257 267292.431343928, 1008913.1248743385 267360.23370175064, 1008927.1891506761 267446.2624010891, 1008934.740644753 267500.00015451014, 1008940.3433238417 267536.6129421741, 1008941.2655660957 267542.6408172548, 1008944.1057835072 267560.6414374262, 1008952.0207939297 267608.25092226267, 1008964.930873096 267701.49220559, 1008978.1395080835 267794.6908380836, 1008983.2057709247 267831.3403710872, 1008983.8002579212 267835.64088742435, 1008988.2838447541 267868.0765180886, 1009000.4196472615 267941.1603614241, 1009005.5692432523 267980.1419107616, 1009011.8271047622 268020.0411091745, 1009019.797889337 268063.465891093, 1009033.7552105039 268129.5264545083, 1009035.1226618439 268135.9978982508, 1009040.4887928367 268161.544107005, 1009051.6695447564 268218.04629059136, 1009056.5937475115 268240.0232807547, 1009058.2082455903 268247.2289750129, 1009064.7797547579 268276.5599530935, 1009065.4195172638 268277.99695809186, 1009065.6655797511 268278.7417072505, 1009065.9378889203 268279.8899989277, 1009066.088807255 268281.0612564236, 1009066.1216155887 268282.2390755862, 1009066.0330330878 268283.41361391544, 1009065.9050805867 268284.1911714226, 1009065.619648084 268285.3329014182, 1009065.2161055952 268286.4418230951, 1009064.8847414255 268287.15704475343, 1009064.3007530868 268288.18066476285, 1009063.6150589287 268289.1386680901, 1009062.8309397548 268290.02121225, 1009062.263355583 268290.56583058834, 1009061.659682259 268291.06779809296, 1009061.1951162517 268291.4050677568, 1009060.6885555834 268291.7403689176, 1009040.0583475083 268302.1481565088, 1009020.2096339166 268312.7475447506, 1009000.3507497609 268323.9614330828, 1008947.9952114224 268351.6569157541, 1008894.2387572527 268378.5413764268, 1008889.8030705899 268381.21197475493, 1008885.2788014263 268383.7349355817, 1008881.3811714202 268385.74018092453, 1008876.611495927 268388.0233128369, 1008872.2135388404 268389.9508024156, 1008867.4008844197 268391.8825570941, 1008866.2909785062 268392.3143147528, 1008862.5413140953 268393.6437084228, 1008861.5386914164 268394.0006630868, 1008856.6043180972 268395.56890141964, 1008852.2080014199 268396.8156180829, 1008847.7755955905 268397.9311014265, 1008843.3103814274 268398.918632254, 1008838.8189205974 268399.76836809516, 1008836.8143314272 268400.37204141915, 1008834.5682729185 268400.9750585854, 1008831.6338955909 268401.66797058284, 1008829.0125097632 268402.1830614209, 1008826.5905985832 268402.57479292154, 1008823.9413256794 268402.9202646762, 1008821.4085223377 268403.16468675435, 1008818.90557459 268403.32446333766, 1008815.7316964269 268403.42321641743, 1008813.3911499232 268403.4058279991, 1008810.9318372607 268403.31462083757, 1008807.7297439277 268403.08857142925, 1008804.5197765976 268401.81331150234, 1008801.1995732635 268400.49408842623, 1008791.5772171766 268396.6722456664, 1008775.445687756 268390.8887926787, 1008758.8830568343 268385.57613925636, 1008756.7980872542 268384.87994642556, 1008754.803340584 268384.29595808685, 1008752.7889089286 268383.78414808214, 1008750.7613539249 268383.3379547596, 1008748.7173947543 268382.9672205895, 1008746.6603122503 268382.6653839201, 1008744.5966680944 268382.43244475126, 1008742.5231814235 268382.2749647498, 1008740.4496947527 268382.186382249, 1008738.36964643 268382.1699780822, 1008736.2928789258 268382.22575224936, 1008734.8424225003 268382.3153190017, 1008732.9743160009 268382.4721428454, 1008730.9454486668 268382.71033133566, 1008728.9477492571 268383.0131522566, 1008727.5297730863 268383.26807300746, 1008724.9270880073 268383.8353290856, 1008722.8309635967 268384.3773227483, 1008720.8706656694 268384.9586864263, 1008718.038322255 268385.9199705869, 1008717.7683096677 268385.9619652629, 1008717.2450167537 268386.034143582, 1008716.6859627515 268386.0915581733, 1008660.2913905084 268400.5501906723, 1008645.2287565917 268405.20634934306, 1008632.3537823409 268409.20634134114, 1008630.1664507538 268409.86250799894, 1008618.3308445066 268413.5212933421, 1008605.8915649205 268417.4189233333, 1008603.2239193469 268402.4911316782, 1008583.5592605025 268292.0520480871, 1008523.4832651764 268308.36566375196, 1008517.980323419 268277.25516167283, 1008512.6604521722 268247.1804186702, 1008371.8408519179 268284.50974033773, 1008358.534776181 268249.0960972607, 1008329.1729582548 268164.71634475887, 1008308.8987205923 268098.42021749914, 1008292.9607603401 268038.9964518398, 1008255.3860323429 267902.5764490962, 1008202.0199973434 267708.02664133906, 1008188.3418750912 267658.4338927567, 1008177.0567926764 267617.5176360011, 1008246.7495666742 267591.8743145913, 1008364.7680314183 267554.70280100405, 1008523.2595123351 267505.91287234426, 1008558.7620660067 267494.66355100274, 1008580.4037550092 267487.9650735855, 1008577.643261835 267463.1554119289, 1008575.5366387516 267444.2204104215))","BX","LP-01663","Yes","Riverdale Historic District","No","DESIGNATED","DESIGNATED",,"4/19/1988",,"10/16/1990",,"3607.385494986866","680850.324922725"
"POLYGON ((994105.8398564309 174630.40144525468, 994121.5917934179 174696.1614843458, 994169.424703002 174890.7224469185, 994183.8948184252 174968.38370892406, 994313.6202807575 175525.2503773421, 994287.870332256 175572.0071735829, 994164.1799628437 175508.46989908814, 994090.9783375859 175641.38958075643, 994086.1295940131 175650.28096717596, 994047.125078842 175630.6094185859, 994032.6251078397 175623.3440131694, 994030.7501115948 175622.3906030059, 994014.5624799281 175614.26561926305, 994013.500146091 175613.68753641844, 994006.4939265102 175610.2272415012, 993966.374912262 175588.64034242928, 993965.3752423376 175588.2345033437, 993955.1252628416 175582.95334592462, 993948.9999470115 175579.8283521682, 993932.5626439303 175571.37495701015, 993916.1250127554 175562.92188991606, 993899.6250457615 175554.4530748427, 993883.1877426803 175546.0000077486, 993866.7501115054 175537.54661259055, 993850.3124803454 175529.07812559605, 993833.8125133365 175520.62505850196, 993817.3752102554 175512.1716633439, 993800.9375790954 175503.7031763345, 993784.7499474287 175494.96894183755, 993769.2499784231 175486.56246258318, 993724.2585985959 175462.91060701013, 993723.6874055117 175462.73442626, 993723.1283515096 175462.517891258, 993722.5624077618 175462.26559516788, 993710.2500964254 175455.95327183604, 993706.0001049191 175453.7813601792, 993689.4374740124 175445.29679708183, 993672.8748430908 175436.81256209314, 993656.3125402629 175428.31257909536, 993639.6875735074 175419.82834409177, 993623.1252706796 175411.34378100932, 993606.5623116791 175402.85921792686, 993590.0000088364 175394.37498292327, 993573.4377060086 175385.8749999255, 993556.7500753403 175377.04693359137, 993540.0627727509 175368.21853917837, 993538.7501113415 175367.56237250566, 993523.7501413375 175359.59388451278, 993478.3749040067 175336.28126709163, 993477.8007581681 175335.98730441928, 993400.2500602603 175296.29709509015, 993322.6248874217 175256.79684600234, 993309.8752410114 175249.3437769264, 993297.1249384284 175241.89070783556, 993290.4376158416 175238.01571558416, 993284.3123000115 175234.4533867538, 993283.7666974217 175234.1725474149, 993283.1876303405 175233.87497584522, 993282.6725395024 175233.55673500896, 993282.1249684244 175233.2188091725, 993232.1250684261 175211.78118801117, 993230.9374067634 175211.31235691905, 993229.7497450858 175210.73427408934, 993228.6874112636 175210.0315195918, 993228.2513885051 175209.7040924281, 993227.6608384997 175209.21196742356, 993227.3416134268 175208.91767667234, 993227.0332150906 175208.61255916953, 993226.6667460054 175208.2188591659, 993226.2937152535 175207.78250834346, 993225.9098577499 175207.29005526006, 993220.0627565831 175204.23461517692, 993211.8747808337 175199.93737967312, 993202.4171225876 175194.99841317534, 993199.9505920857 175193.71035800874, 993197.812473014 175192.59356233478, 993182.0001686811 175184.21857908368, 993166.1248723418 175175.84392392635, 993150.250232175 175167.46894067526, 993134.56259951 175159.531292513, 993118.8749668449 175151.59364433587, 993103.1876622587 175143.6717441678, 993087.5000295937 175135.73409600556, 993071.0000625849 175127.32794484496, 993054.500095591 175118.93754167855, 993045.25667575 175114.21248550713, 993036.1143055856 175109.48250809312, 992987.3749017566 175079.90612366796, 992980.6875791699 175076.4218786657, 992971.6875971705 175071.78113992512, 992955.4999655038 175063.45307259262, 992939.3749977499 175055.1250052601, 992923.2500300109 175046.7969379276, 992907.125062257 175038.453122586, 992890.9997664243 175030.1250552535, 992874.8751267642 175021.796987921, 992858.7501590103 175013.46859250963, 992851.9375085831 175010.406262666, 992842.7501910031 175006.31243884563, 992828.6875550896 175000.0001154989, 992826.769908011 174999.13988099992, 992810.8125908375 174991.96863549948, 992796.1249561757 174985.37514474988, 992795.6302065104 174985.13531583548, 992795.1249581724 174984.89056567848, 992794.6856545955 174984.63433258235, 992739.6788748354 174955.0960058421, 992730.3750876784 174951.18754908442, 992727.9374285042 174949.92180359364, 992713.2497938424 174942.32798676193, 992696.187492013 174933.4841724187, 992679.0625262558 174924.6403580904, 992661.9998963475 174915.79687184095, 992644.8749305904 174906.9533855915, 992627.8126287609 174898.1095712483, 992616.5091736764 174892.255252257, 992618.5173717588 174879.59648492932, 992636.9700907618 174751.77128125727, 992400.816363588 174719.20408917964, 992386.8377170116 174717.36813484132, 992402.3763998449 174640.88403584063, 992415.0354952514 174642.98836234212, 992468.9963453412 174650.7911682576, 992484.991064012 174527.9646422565, 992700.269832924 174559.0938450843, 992714.4394240081 174450.28763225675, 992717.9919103384 174426.62724649906, 992719.6159228384 174426.86018566787, 992722.8941315114 174401.59547242522, 992756.919325918 174165.3210105896, 992762.346808508 174116.49958592653, 992795.8493661731 173880.18411366642, 992797.4057935029 173869.20742958784, 992840.5644998401 173875.17887434363, 992849.3125138432 173876.35931816697, 992866.562479347 173878.703145504, 992883.8751087636 173881.03122483194, 992896.56241934 173882.75005342066, 992900.354078427 173883.25628601015, 992957.4468120039 173891.88979892433, 992960.8749547601 173892.53120183945, 992967.4372775853 173893.76577942073, 992979.9999165088 173896.12502667308, 992999.1252063364 173898.67193758488, 993018.312503919 173901.2342684269, 993037.5001295954 173903.79692733288, 993056.6250913441 173906.3592581749, 993075.8123889267 173908.9061690867, 993092.6250193417 173911.31233225763, 993109.4999855906 173913.71882350743, 993126.3126160055 173916.10923866928, 993143.1252464205 173918.51572991908, 993149.2499060929 173919.39072817564, 993159.5622214228 173920.87497717142, 993160.6875472516 173921.0934806764, 993211.3295063376 173928.55278334022, 993212.1999114305 173928.72010584176, 993217.5000976771 173929.5153798461, 993230.000072673 173931.37495617568, 993247.7500371784 173934.04686683416, 993265.5623375028 173936.70335759223, 993283.5623015016 173939.31227625906, 993301.5625935942 173941.92185108364, 993319.562557593 173944.53109784424, 993337.5625215918 173947.12492467463, 993355.5624855906 173949.7344994992, 993370.9374548346 173951.92183108628, 993386.2500882596 173954.09374275804, 993401.6250575036 173956.2656544149, 993407.0623825938 173957.0310728401, 993414.7346113473 173958.11702866852, 993467.2600968331 173965.0901118368, 993476.5625716746 173966.5937177539, 993481.3752260953 173967.37521225214, 993495.5625336766 173969.6563756764, 993509.687505424 173971.95328709483, 993527.8748050034 173974.70295350254, 993546.0624326766 173977.452948004, 993564.2500603348 173980.18752259016, 993582.4373599291 173982.93751709163, 993600.6249875873 173985.6875115931, 993618.6249515861 173988.1875065863, 993636.562579751 173990.68750159442, 993654.499879837 173993.18749658763, 993670.562511757 173995.42207217216, 993726.2297232598 174001.80985467136, 993735.1250466704 174003.21864449978, 993742.0000329167 174004.3124743402, 993757.7500014305 174006.8124693334, 993773.4999699295 174009.31246434152, 993789.2499384284 174011.8127874285, 993806.4375680834 174013.9374550879, 993823.6251977533 174016.04670283198, 993840.8124993443 174018.15627866983, 993858.0624648333 174020.26585450768, 993875.2500945032 174022.3747741729, 993892.4373960942 174024.48435001075, 993908.3750282526 174026.687429592, 993922.5492125005 174028.64674325287, 993925.5823429227 174029.12476067245, 993983.5133294165 174039.2513808459, 993992.9375231713 174040.39048616588, 994001.3125064224 174041.39048416913, 994021.0001310855 174043.78122742474, 994040.1526518464 174047.5404062569, 994059.6519566774 174049.1913215816, 994065.7388867587 174050.3858730048, 994063.5541798472 174069.5869500935, 994060.6165216714 174124.66886092722, 994059.2907369286 174171.52605067194, 994059.1303041726 174221.99084475636, 994061.0866650939 174292.94608342648, 994062.9006378353 174326.24424517155, 994065.7155928463 174365.28517758846, 994072.9452371746 174436.9782756716, 994082.733275339 174508.01980026066, 994093.2601571679 174569.06725034118, 994105.8398564309 174630.40144525468))","BK","LP-00979","Yes","Prospect Park South Historic District","No","DESIGNATED","DESIGNATED",,"11/15/1977",,"02/08/1979",,"6372.033219166656","1992141.413025619"
"POLYGON ((987351.4419479221 205373.67165151238, 987375.6079100966 205360.27994599938, 987389.8214643449 205360.98204433918, 987409.4762806743 205396.50953233242, 987423.4050585926 205421.94616125524, 987388.6935138404 205441.12755334377, 987374.7414420098 205415.78705284, 987351.4419479221 205373.67165151238))","MN","LP-01420","Yes","St. Mark's Historic District Extension","Yes","DESIGNATED","DESIGNATED",,"4/12/1983",,"06/19/1984",,"228.17887751358765","3015.7780243300876"
"POLYGON ((987412.4480595142 205239.85794276, 987414.734144181 205209.00137716532, 987652.209062919 205227.6371666789, 987654.2346494198 205196.66216300428, 987659.525649339 205123.94872575998, 987684.251977846 205118.21940650046, 987730.904115513 205202.2510625869, 987739.6504890919 205218.52169933915, 987757.0208611786 205267.16727134585, 987919.1035422534 205281.1114691794, 987977.3734388351 205285.40936084092, 988026.3664510846 205373.87506316602, 987780.9115614295 205509.79933200777, 987767.9637526721 205486.4965570867, 987722.4677806795 205403.52296975255, 987711.9497570843 205409.35202634335, 987692.3129853457 205420.2352066785, 987689.1292646676 205414.4287878424, 987525.5442900062 205505.08903959394, 987479.4390672594 205421.00521825254, 987466.9279374182 205397.80480533838, 987423.4050585926 205421.94616125524, 987409.4762806743 205396.50953233242, 987389.8214643449 205360.98204433918, 987375.6079100966 205360.27994599938, 987376.8697185963 205340.44009067118, 987404.6705160141 205341.81410367787, 987412.4480595142 205239.85794276))","MN","LP-00250","Yes","St. Mark's Historic District","No","DESIGNATED","DESIGNATED",,"4/12/1966",,"01/14/1969",,"1922.7628712482713","127245.00008435396"
"POLYGON ((996434.2784410119 185022.3675379157, 996398.1466235071 184890.96294508874, 996394.5728117526 184878.4961065054, 996619.5992645919 184816.06447283924, 996623.3007007539 184829.72881558537, 996659.3226103336 184960.73281867802, 996641.9548629224 184965.55137859285, 996625.2239252627 184970.19342967868, 996614.3259811699 184973.21737375855, 996607.5540130883 184975.09630700946, 996590.4785879254 184979.8338303417, 996586.9595660865 184980.81020633876, 996573.0511293411 184984.6691225022, 996569.8076975048 184985.56905509531, 996555.9002450109 184989.427643165, 996552.214556843 184990.45027892292, 996537.9622887522 184994.4043392539, 996535.5033041686 184995.08708067238, 996521.5876495838 184998.94796533883, 996517.1949418336 185000.16646683216, 996503.4121610075 185003.99060617387, 996486.440410167 185008.69958625734, 996469.0834895074 185013.51552151144, 996460.0940061808 185016.00928291678, 996449.7843155116 185013.82621642947, 996441.8883339167 185012.15430375934, 996440.5733759254 185020.62082225084, 996434.2784410119 185022.3675379157))","BK","LP-02446","Yes","Park Place Historic District","No","DESIGNATED","DESIGNATED",,"10/26/2010",,"06/26/2012","07/27/2010","773.2649366011489","34914.19513467542"
"POLYGON ((985798.8791081756 203728.92658142745, 985804.031328842 203736.93279901147, 985861.6686807573 203824.9234366715, 985914.8831412643 203790.17186576128, 985940.2603870928 203773.5993923396, 985957.2003138363 203763.29691950977, 985992.690728426 203749.40291842818, 986016.0154849291 203740.2720311731, 986086.7436899245 203712.5827820897, 986106.797455594 203704.73174792528, 986229.7355299294 203656.60323525965, 986269.092078507 203717.79733859003, 986296.1031793356 203759.3815730065, 986404.8096548468 203688.9968712628, 986405.132160753 203688.78788217902, 986406.3001374304 203688.17633484304, 986407.5337307602 203687.71111267805, 986409.2797902524 203687.32561475039, 986411.0655478388 203687.23243908584, 986412.8424471766 203687.43355417252, 986414.561931923 203687.9240387529, 986416.0629131794 203688.6251528412, 986417.4398789257 203689.54641084373, 986418.6606770009 203690.66681541502, 986419.6961080134 203691.960119918, 986420.5228780061 203693.39581258595, 986421.1842940003 203695.15762008727, 986428.5261428356 203721.6247587502, 986464.4378164262 203851.0838174224, 986471.4942327589 203876.52175867558, 986457.61499542 203885.63821025193, 986384.3625172526 203933.47899383307, 986399.1177370846 203956.44515526295, 986405.7909520864 203966.76632884145, 986395.6325078458 203973.35260175169, 986425.7334975004 204019.1244918406, 986440.5713943392 204042.043737337, 986409.2735566795 204062.5194181651, 986423.1672296673 204084.01806284487, 986440.6685070097 204111.06984600425, 986505.3232333362 204059.03714166582, 986519.3848850131 204047.6736473441, 986528.8579631746 204083.88453292847, 986514.7129783332 204095.11384117603, 986430.9428046793 204162.58417867124, 986412.3736160845 204133.88180825114, 986394.1649910957 204148.55927233398, 986450.4129100889 204235.52596192062, 986455.1340292543 204242.77627550066, 986322.8314723372 204328.35878150165, 986345.8730929196 204364.20910350978, 986417.2499186695 204474.85980084538, 986394.9386115968 204488.5799177587, 986375.8487547636 204500.32497300208, 986305.1750115901 204390.49481208622, 986282.2341125906 204354.65433259308, 986284.4499874264 204353.2150310129, 986279.8062959164 204346.165176332, 986232.9707596749 204275.12857300043, 986217.1761718392 204250.691614002, 986116.6950735897 204316.42475025356, 986052.7604901791 204358.46797326207, 986007.6874175966 204288.35951767862, 985970.8872943372 204237.6519419253, 985921.0084570944 204143.7607254982, 985898.3736598343 204101.15155875683, 985872.0078989267 204051.57652667165, 985843.5105805844 203998.9978916794, 985784.2456072569 203892.99121391773, 985777.8939139247 203881.6329689175, 985761.7466365099 203852.67567776144, 985744.5284950882 203821.90146109462, 985735.3191959262 203805.414945513, 985724.5475639254 203786.2949050069, 985720.5226375908 203779.10233408213, 985769.6294947565 203747.32844750583, 985775.4657691717 203743.34617200494, 985783.8220516741 203737.63522541523, 985785.9729660004 203736.12538592517, 985788.3663339168 203734.5561633408, 985790.7301743478 203733.12211108208, 985793.125838846 203731.7694234997, 985795.5634980053 203730.4931793362, 985797.8571285903 203729.38622617722, 985798.8791081756 203728.92658142745))","MN","LP-02287","Yes","NoHo Historic District Extension","Yes","DESIGNATED","DESIGNATED",,"3/18/2008",,"05/13/2008","01/15/2008","3385.551409317028","342217.3699530216"
"POLYGON ((986394.9386115968 204488.5799177587, 986417.2374515086 204474.86406591535, 986586.8893431723 204370.51355284452, 986598.4618265927 204363.50831750035, 986602.9293373376 204383.24417042732, 986603.4375384301 204385.50007142127, 986606.9375314265 204400.35962174833, 986607.6251940876 204403.2969518453, 986611.8125216663 204421.10925216973, 986616.0001773387 204438.90613259375, 986620.1875049174 204456.71876101196, 986623.8311984241 204472.2036381662, 986627.103829667 204486.12388592958, 986628.5624881685 204492.3282698393, 986629.6248220056 204496.8594287485, 986630.2796763331 204499.6382945925, 986676.0643616766 204696.6047641784, 986677.1873909235 204701.46859958768, 986680.250048846 204714.7812370062, 986681.0623831749 204718.26548200846, 986684.9377035052 204735.0626925081, 986688.8123676777 204751.8438269198, 986692.6873599291 204768.6403812617, 986696.5626802593 204785.43759176135, 986704.375000596 204791.92183075845, 986708.437328428 204809.89062683284, 986711.3566139191 204823.01494441926, 986713.4409273416 204832.38270783424, 986716.4373124242 204845.84363892674, 986720.499968335 204863.81243500113, 986723.1876270026 204875.92199084163, 986724.4999603331 204881.78123109043, 986728.4999523461 204899.76544709504, 986732.5626082569 204917.7345712483, 986736.5629283339 204935.70303925872, 986738.9323461801 204946.29094459116, 986724.1161028445 204955.86015117168, 986581.9592349231 205047.6752562523, 986521.3796316683 205087.07445567846, 986527.6115745902 205096.97043325007, 986536.6873438358 205111.374932006, 986546.3749885112 205126.74990125, 986556.0626331717 205142.1094505936, 986565.4999502599 205157.21900042892, 986566.0622850955 205158.1717544198, 986566.4999482632 205159.17175242305, 986566.8126116693 205160.21866634488, 986607.1337252557 205207.01778534055, 986607.6251940876 205207.14048850536, 986608.1629226804 205207.3068267554, 986608.6875279248 205207.46889992058, 986609.1734193414 205207.65853208303, 986609.687525928 205207.8596471697, 986610.1514357626 205208.09127400815, 986610.6248600036 205208.32815016806, 986611.0953315049 205208.594881922, 986611.5625221729 205208.8593170941, 986621.9375014305 205215.29696825147, 986623.1874989271 205216.09355458617, 986635.1874749213 205223.57811966538, 986650.8124436736 205233.53118374944, 986653.8048917502 205235.43800409138, 986663.7353180945 205241.76574733853, 986667.4426597506 205244.13122817874, 986668.3124086708 205244.74999333918, 986669.5916055888 205245.95734000206, 986670.648033917 205247.37137916684, 986671.1598439217 205248.30313584208, 986690.4724693447 205282.00385583937, 986705.838908419 205273.37099908292, 986706.2788681686 205273.17283675075, 986707.6456633359 205272.7384544164, 986709.0672484189 205272.54685375094, 986710.5003164262 205272.60426834226, 986711.9018884301 205272.90840159357, 986713.229641676 205273.45072333515, 986714.4438780844 205274.21417325735, 986715.1882991791 205274.85098300874, 986715.8520117551 205275.57178208232, 986715.8982715011 205275.62886859477, 986716.190921843 205276.06751599908, 986716.499976337 205276.53109775484, 986721.562630251 205285.57799567282, 986725.624958083 205292.98447692394, 986735.1876030117 205310.24986234307, 986744.6875840127 205327.51557584107, 986754.18723692 205344.78128933907, 986763.7498818338 205362.06275084615, 986773.2498628348 205379.32813625038, 986782.8125077635 205396.59384974837, 986792.3124887496 205413.8592351675, 986801.8124697506 205431.1249486655, 986811.9997853339 205449.49991191924, 986812.5001124293 205450.4529940039, 986812.8124477565 205451.453320086, 986813.1251111776 205452.49990592897, 986813.2497828454 205453.56223975122, 986813.3124467582 205454.625229761, 986813.2497828454 205455.68756358325, 986813.0624472499 205456.75022549927, 986812.7497838438 205457.78139142692, 986812.3747845888 205458.76564142108, 986811.8747855872 205459.71872350574, 986811.3124507517 205460.60946975648, 986810.6247880906 205461.43755209446, 986809.8751176745 205462.18755058944, 986809.4174414277 205462.5389278382, 986808.4200680852 205463.25054058433, 986801.2386520058 205467.27120183408, 986800.067066431 205467.93721100688, 986792.4105856717 205472.28923642635, 986791.8748255968 205472.59369775653, 986775.3125227541 205481.92176309228, 986758.7502199262 205491.2655764222, 986742.1872609258 205500.60938975215, 986725.624958083 205509.95320308208, 986709.0626552552 205519.28126841784, 986692.5000243336 205528.62508176267, 986675.9997292608 205537.96856699884, 986659.4374264181 205547.31238034368, 986642.8751235902 205556.64044567943, 986626.3124926686 205565.98425900936, 986609.7498617619 205575.3280723393, 986593.1875589192 205584.65613767505, 986576.6249280125 205593.99995100498, 986560.0626251698 205603.34376433492, 986543.499994263 205612.687249586, 986527.0000272542 205622.0156430006, 986513.2500547618 205629.7656275034, 986510.8123955876 205631.10945683718, 986509.7497336715 205631.6406237483, 986508.6250640005 205632.04679092765, 986507.5000662506 205632.3437063396, 986506.3124045879 205632.53136999905, 986505.1874068379 205632.59370583296, 986504.0000732541 205632.53136999905, 986502.8124115914 205632.3437063396, 986501.6874138415 205632.04679092765, 986500.5624160916 205631.62487575412, 986499.4997541755 205631.093708843, 986498.5000842512 205630.4687100947, 986497.5624220967 205629.7344595939, 986496.6874238402 205628.90637725592, 986495.9374253452 205628.00021108985, 986495.5092765838 205627.35060608387, 986493.1250950098 205623.73414351046, 986485.0001112521 205611.1875806749, 986474.2501327544 205594.73420150578, 986463.5624900907 205578.28115041554, 986452.874847427 205561.8280993402, 986442.1875328422 205545.37504824996, 986431.4998901784 205528.92199717462, 986420.8125755936 205512.4686180055, 986410.1249329299 205496.01556691527, 986399.3749544173 205479.56251583993, 986389.249974668 205463.96871501207, 986387.8126415908 205461.781383425, 986387.3126425892 205460.95330108702, 986386.9376433343 205460.0779747516, 986361.437694341 205419.92188708484, 986360.6873677522 205419.1092246771, 986360.00003317 205418.2188065052, 986349.8750534207 205402.4685099274, 986339.9374092519 205387.06270083785, 986330.0624290109 205371.65623559058, 986320.125112921 205356.23435042799, 986310.1874687523 205340.82821325958, 986301.8124855012 205327.79674325883, 986288.7498475909 205307.3906160891, 986281.3121984303 205295.70297542214, 986239.3080173433 205230.44031067193, 986238.9376112521 205230.0154427588, 986234.4674758464 205223.14078459144, 986227.999969095 205213.1719724983, 986217.374990344 205196.76583734155, 986206.7500115931 205180.35937409103, 986196.1876967549 205163.9686588347, 986185.5623899251 205147.56252367795, 986174.9374111742 205131.1563885063, 986164.3124324232 205114.74992525578, 986156.1251128465 205102.10953058302, 986153.6874536723 205098.35920999944, 986143.0624749213 205081.9530748427, 986141.7878711671 205079.97342000902, 986126.3502380103 205056.05089567602, 986078.6249397546 205087.15614841878, 986062.9373070896 205097.39070799947, 986047.0623388439 205107.74993926287, 986031.1876986772 205118.10949859023, 986015.2500665039 205128.46872983873, 985999.3750982583 205138.82796108723, 985983.437466085 205149.1875204295, 985967.5624978393 205159.546751678, 985951.6875295937 205169.90631100535, 985935.7498974204 205180.26554225385, 985919.8749291748 205190.62510159612, 985908.1249526739 205198.29700225592, 985903.5626258403 205201.25008033216, 985903.0403171778 205201.54174642265, 985902.4999639243 205201.8435830921, 985901.9487839192 205202.0581495911, 985901.3749661744 205202.2812462598, 985900.4999679178 205202.51582583785, 985899.9067932516 205202.59358158708, 985899.312634334 205202.67199350893, 985898.3749721795 205202.67199350893, 985897.7955770046 205202.6109700054, 985897.1876385957 205202.54699376225, 985896.6062749177 205202.40165284276, 985895.9999769181 205202.2500783354, 985895.4560147524 205202.03091867268, 985894.8749791682 205201.79699525237, 985894.372027427 205201.49811133742, 985893.8749811798 205201.20316442847, 985893.12498267 205200.65624950826, 985892.4373200089 205200.03125075996, 985892.0639611781 205199.57193408906, 985891.6876495928 205199.1093365848, 985891.3549730927 205198.59522999823, 985889.3749901801 205195.53125976026, 985881.3123422563 205182.85936908424, 985871.0000269264 205166.64056950808, 985860.6250476688 205150.421769917, 985850.3127323389 205134.2032984197, 985840.0000889301 205117.96875083447, 985829.6874455065 205101.7499512583, 985819.3751301765 205085.53115166724, 985809.0624867529 205069.31268016994, 985798.750171423 205053.0935525, 985788.1875285059 205036.515501678, 985787.3748660833 205035.25008425117, 985753.9999328405 204986.03102259338, 985744.9999508411 204971.65605133772, 985744.1876165122 204970.3906339258, 985734.1249725968 204954.3906659186, 985724.0626567602 204938.3749499172, 985714.0623486787 204922.3749819249, 985704.0000328422 204906.3592659235, 985693.9373889267 204890.3592979163, 985684.5000718385 204875.70315925777, 985675.0624266714 204861.04669250548, 985665.5624456704 204846.37480583787, 985656.125128597 204831.71866717935, 985650.5624756664 204823.03134858608, 985646.1874844283 204816.23411808908, 985617.6248775125 204771.49995559454, 985617.000206843 204770.60953742266, 985610.9375549257 204761.24997608364, 985606.9998987615 204755.1249883324, 985596.56258367 204739.0311885029, 985586.1872763336 204722.93738867342, 985575.8126251698 204706.84358884394, 985565.3749820143 204690.75011709332, 985555.0000027567 204674.65631724894, 985544.625023514 204658.56251741946, 985534.1873803437 204642.46871758997, 985523.8124010861 204626.3749177605, 985513.3750860095 204610.2811179161, 985509.6250935048 204604.4530455917, 985503.6943310946 204595.2631033361, 985502.9564716667 204594.13548092544, 985502.6903960854 204593.83922167122, 985502.454504177 204593.54755559564, 985502.2025361806 204593.2076612562, 985501.9545051754 204592.83397433162, 985501.770778507 204592.52918492258, 985501.6060806811 204592.231613338, 985501.4627082497 204591.94913358986, 985472.9375028461 204548.2497459203, 985462.5625235885 204532.2186100036, 985462.2062250972 204531.67071083188, 985452.0002087504 204515.9689705819, 985441.4999016672 204499.70292700827, 985430.9999226779 204483.3125398457, 985420.5626075864 204466.92182458937, 985409.749965176 204450.1249421686, 985398.9999866784 204433.32805976272, 985388.1876723468 204416.54692533612, 985377.4376938343 204399.75004291534, 985366.6250514239 204382.95316050947, 985355.8124090135 204366.1562780887, 985345.062430501 204349.375143677, 985334.2501161695 204332.57793317735, 985323.437473759 204315.78105075657, 985312.6874952614 204298.98449642956, 985301.8751809299 204282.2030339241, 985291.1252024174 204265.40615150332, 985287.24200809 204259.37433941662, 985274.2528608441 204239.1962301731, 985269.4999175966 204231.81238667667, 985258.749939084 204215.03125225008, 985247.9372966737 204198.2343698442, 985237.1249823421 204181.43748742342, 985226.3750038445 204164.64060500264, 985215.562689513 204147.85947059095, 985214.125028342 204145.56223109365, 985203.875048846 204129.65642300248, 985176.1037789285 204085.37337508798, 985166.2501240969 204070.10962608457, 985155.8124809265 204053.9531623423, 985145.375165835 204037.79702667892, 985134.9998585135 204021.64089100063, 985124.562543422 204005.48442725837, 985114.1872360855 203989.32829159498, 985103.749921009 203973.15607984364, 985093.3122778386 203956.99994416535, 985082.9372985959 203940.84380850196, 985072.4999835044 203924.6873447597, 985062.062340334 203908.5312090963, 985051.6876891702 203892.37507341802, 985041.2500459999 203876.21860967577, 985030.8124028444 203860.06247401237, 985020.4374235868 203843.90633833408, 985010.0001085103 203827.7344546765, 985000.0001285076 203812.21873767674, 984999.5906805098 203811.58291217685, 984989.1874860972 203795.42185525596, 984978.7501710057 203779.26571959257, 984968.3748636693 203763.1092558354, 984957.9375485927 203746.95312017202, 984957.3752137572 203746.25003759563, 984956.74988693 203745.37503933907, 984956.3125518411 203744.4531251788, 984955.8748886734 203743.46887516975, 984955.6252172589 203742.46854908764, 984955.4375535846 203741.4373831749, 984955.3748896718 203740.39079733193, 984955.3748896718 203739.34355534613, 984955.5625533462 203738.31238941848, 984955.8125528395 203737.29697149992, 984956.1252162606 203736.31272150576, 984957.1875500977 203734.48431308568, 984957.812548846 203733.6562307626, 984958.4998834282 203732.8908123374, 984959.312545836 203732.21856959164, 984959.9047362506 203731.82913467288, 984961.1875420958 203730.98432008922, 984974.4998514205 203722.29700151086, 984990.6248191744 203711.9062742591, 985000.0001285076 203705.81245441735, 985005.1077298373 203702.51882584393, 985010.036853835 203699.33018392324, 985022.7500830144 203691.09397992492, 985038.8123868406 203680.68750467896, 985054.9373545945 203670.28135751188, 985070.9999865144 203659.8752103448, 985087.0622903407 203649.46873508394, 985103.1252503395 203639.06258791685, 985117.8125569224 203629.57802684605, 985119.2498899996 203628.6561126709, 985131.7091826797 203620.57509209216, 985137.0917178392 203617.36348433793, 985137.244604677 203617.30574166775, 985138.1953901798 203617.00160841644, 985138.3023453355 203616.9737213403, 985139.3876450062 203616.75160892308, 985140.4896769226 203616.64170101285, 985142.3722190857 203616.71453550458, 985144.2130946666 203617.11250059307, 985145.9575137496 203617.8231290877, 985147.552654922 203618.8254236728, 985148.9496337622 203620.08854450285, 985150.107111752 203621.5750900954, 985212.3484570831 203717.84392641485, 985260.7646988332 203690.2983778417, 985440.0556788445 203589.22902616858, 985470.0920360833 203572.29697342217, 985448.261371091 203537.37414300442, 985447.6475271732 203536.20255742967, 985447.9723296762 203535.91089133918, 985447.8945739269 203534.10249601305, 985448.1176705956 203532.3059116751, 985448.6357141733 203530.5713350922, 985449.4345970899 203528.94699449837, 985450.4920096695 203527.47750926018, 985451.7784244269 203526.2038897574, 985453.2584083378 203525.1615689993, 985453.2764529288 203524.91714692116, 985454.5625395924 203524.50015300512, 985455.6252015084 203524.12482567132, 985465.3751820028 203521.23441150784, 985471.9375048429 203519.29675133526, 985488.9374708384 203514.25017350912, 985505.937436834 203509.2032675892, 985522.9374028444 203504.15603359044, 985526.4373958409 203503.14061567187, 985539.1250345111 203499.39062316716, 985540.3750320077 203499.0782878399, 985541.6873653382 203498.92179208994, 985543.0000267625 203498.87487617135, 985544.312360093 203498.9844560027, 985545.6250215024 203499.2187075019, 985546.8750190139 203499.5782868415, 985548.1250165105 203500.07795774937, 985549.2500142604 203500.70295651257, 985550.3750120103 203501.43753509223, 985551.3750100136 203502.2813654244, 985552.3123440892 203503.21869949996, 985553.1250065118 203504.2498654276, 985553.5803861767 203504.99034950137, 985557.5656144172 203511.46573024988, 985560.4314223379 203516.10450050235, 985564.1876484305 203522.17207367718, 985574.4376279265 203538.8124603331, 985584.6249435097 203555.4531750828, 985594.8749230057 203572.09356175363, 985605.1249025017 203588.7500245124, 985615.3748820126 203605.3907392621, 985625.6248615086 203622.03112591803, 985635.1875064224 203637.5937588364, 985641.0159068406 203647.0793041736, 985643.7750876695 203651.57010884583, 985644.7498232573 203653.15606367588, 985654.3751320839 203668.70294858515, 985663.9374489188 203684.2655815035, 985673.5000938475 203699.827886343, 985683.0624106675 203715.39084734023, 985692.6250555962 203730.95315217972, 985699.8123771697 203742.53121300042, 985701.2562719285 203744.89636576176, 985724.8123271763 203786.7187886685, 985725.069544509 203787.17384025455, 985729.9376450032 203795.78110650182, 985733.2499743402 203801.73450666666, 985737.8602013439 203809.96447709203, 985740.4100650102 203814.51663333178, 985741.6872934252 203816.79681250453, 985750.0626047552 203831.84402650595, 985758.4999238402 203846.90600425005, 985766.937571004 203861.96863816679, 985769.6875655055 203867.00012417138, 985775.3125542551 203877.03127208352, 985777.875213176 203881.64084292948, 985783.8748730868 203892.32815749943, 985784.2465915084 203892.992526263, 985791.3125222623 203905.62504692376, 985792.4371919185 203907.62504291534, 985801.0001669228 203922.9216002524, 985809.5624857545 203938.21881376207, 985818.1248045862 203953.5311190933, 985818.5198169202 203954.24141950905, 985821.606096834 203959.7958703339, 985826.624787584 203968.8280045092, 985835.1874345094 203984.12488992512, 985837.187430501 203987.71871475875, 985842.7376162559 203997.63733008504, 985871.1250266731 204050.32816958427, 985871.8123612553 204051.25008375943, 985872.3750241697 204052.2497536689, 985877.375014171 204061.6250630021, 985881.4376700968 204069.2969636768, 985886.0065585971 204077.89963676035, 985888.8569465876 204083.26642392576, 985890.3749881685 204086.1250140071, 985899.312634334 204102.9373163432, 985908.2499524206 204119.76536667347, 985917.1872705072 204136.59374508262, 985926.1249166727 204153.4217954278, 985935.0622347593 204170.23442584276, 985944.0002090037 204187.06247617304, 985948.4119455963 204195.36987425387, 985952.9375270903 204203.8908545822, 985961.8751732558 204220.7185768336, 985965.1875025928 204226.9688924253, 985970.8751552552 204237.65653508902, 986007.6874175966 204288.35951767862, 986016.687399596 204302.40607750416, 986017.5000620037 204303.60948717594, 986027.097811833 204318.56286934018, 986030.4314665943 204323.75708466768, 986038.5000200123 204336.32825376093, 986049.0626629293 204352.6874729991, 986052.7604901791 204358.46797326207, 986116.6950735897 204316.42475025356, 986217.1640327573 204250.69587908685, 986232.9707596749 204275.12857300043, 986279.8883167505 204346.2898479998, 986284.4499874264 204353.2150310129, 986282.3473013341 204354.58051383495, 986305.1750115901 204390.49481208622, 986375.8362875879 204500.32923808694, 986394.9386115968 204488.5799177587))","MN","LP-02039","Yes","NoHo Historic District","No","DESIGNATED","DESIGNATED",,"4/13/1999; 5/4/1999",,"06/29/1999","03/30/1999","6973.525057064181","1502362.017408"
"POLYGON ((985815.6198883355 203498.82205475867, 985811.5234398395 203486.75875867903, 985890.74670659 203458.87528425455, 985934.7489151806 203443.86711217463, 985996.36198093 203422.09911109507, 985996.3465609998 203422.1876935959, 986014.5384537578 203476.53010459244, 986025.3330515921 203508.77511884272, 986041.3359723389 203503.14291225374, 986123.8072640896 203474.11606742442, 986154.1142900884 203463.40086574852, 986152.3761045933 203457.6968089193, 986149.1307042539 203447.04755200446, 986143.9263183475 203429.97081451118, 986138.7084810138 203412.84945766628, 986131.513941586 203389.24090908468, 986125.991971001 203371.12119467556, 986120.6560236663 203353.6123714149, 986113.7515099198 203330.9575610906, 986108.6576880962 203314.24335567653, 986102.1124255955 203292.76603642106, 986098.0802814215 203279.5990680009, 986107.3985042572 203276.22013776004, 986181.7654815018 203250.04597750306, 986188.52006118 203272.15813800693, 986195.6847450137 203269.63616141677, 986202.9370270967 203293.3788960874, 986284.4093050957 203264.70408467948, 986301.3902422637 203258.780212, 986307.9013840854 203283.211921677, 986312.952883169 203301.59738358855, 986318.0050384253 203319.9828455001, 986323.0568655878 203338.36830742657, 986323.6654601693 203340.5845103413, 986328.1083646715 203356.75376933813, 986333.160191834 203375.1392312497, 986338.2123470902 203393.52469317615, 986343.2638461739 203411.9101550877, 986348.3156733364 203430.29561699927, 986353.3675005138 203448.68107892573, 986358.4193276763 203467.0665408373, 986363.4711548388 203485.45200274885, 986363.4918240905 203485.54485033453, 986363.661115095 203486.39491425455, 986376.8254588395 203534.25078967214, 986376.9281489253 203534.56148459017, 986377.0200122595 203534.8751322627, 986377.1010488421 203535.1920607537, 986391.6013479233 203586.79563209414, 986376.6994748414 203592.01904684305, 986300.5103227496 203618.71584384143, 986280.1747335047 203625.58689308167, 986283.702941671 203635.47630900145, 986242.9090600014 203651.44609333575, 986086.7436899245 203712.5827820897, 986016.0154849291 203740.2720311731, 985957.2003138363 203763.29691950977, 985940.2603870928 203773.5993923396, 985914.8831412643 203790.17186576128, 985861.6686807573 203824.9234366715, 985804.031328842 203736.93279901147, 985798.8791081756 203728.92658142745, 985800.4227402508 203728.24285575747, 985803.125162676 203727.14508892596, 985805.7029134184 203726.19758425653, 985808.3105197549 203725.33275659382, 985815.3413455933 203722.8366985917, 985826.2501164228 203718.96236251295, 985860.4770820886 203706.8104839176, 985883.2667346746 203698.57460801303, 985871.3225328475 203662.83583433926, 985815.6198883355 203498.82205475867))","MN","LP-02129","Yes","Noho East Historic District","No","DESIGNATED","DESIGNATED",,"3/4/2003",,"06/24/2003","12/03/2002","2225.6089334327835","168014.50220536036"
"POLYGON ((944507.6575569212 155118.90700376034, 944256.4592404217 154764.5783160925, 944604.8991603404 154581.14233125746, 945064.4297373444 154339.2225394994, 945517.4662328362 154100.7217041701, 945568.505828917 154074.81919692457, 945596.8102342635 154065.30740492046, 945618.4929336756 154060.86876550317, 945644.1907169223 154058.57086983323, 945656.9570955932 154059.0469187498, 945793.9374646693 153920.51569975913, 945803.2501100898 153910.31230808794, 945806.499775514 153906.99997875094, 945812.9374266714 153900.43765592575, 945822.8124069273 153890.79692716897, 945832.6250513345 153881.14077851176, 945843.2500300854 153872.21888034046, 945853.8750088364 153863.28123417497, 945864.4999875873 153854.34358800948, 945875.0626305044 153845.40626992285, 945889.1872741729 153832.828211084, 945903.2499100864 153820.26557217538, 945917.3125459999 153807.67176534235, 945931.3748538345 153795.0937065035, 945945.5001536757 153782.56256358325, 945959.6251254231 153770.04684059322, 945970.250104174 153760.73452325165, 945980.8124190122 153751.4376258403, 945991.4373977631 153742.12498041987, 946002.0623765141 153732.87499892712, 946010.1876883358 153725.81234900653, 946012.7500191778 153723.60926942527, 946023.3749979287 153714.3592879176, 946034.1249764264 153705.25005416572, 946044.8752830029 153696.12474434078, 946054.5622715056 153687.93742474914, 946055.6875973344 153687.01583866775, 946067.0625745952 153677.68744525313, 946078.4375518411 153668.35937991738, 946089.8751929998 153659.14056633413, 946101.3125060946 153649.92175275087, 946112.7498191744 153640.7032672614, 946124.2501242608 153631.46870566905, 946137.6250975132 153620.56255950034, 946151.0627346784 153609.64066533744, 946164.4377079308 153598.71877117455, 946177.8750170022 153587.79687701166, 946191.3123260885 153576.96881467104, 946204.8122990876 153566.15617226064, 946214.8749430031 153558.26576809585, 946224.8749230057 153550.3750358373, 946234.999902755 153542.53121951222, 946245.0625466704 153534.70315116644, 946255.1251905859 153526.84358683228, 946265.1875064224 153519.00009858608, 946278.9998147637 153508.0312885046, 946292.8751150966 153497.07789833844, 946306.6877515018 153486.1251643449, 946320.4377240092 153475.10943834484, 946334.2500323355 153464.09371234477, 946348.0000048429 153453.0779863447, 946361.8749770969 153442.14067225158, 946375.6876135021 153431.18728208542, 946389.4999218434 153420.2345480919, 946400.4998998344 153411.67190116644, 946411.5002059191 153403.1092542559, 946422.4998558462 153394.5469354242, 946433.4998338372 153386.03120441735, 946444.5001399219 153377.4997254163, 946455.5001179278 153368.9843225032, 946466.5624317527 153360.46859151125, 946477.5624097586 153351.96860849857, 946488.6250516772 153343.45320558548, 946501.3750261664 153333.54705742002, 946514.1250006706 153323.65632916987, 946526.8749751747 153313.74985292554, 946539.6249496788 153303.87520074844, 946552.374924168 153294.00022050738, 946565.1248986721 153284.10916417837, 946577.9998729229 153274.37493167818, 946590.8748471737 153264.65644717216, 946603.7498214245 153254.9218865931, 946614.9997989237 153246.7342389226, 946626.1874405891 153238.53117133677, 946637.4374180883 153230.34352366626, 946648.7500595003 153222.26545584202, 946660.0623728335 153214.18738800287, 946671.3123503476 153206.10932017863, 946682.6876556724 153198.04700033367, 946693.9999690056 153190.00010041893, 946705.3126104176 153181.93745251, 946718.9999190122 153172.18747200072, 946732.7498915046 153162.43749150634, 946746.4375281781 153152.70325900614, 946760.1875006706 153142.96869842708, 946773.9374731779 153133.25021392107, 946787.6874456704 153123.5468212515, 946802.7500795871 153112.96875841916, 946817.8750493377 153102.3906955868, 946833.0000190884 153091.82838074863, 946840.4252010882 153086.63974283636, 946912.6002535969 153034.9426677525, 946986.2093583345 152979.2190259248, 947022.9254922569 152949.23483392596, 947042.544875592 152931.65514467657, 947060.6550755948 152914.49901100993, 947091.039529264 152883.3612780124, 947168.7306468338 152841.6796028316, 947191.3008116782 152831.3515395075, 947230.6783575863 152813.33189050853, 947286.5437314212 152791.1071974188, 947388.0576360077 152760.59151041508, 947513.9966885895 152737.70474517345, 947602.6179024279 152731.0521994233, 947703.5307583362 152727.7674290836, 947722.514972344 152728.41637791693, 947792.8327450901 152730.81893217564, 947814.2044215053 152733.80481858552, 947863.816527009 152740.73656325042, 947938.3934775889 152756.50523251295, 948031.1367304176 152783.91790734231, 948112.0962141752 152812.47854575515, 948176.1941830963 152837.68650059402, 948246.6241603345 152874.29469509423, 948294.7103502601 152902.09614866972, 948324.4770230055 152919.30575992167, 948364.8247113377 152947.34605817497, 948387.2413331717 152962.925423339, 948422.9784664214 152991.09859533608, 948441.4331539273 153005.64745076, 948468.2165649235 153032.41511376202, 948471.4957578331 153035.69233816862, 948475.55808568 153039.75204133987, 948485.9376580864 153050.5623871684, 948496.8749721795 153062.40619550645, 948507.8122862577 153074.2500038445, 948518.8125923425 153085.98456041515, 948529.7502345145 153097.71878892183, 948542.1875455976 153110.95334251225, 948554.5625208467 153124.18723991513, 948567.1251597553 153137.34370967746, 948579.6251347512 153150.50017942488, 948592.3124453425 153163.57790917158, 948604.9374200851 153176.6562950909, 948618.1250577569 153189.87477259338, 948631.250031501 153203.1093261689, 948644.5000050068 153216.17163600028, 948657.6873145849 153229.23427392542, 948670.6876166761 153242.45307950675, 948683.6249267608 153255.6718850881, 948696.9999000132 153269.45302550495, 948710.0625379235 153283.1718300879, 948722.4998490065 153297.3437177539, 948731.3748312593 153307.99986442924, 948739.5624789298 153318.53133942187, 948746.124801755 153329.1251502484, 948751.187455669 153340.76554691792, 948755.1251118332 153353.40626966953, 948758.0001060963 153366.2969919294, 948759.6251028478 153380.03121642768, 948760.0624379218 153394.37501975894, 948759.9374381751 153409.04690642655, 948759.3124394268 153424.89070676267, 948757.9374421686 153440.9060946703, 948756.5624449253 153457.21872608364, 948755.1874476671 153474.46869158745, 948753.7501145899 153491.68748916686, 948752.3747892529 153508.93745467067, 948751.562454924 153519.31276200712, 948750.7501205951 153529.68741317093, 948749.9374581724 153540.0469724983, 948749.1251238436 153550.42195175588, 948748.3124614209 153560.78118300438, 948747.5624629259 153571.14074233174, 948746.3751293421 153585.87496483326, 948745.2498035133 153600.60918733478, 948744.0624699295 153615.35948592424, 948742.8751363456 153630.09370842576, 948741.7501385957 153644.84367892146, 948740.6251408458 153659.60939742625, 948739.6251428425 153672.85937091708, 948738.6251448393 153686.10934442282, 948737.6248187572 153699.39081391692, 948736.6248207539 153712.65653541684, 948735.6874866784 153725.9530967623, 948734.7501525879 153739.24998617172, 948733.9374901801 153752.9218748361, 948733.1248277575 153766.57801550627, 948732.3748292625 153780.21873626113, 948731.6251588464 153793.8594570011, 948730.8124964237 153807.46868175268, 948730.0624979287 153821.06248658895, 948729.3124994189 153832.2032123357, 948728.5625009239 153843.32819008827, 948727.8125024289 153854.53125166893, 948727.062503919 153865.71889333427, 948726.4375051707 153876.93737484515, 948725.7501705885 153888.15618442, 948724.8125084192 153906.57806359231, 948724.0001740903 153925.1876064241, 948723.8748462498 153943.89065299928, 948724.1875096709 153960.5310396701, 948725.0001720935 153977.45292183757, 948727.1875036806 153994.50013184547, 948729.9374981672 154007.43744191527, 948733.4374911785 154020.0781646669, 948737.6248187572 154032.54664367437, 948744.8751323372 154049.75002133846, 948753.4374511689 154066.29690425098, 948762.875096336 154082.23453642428, 948773.0624119192 154097.24992634356, 948783.8750543445 154111.45331001282, 948794.5000330955 154125.28136633337, 948805.5623469204 154140.2970843315, 948816.7499885857 154155.40630608797, 948828.0626300126 154170.4689400047, 948834.3749533445 154178.81242725253, 948840.6876047552 154187.14049458504, 948847.0625919998 154195.43739400804, 948853.3749153465 154203.73429341614, 948859.8125665039 154211.98427692056, 948866.1875537634 154220.25000841916, 948875.6875347644 154232.53115184605, 948885.1875157505 154244.8126233369, 948894.8124965131 154257.0937667489, 948904.4374772608 154269.35949026048, 948914.250121668 154281.4998859167, 948924.0624380112 154293.6251897514, 948931.874758333 154303.00017100573, 948939.7500706762 154312.35940425098, 948947.6873907596 154321.64055366814, 948955.6873747557 154330.90628316998, 948963.8123585135 154340.06243284047, 948972.0000061691 154349.2189105898, 948980.7499886751 154358.64047966897, 948989.5626350939 154368.0623768419, 948998.4999531806 154377.26577050984, 949007.4372712523 154386.468836084, 949016.312253505 154395.64073374867, 949025.1875638366 154404.79688341916, 949034.9998801798 154414.95335917175, 949044.8125245869 154425.0937588364, 949054.625169009 154435.23415850103, 949064.4374853373 154445.37488625944, 949069.1248119175 154450.32796034217, 949074.1248019189 154455.56252992153, 949083.7501107603 154465.74984550476, 949092.312429592 154475.0155750066, 949093.062428087 154475.87515333295, 949102.3750735074 154486.00013308227, 949111.6250550002 154496.25011259317, 949120.8750365078 154506.50009208918, 949130.1876819283 154516.76581959426, 949139.4373353422 154527.03121900558, 949146.3126496673 154541.60960191488, 949152.8749725074 154552.78116750717, 949158.3126256764 154563.73422959447, 949161.9376184195 154573.5937899202, 949165.0626121759 154584.09376892447, 949167.6249430031 154594.56258000433, 949169.2499397546 154604.5310640037, 949170.8749365062 154614.51562409103, 949171.6875989288 154624.9063513428, 949172.4999332577 154635.2967505008, 949173.2499317527 154646.0158891678, 949173.9999302626 154656.75011967123, 949174.937592417 154667.59360192716, 949175.8749265075 154678.43774034083, 949176.749924764 154689.18771883845, 949177.6249230057 154699.9531172514, 949178.3749215007 154710.70309574902, 949179.0625841767 154721.45307426155, 949179.8125826716 154734.42188033462, 949180.5625811666 154747.40643441677, 949181.1249160022 154760.37491242588, 949181.6249150038 154773.34371849895, 949181.9375784248 154786.29677659273, 949182.2502418458 154799.2655826658, 949182.3125776798 154810.68747584522, 949182.3749135137 154822.10936900973, 949182.2502418458 154833.53126217425, 949182.1249140054 154844.95315533876, 949181.8125786781 154856.3281325847, 949181.4999152571 154867.70310984552, 949180.5625811666 154883.21849875152, 949179.6249190122 154898.7342157513, 949178.3125856668 154914.32801659405, 949176.9999242574 154929.90606942773, 949175.6249270141 154945.59370209277, 949174.2502578348 154961.26558674872, 949172.812268585 154978.4689644277, 949171.3749355078 154995.65626600385, 949170.9999362528 155000.00008933246, 949169.9376024306 155012.81239967048, 949168.4376054257 155029.98460942507, 949166.9376084208 155047.15616300702, 949165.4376114309 155064.31262475252, 949163.7499507517 155083.35950267315, 949162.1249540001 155102.4060525, 949160.3749575019 155121.45293042064, 949158.6876249164 155140.51555633545, 949156.9999642521 155159.56243425608, 949155.2499677539 155178.6093121767, 949153.6873068362 155196.4688564986, 949152.0626381785 155214.31232476234, 949150.4999772608 155232.14070117474, 949148.8749805093 155249.98449750245, 949147.2499837577 155267.76562991738, 949145.6249870062 155285.5470904261, 949144.2499897629 155298.37482067943, 949142.8749925047 155311.20287901163, 949141.4999952614 155324.1716850847, 949140.0626621693 155337.14081925154, 949139.062664181 155350.218877092, 949138.062338084 155363.28118692338, 949137.1250040084 155379.99998550117, 949136.5000052601 155396.99995151162, 949137.0000042617 155414.28108492494, 949138.5623370856 155430.24988500774, 949141.0623320937 155446.06251741946, 949144.4999892563 155461.7655699998, 949149.4999792576 155478.4220327586, 949155.500295341 155494.4689166695, 949161.7499547601 155510.10930533707, 949166.1249460131 155520.43736867607, 949170.5622730851 155530.78118000925, 949175.2499277592 155540.93732766807, 949179.9999182522 155551.10922333598, 949184.7499087602 155561.1406993419, 949189.4998992532 155571.17184725404, 949194.3748895079 155581.5625745058, 949199.3125436753 155591.95330175757, 949204.3125336766 155602.3279529214, 949209.312523678 155612.71868017316, 949214.3125136793 155623.06249150634, 949219.3748394996 155633.40630283952, 949224.8124926686 155644.515532583, 949229.9378105104 155654.98729641736, 949247.0086425096 155689.3484481722, 949252.2501018345 155699.89074991643, 949258.7500888407 155713.01539558172, 949265.2497477531 155726.12494942546, 949271.8123986721 155739.2656711787, 949278.3123856783 155752.39064492285, 949284.8750365973 155765.515618667, 949291.4373594224 155778.64059242606, 949298.0623461753 155791.62481842935, 949304.6249970943 155804.6093725115, 949311.2499838471 155817.531262666, 949317.9376345128 155830.46890084445, 949324.499957338 155843.39079099894, 949331.0626082569 155856.31268116832, 949338.687593013 155871.42190292478, 949346.3749135882 155886.54687267542, 949353.9375625104 155901.68759042025, 949361.5625472516 155916.82830816507, 949369.1248680949 155931.96869784594, 949376.6875170022 155947.10941559076, 949384.81250076 155963.32821516693, 949392.8751486689 155979.5312667489, 949400.9374685138 155995.76581433415, 949409.0624522567 156011.98428584635, 949417.1874360144 156028.2188334167, 949425.3124197572 156044.43763300776, 949434.3750656694 156062.2187654227, 949443.4373835027 156079.98447792232, 949452.5000294298 156097.70327450335, 949461.6250111759 156115.4374909997, 949470.6249931753 156133.15628759563, 949479.6249751747 156150.89083217084, 949486.1876260936 156163.95314200222, 949492.7499489188 156177.0311998427, 949506.0068121701 156203.60955876112, 949515.6006250083 156222.8441003412, 949531.2715254277 156254.79876084626, 949545.8820605129 156285.0657606721, 949565.5106301755 156326.4770951718, 949578.6946589202 156354.57185526192, 949602.0948745906 156411.23119075596, 949612.3996440023 156443.20323967934, 949614.4199811667 156449.4712717533, 948886.1724219173 156549.2988280058, 948884.4273466766 156566.20332175493, 948855.8860651702 156881.90577434003, 948815.2932985872 157283.03062824905, 948789.1680227518 157286.75995150208, 948741.2147065848 157293.56735259295, 948694.7269386798 157300.16642075777, 948651.4061591774 157306.3160147518, 948615.8192880899 157312.81731408834, 948565.8423539251 157321.94688901305, 948505.8437862545 157332.926853925, 948460.2972894311 157341.51279476285, 948453.5623947531 157342.78116492927, 948434.9997678399 157346.28115792572, 948424.1874535084 157348.3280698359, 948416.5001329184 157349.78115092218, 948398.1248415858 157353.12497626245, 948379.8125422597 157356.46880158782, 948361.4999148399 157359.8126269281, 948343.1876155138 157363.1561241746, 948324.874988094 157366.49994949996, 948309.87501809 157369.23452408612, 948294.875048086 157371.9687705934, 948279.9374139309 157374.68759717047, 948264.9374439269 157377.42184367776, 948249.937473923 157379.99992249906, 948234.8748400062 157382.59374934435, 948228.374853 157383.71874709427, 948223.249863252 157384.60916525126, 948211.6252145916 157386.62490925193, 948199.9375739247 157388.54682141542, 948188.3122690916 157390.46873359382, 948176.6249565035 157391.8437308371, 948173.9376259297 157392.15606617928, 948164.9376439303 157393.2187280953, 948154.5623365939 157393.89064276218, 948149.6873463392 157394.20297808945, 948144.1873573363 157394.54680942, 948133.7500422597 157394.79680892825, 948123.3750630021 157395.0313885063, 948113.0000837594 157394.71872508526, 948102.6251045018 157394.40606167912, 948082.812480092 157392.67214125395, 948063.1251835078 157389.9218186736, 948047.2498871684 157386.93757267296, 948043.5625585914 157386.2499100119, 948024.3749329299 157381.73449908197, 948005.3126350939 157376.3283419162, 947986.6250084192 157370.0002705902, 947981.1873552501 157367.85952684283, 947969.8127060831 157363.37495575845, 947953.3127390891 157355.98455059528, 947937.1874432564 157347.92190267146, 947935.062775597 157346.71882109344, 947927.2501271665 157342.26541791856, 947917.3124830127 157336.60926125944, 947907.6251664311 157330.42160959542, 947897.9375217557 157324.21886609495, 947888.5625405014 157317.656215176, 947879.1875592619 157311.1093122512, 947865.0625874996 157300.43741758168, 947851.2499510944 157289.34360775352, 947847.9376217574 157286.7031930834, 947837.4376427531 157278.17204217613, 947824.7500040978 157267.87514676154, 947812.0626935065 157257.5310073346, 947799.3750548363 157247.18752409518, 947791.3750708401 157240.6406211704, 947783.375086844 157234.09371826053, 947775.374774754 157227.54681533575, 947771.7501100898 157224.57798925042, 947767.3751188368 157220.9841644168, 947759.3748067617 157214.46875751019, 947751.3748227507 157207.9376025945, 947739.5625104308 157198.07837033272, 947727.7498700023 157188.24997791648, 947715.5002225935 157179.06233225763, 947703.6249182522 157171.67192709446, 947691.3749427497 157164.82810875773, 947679.1876311749 157157.9219545871, 947667.3749907613 157150.84355667233, 947655.6250142604 157143.70315100253, 947643.8750377595 157136.54666925967, 947633.9373935908 157130.51584142447, 947624.1250772625 157124.45318950713, 947614.2500970066 157118.3905375898, 947606.437448591 157111.20288792253, 947603.6874540895 157108.62480908632, 947598.6251282543 157103.99981833994, 947590.8751437515 157096.81249675155, 947583.0624953359 157089.60942716897, 947575.3125108331 157082.4217775017, 947570.1875210851 157077.71870292723, 947567.5001905113 157075.21870791912, 947557.1248831749 157065.7187269181, 947546.7499039173 157056.21874591708, 947536.3749246746 157046.70301692188, 947525.999945417 157037.20303592086, 947515.749965921 157027.57805517316, 947507.9274750054 157020.27688866854, 947499.9999974221 157012.70308491588, 947497.6250021756 157010.4534175098, 947489.8750176728 157002.93768450618, 947482.12503317 156995.35961566865, 947474.3750486672 156987.78121875226, 947466.750063926 156980.12473800778, 947459.1250791699 156972.46858534217, 947449.7500979304 156962.85935258865, 947440.43745251 156953.25011983514, 947431.1874710023 156943.53130725026, 947421.9998253435 156933.7967466712, 947412.8751716763 156923.96868233383, 947403.8125257641 156914.14061801136, 947395.6248780936 156905.12521608174, 947393.5625462532 156902.84372459352, 947387.4372304231 156896.1091580093, 947379.374910593 156887.01567225158, 947371.312590763 156877.90611042082, 947363.3126067519 156868.73454083502, 947359.8122856766 156864.73454883695, 947355.3122946769 156859.54689517617, 947347.6249740869 156850.43766142428, 947339.8749895841 156841.32809959352, 947332.2500048429 156832.14045391977, 947324.6250200868 156822.95313633978, 947317.0623711795 156813.7500707507, 947309.4373864233 156804.56242509186, 947301.9374014288 156795.59361100197, 947294.4374164194 156786.60937701166, 947286.9374314249 156777.64056292176, 947279.4374464303 156768.67207692564, 947272.0001253337 156759.64059892297, 947264.562476173 156750.60944899917, 947257.624826014 156741.95297025144, 947250.687503919 156733.28139966726, 947243.74985376 156724.57800500095, 947236.8751955926 156715.8749384284, 947229.9998812526 156707.18729175627, 947223.0625591725 156698.4845532626, 947214.2502408475 156687.57807900012, 947205.374930501 156676.65618483722, 947196.4376124293 156665.76545858383, 947187.5626301765 156654.8750604242, 947178.8126476705 156643.85933442414, 947170.0623370856 156632.84360842407, 947163.5626781732 156624.29703758657, 947157.0000272542 156615.73439067602, 947150.5623760968 156607.12482783198, 947144.1250530034 156598.5001731664, 947137.7500657588 156589.81252650917, 947131.3750785142 156581.10945992172, 947128.0624210835 156576.45297317207, 947124.187428847 156570.9844801724, 947116.9374433458 156560.85950042307, 947109.8751215041 156550.64068883657, 947105.7622688413 156544.680727005, 947102.3899002522 156539.82082858682, 947064.7823639214 156561.0484764278, 947051.407390669 156568.8978701681, 947033.1403668374 156579.61799308658, 947021.6331720054 156586.3712604195, 947012.607271418 156591.74329692125, 947000.1706165075 156598.96703575552, 946982.0709151775 156608.3249566704, 946967.0046723336 156616.11463925242, 946951.0604785085 156624.3580610901, 946934.9778335094 156632.67300508916, 946919.3837045878 156640.64346158504, 946903.3752064258 156648.7838652581, 946887.7761562616 156656.82387542725, 946872.085570842 156665.0344889164, 946857.2043670118 156672.82187491655, 946840.0337976664 156681.8067650944, 946827.1489809304 156688.6781424284, 946812.0591160953 156696.867758587, 946796.4197116792 156705.35527442396, 946781.426303342 156713.49239724874, 946763.731456846 156723.0953964293, 946745.5064276755 156732.9864527583, 946735.3122223467 156738.51892200112, 946712.311284095 156750.23149700463, 946694.4428815097 156759.3302320838, 946675.4603079259 156768.99655133486, 946656.7005029172 156778.6914138347, 946641.5522392541 156786.70813009143, 946625.2756970078 156795.32162992656, 946608.8964646757 156803.98991967738, 946592.7606701702 156812.49744859338, 946575.5845234245 156821.45281125605, 946562.4293660074 156828.3120495081, 946549.449405089 156835.07975250483, 946535.3946431726 156842.40749375522, 946522.589550674 156849.0839895904, 946509.7185134292 156854.6702645123, 946496.3960335106 156860.65483258665, 946486.3232190013 156865.33231666684, 946477.5863598436 156869.46583859622, 946469.0453664213 156873.61248384416, 946462.6362585127 156876.78570583463, 946454.6959856749 156880.78110466897, 946446.6087315083 156884.9513719231, 946436.0923483372 156890.47367058694, 946428.0795690864 156894.794528082, 946419.0966474265 156899.74300900102, 946413.5723802596 156902.82371149957, 946411.22363168 156904.13342016935, 946401.1852659285 156909.4286851734, 946391.0445381701 156914.52906867862, 946383.5603011698 156918.11305101216, 946373.4018569291 156922.8026741743, 946363.3821919262 156927.19964700937, 946353.5869359225 156931.2839564234, 946344.396665588 156934.92929033935, 946334.2684050053 156938.74293100834, 946327.5712399185 156941.21963208914, 946314.0351777524 156946.7291354984, 946302.0952410102 156951.26160675287, 946291.5001178384 156955.0201294273, 946280.9486297518 156958.521762833, 946267.0421615094 156962.8012818396, 946256.5913950056 156965.73565916717, 946245.634724006 156969.7710841745, 946231.0471547544 156974.68380400538, 946217.1177206784 156978.95380859077, 946203.3726694286 156982.76580883563, 946189.8835231811 156986.3973632604, 946175.1680014282 156989.4288532585, 946166.2172319293 156990.71428374946, 946155.3015713394 156991.8186122626, 946148.6286844164 156992.2037820816, 946132.7875087559 156991.85535758734, 946123.4768318385 156991.65063358843, 946111.9804637581 156991.39800941944, 946103.1688015908 156991.12602834404, 946098.4647427499 156990.9810155034, 946092.8896226734 156990.80909983814, 946089.9257178456 156990.71756458282, 946087.1251985133 156990.6250450909, 946087.1875343472 156983.85931058228, 946078.3125520945 156984.93739242852, 946069.4375698417 156986.00005434453, 946060.562587589 156986.9219685048, 946045.624953419 156988.09355409443, 946030.6876473427 156988.8593005836, 946015.7500131726 156989.14079609513, 945998.5623835027 156988.9062165022, 945989.68740125 156988.45313341916, 945981.4374177605 156988.03121826053, 945964.3747878373 156986.29696975648, 945948.0001486689 156983.7031429261, 945932.3748518378 156980.43740142882, 945931.7649449259 156980.28090567887, 945915.6875492632 156976.15624201298, 945900.5625795126 156971.3439156711, 945885.6249453425 156965.8435985893, 945870.7499750853 156960.10935808718, 945859.6249973476 156955.500115335, 945848.5626835078 156950.8908725828, 945837.5000415891 156946.00013433397, 945826.5000635833 156941.10939608514, 945815.4374216795 156936.3905735016, 945804.3747797608 156931.67175091803, 945792.0624684244 156926.54676117003, 945779.812492922 156921.4375194162, 945767.5001815856 156916.51561325788, 945755.1875421703 156911.59370708466, 945742.562239334 156907.73413474858, 945729.9375926703 156903.85947059095, 945714.1249602586 156900.3437295854, 945698.1249922514 156897.60948309302, 945682.0000245124 156896.20331792533, 945664.8123948425 156896.89065250754, 945647.5624293387 156899.109480083, 945630.3751277626 156901.32797959447, 945610.7501670122 156904.49988925457, 945591.1252062619 156907.6560509205, 945571.5002455115 156910.81254066527, 945551.9376205951 156913.93753442168, 945532.3749956787 156917.046780169, 945512.8123707622 156920.15602591634, 945493.2497458458 156923.26559975743, 945474.6874470115 156926.51559326053, 945456.1251481771 156929.76558674872, 945437.4998573363 156933.0155802518, 945418.937558502 156936.2655737549, 945400.3749315888 156939.515567258, 945381.7502969205 156942.7655607611, 945363.1876700073 156946.0155542493, 945344.6250430942 156949.26554775238, 945326.062416181 156952.51554125547, 945307.1874539256 156955.7028708458, 945288.3124916703 156958.89085659385, 945269.4375294298 156962.06243817508, 945250.6252310872 156965.25009584427, 945231.749940753 156968.4374254197, 945212.8749785125 156971.62508308887, 945194.0623520911 156974.8124126792, 945184.3747074306 156976.43740941584, 945175.1873898357 156978.00007033348, 945174.2500557601 156978.07815417647, 945172.9373943359 156978.07815417647, 945172.0000602603 156978.00007033348, 945170.6877269298 156977.76549075544, 945169.8127286732 156977.53123925626, 945168.9377304167 156977.2500718385, 945168.062732175 156976.89049249887, 945167.2500697523 156976.48432533443, 945166.1247439235 156975.78124275804, 945165.3750735074 156975.23432783782, 945164.6874108464 156974.64049699903, 945163.7500767559 156973.67199499905, 945163.1874138415 156972.9685843438, 945162.625079006 156972.234333843, 945162.1854473352 156971.44660575688, 945153.2497696728 156955.4374514222, 945144.0624520928 156939.01556825638, 945134.9374703467 156922.60943308473, 945125.7501527518 156906.1875499189, 945116.562507093 156889.76566675305, 945107.4375253469 156873.34378358722, 945098.250207752 156856.9373203367, 945089.124897927 156840.51543717086, 945079.9543125927 156822.35996167362, 945070.2676521689 156803.4056032598, 945062.4720640928 156788.2100955844, 945054.3966209292 156772.77016584575, 945046.4133691788 156757.50608874857, 945044.1961820126 156753.26659591496, 945036.0013165027 156737.59832017124, 945030.067601338 156726.25319850445, 945026.5462829173 156719.52060042322, 945024.5722055137 156715.74665783346, 945022.5823800862 156711.94187542796, 945020.5006913394 156707.96189650893, 945018.9852744192 156705.0642645061, 945017.3127055913 156701.89071442187, 945017.812704593 156697.3592274189, 945018.6250389218 156692.8749844283, 945022.0275911689 156690.54034341872, 945026.2073728442 156687.77000775933, 945030.8973240852 156684.6617462486, 945036.0639804304 156681.2372124195, 945050.3480725884 156672.63552358747, 945064.1876118332 156664.29695758224, 945080.3122515082 156656.06239400804, 945096.5002112538 156647.8127385825, 945112.6248509288 156639.5624269992, 945125.5273841769 156631.81572334468, 945130.0001442581 156629.12511192262, 945143.0624540895 156621.25012767315, 945158.3124235868 156612.0936499238, 945173.5000572503 156602.93750025332, 945188.6873628348 156593.78135058284, 945203.9376604259 156584.6091248393, 945219.1249660105 156575.45297516882, 945234.3749355078 156566.29682549834, 945251.1252300888 156555.5625950098, 945267.8748685122 156544.8280364275, 945284.6251630932 156534.10955391824, 945301.3751295954 156523.37499533594, 945318.1247680038 156512.64043675363, 945334.8750625849 156501.9062062502, 945351.6250290871 156491.17197576165, 945367.8123326749 156479.67167067528, 945384.0626282543 156468.17169366777, 945400.2499318421 156456.67204475403, 945411.8191344291 156448.45847851038, 945429.45197317 156435.96145625412, 945425.2692387551 156427.10550284386, 945427.2498778403 156424.73444458842, 945440.9375145137 156415.20296758413, 945454.6874870062 156405.6718186736, 945468.3747955859 156396.1406697482, 945482.0624322593 156386.59377284348, 945495.7500689179 156377.0622958392, 945494.5624072552 156375.23421551287, 945485.0624262542 156360.8126564175, 945479.9705729187 156353.12271116674, 945452.9378185868 156312.09359376132, 945437.7006443441 156288.96667151153, 945410.122943595 156247.11045600474, 945404.2856849283 156238.25056558847, 945314.4604052603 156105.81218217313, 945219.2086272538 155970.03259809315, 945144.4023464173 155865.9973730892, 945081.9123139232 155781.8833680898, 945069.8749364167 155769.69835308194, 945033.5892478377 155732.14002925158, 945033.5554552525 155732.13313950598, 945021.3750334233 155718.95304775238, 945009.1873937547 155705.78115808964, 945000.0000761747 155695.87500992417, 944996.9374182522 155692.5935204178, 944984.7497785836 155679.40621083975, 944976.3747953475 155669.468566671, 944971.5227709264 155663.70184592903, 944914.7102205008 155566.74567501247, 944835.3380039185 155477.1047781706, 944507.6575569212 155118.90700376034))","SI","LP-01408","Yes","New York City Farm Colony- Seaview Hospital Historic District","No","DESIGNATED","DESIGNATED",,"10/12/1982",,"03/26/1985",,"17257.492787596435","15239725.651526496"
"POLYGON ((1005223.7552845925 234592.63519509137, 1005247.0242669284 234579.7569400072, 1005259.7657112628 234603.1082712561, 1005309.838117674 234693.00015184283, 1005359.2815883458 234781.76211342216, 1005373.2277546674 234806.5921162516, 1005393.196874842 234795.55473674834, 1005407.1837235093 234820.88998791575, 1005456.6960916668 234909.77530883253, 1005484.3853407502 234959.4838708341, 1005487.4624343365 234957.77488476038, 1005508.3875893354 234995.34009833634, 1005482.5205150843 235009.70555517077, 1005465.8515851796 235018.9627545029, 1005388.3061365932 235062.02730092406, 1005348.4184210896 235084.8222028464, 1005340.8862839192 235071.56271491945, 1005331.6235071719 235055.25828558207, 1005303.8679852635 235006.40241217613, 1005295.503828764 234991.44673341513, 1005288.403777346 234978.5993181765, 1005285.0045059174 234972.44841183722, 1005282.15608643 234967.29455076158, 1005278.4083905071 234960.5137244165, 1005274.8257205039 234954.03079774976, 1005234.0666156709 234976.6639545858, 1005142.1580068469 235027.88891775906, 1005142.4578750134 235028.4181161672, 1005100.0596658438 235052.52043017745, 1005073.6702829301 235005.95589075983, 1005059.4068600088 234980.7610592544, 1005127.4930099249 234942.8529985845, 1005114.5635738373 234919.9367058426, 1005063.4577049166 234828.72002474964, 1005038.5919410139 234842.66455067694, 1004996.7567228377 234866.12644600868, 1004974.4821610898 234878.6159223318, 1004924.9048324227 234790.10035133362, 1004911.2404896766 234765.7030904293, 1004932.4251585901 234753.94589608908, 1004918.0344393402 234727.83374358714, 1004870.3055321723 234641.69513633847, 1004915.390087679 234616.6820629984, 1004862.6260855943 234521.4630933404, 1004841.3511937559 234483.23187059164, 1004926.5390155017 234435.11976209283, 1004972.4093305916 234409.13884292543, 1004999.9998265952 234393.97909633815, 1005005.041155085 234391.45449508727, 1005011.6267718375 234388.10115534067, 1004989.5244538337 234347.4939530939, 1004892.0082446784 234168.4093375057, 1004877.3744156808 234141.53471933305, 1005007.7793385834 234069.56635934114, 1005104.3513239175 234015.32696650922, 1005119.2456510961 234043.16319692135, 1005216.8064795882 234221.49092425406, 1005239.6748721749 234263.09221901, 1005203.4738290906 234283.09644408524, 1005162.8620336801 234305.53767217696, 1005118.2472935021 234330.14785917103, 1005083.9091075957 234348.91127309203, 1005036.7628764212 234374.67237642407, 1005059.3569913357 234415.71921034157, 1005095.1374315917 234479.6957884282, 1005109.964501679 234506.20721833408, 1005134.2551355064 234492.72791458666, 1005155.1756973416 234481.1163892597, 1005159.3325131685 234478.80996342003, 1005210.0528841764 234569.49974267185, 1005223.7552845925 234592.63519509137))","BX","LP-00451","Yes","Mott Haven Historic District","No","DESIGNATED","DESIGNATED",,"11/22/1966",,"07/29/1969",,"3544.2729399022983","294523.7678624199"
"POLYGON ((1005872.1778722554 234252.6801663339, 1005885.6250238419 234245.15623125434, 1005901.3749923408 234236.35933284461, 1005917.1872966737 234227.54701450467, 1005934.1872626692 234218.10936933756, 1005951.1875567585 234208.65630425513, 1005968.1875227541 234199.2032391727, 1005985.1874887496 234189.76559400558, 1006002.1874547601 234180.31252892315, 1006019.1877488345 234170.87488375604, 1006036.1873867512 234161.4218186736, 1006053.6250159293 234151.734502092, 1006071.0623170137 234142.06227733195, 1006088.499946177 234132.37496075034, 1006105.9375753403 234122.70306408405, 1006123.3748764247 234113.01574750245, 1006140.8125055879 234103.34385083616, 1006152.9725862592 234096.58828692138, 1006156.1999420077 234094.7949834168, 1006158.2498066723 234093.65620617568, 1006166.0168514997 234089.3481439203, 1006207.4301545024 234066.3413001746, 1006213.4216123372 234077.1801892519, 1006311.5047495067 234254.8225505054, 1006332.0680285841 234291.9750352502, 1006402.9320600927 234252.29827733338, 1006496.4144846797 234200.5595356673, 1006543.2641285062 234174.5005326718, 1006549.5672655106 234185.91323950887, 1006599.8325849175 234275.88845326006, 1006567.2457078397 234293.95403392613, 1006527.1148825884 234316.20234900713, 1006510.0237094164 234325.67706759274, 1006483.3958099186 234340.43950524926, 1006052.952117011 234579.07026158273, 1006002.6871256679 234489.09504783154, 1005975.9129010141 234440.6604334265, 1005877.863228336 234263.0784395039, 1005872.1778722554 234252.6801663339))","BX","LP-01899","Yes","Mott Haven East Historic District","No","DESIGNATED","DESIGNATED",,"6/2/1992",,"04/05/1994",,"1997.505709434874","171272.7871301211"
"POLYGON ((1010711.3125509173 240582.6251835823, 1010757.8514998406 240567.94017359614, 1010746.9676633477 240535.31327034533, 1010736.9913053364 240505.8195629269, 1010726.7472313344 240475.53320617974, 1010699.2843597531 240385.208255589, 1010699.2508952618 240384.1298456788, 1010707.665904671 240381.78995533288, 1010735.0802199244 240373.2168097496, 1010803.2526557595 240351.78607833385, 1010850.0727720857 240500.7040875852, 1010861.3083139211 240535.85329550505, 1010874.1583538353 240531.89857900143, 1010883.3578105122 240529.0672198385, 1010900.8190616667 240523.5550917536, 1010912.3426606804 240519.91730375588, 1010919.7727639228 240517.57183600962, 1010931.1985940933 240513.96488784254, 1010977.6184487641 240499.63322359324, 1010984.4376608431 240497.50527508557, 1011010.499944672 240489.06237858534, 1011024.9375798404 240484.2343042493, 1011039.37488693 240479.42164984345, 1011057.1875153333 240474.15624041855, 1011074.9374798387 240468.90625092387, 1011092.6874443442 240463.6562614292, 1011110.4374088347 240458.39052392542, 1011128.187701419 240453.14053441584, 1011138.8126801699 240450.01554067433, 1011145.6873383373 240447.98437675834, 1011146.875 240447.70320934057, 1011148.1249975115 240447.5312936753, 1011149.3749950081 240447.5001257509, 1011150.6249925047 240447.5936295092, 1011151.8749900013 240447.8278810084, 1011153.0626516789 240448.17171233892, 1011154.2499852628 240448.65629142523, 1011155.3126471788 240449.25012224913, 1011156.374981001 240449.93745684624, 1011157.3123150915 240450.750119254, 1011158.1873133332 240451.65628542006, 1011158.9376399219 240452.64053542912, 1011159.6249745041 240453.70319734514, 1011160.1876374185 240454.82819509506, 1011160.6249725074 240456.00010874867, 1011165.6249625087 240472.18741233647, 1011170.7499522567 240488.90621092916, 1011175.9372778386 240505.60926151276, 1011181.0625956804 240522.31264017522, 1011186.6249205023 240539.37494200468, 1011192.187573418 240556.4533199221, 1011197.7498982549 240573.53136976063, 1011203.3125511706 240590.59399966896, 1011208.8748760074 240607.67172142863, 1011214.4375289232 240624.73435133696, 1011219.99985376 240641.8124011755, 1011225.5625066757 240658.87503108382, 1011231.1248315126 240676.51574383676, 1011236.6251485944 240694.1407085955, 1011242.1874734163 240711.76567333937, 1011247.750126347 240729.39063808322, 1011253.3124511689 240747.03135083616, 1011258.8751040846 240764.6563155949, 1011264.3747650087 240782.28128033876, 1011269.9374179244 240799.90624508262, 1011275.5000708401 240817.54695783556, 1011281.062395677 240835.1719225943, 1011286.6250485927 240852.79688733816, 1011292.4373729229 240871.7656814158, 1011298.3126892596 240890.73447550833, 1011304.1250135899 240909.70326958597, 1011309.9376660138 240928.68748359382, 1011310.7204728425 240931.21536567807, 1011312.722437337 240937.67860734463, 1011315.8126542568 240947.65627767146, 1011321.624978587 240966.6250717491, 1011327.4999668449 240985.59353776276, 1011331.2499593347 240997.71884158254, 1011333.3749550879 241004.70307959616, 1011333.6249545962 241005.76574151218, 1011333.8122901767 241006.84382334352, 1011333.8749540895 241007.93765316904, 1011333.7499543428 241009.0311549157, 1011333.6249545962 241010.10923676193, 1011333.3122911751 241011.15615066886, 1011332.937620014 241012.1718966663, 1011332.4372929186 241013.15614667535, 1011331.812622264 241014.06231284142, 1011331.124959588 241014.92189116776, 1011330.3749610931 241015.68763767183, 1011329.4999628365 241016.39072024822, 1011328.6249645948 241016.98455108702, 1011327.6249665916 241017.49997000396, 1011326.9560046792 241017.7522660941, 1011315.1876555085 241022.18762467802, 1011313.2499953359 241022.9218751788, 1011296.1876935065 241028.1406967491, 1011279.1877275109 241033.3749382496, 1011262.1250975877 241038.59375983477, 1011245.0624676794 241043.82800133526, 1011228.0625016689 241049.04682292044, 1011210.9998717606 241054.2813924998, 1011194.8125681728 241059.4375501722, 1011178.6872723401 241064.6094558388, 1011165.9376259297 241068.6560356766, 1011161.9999697506 241069.90636125207, 1011160.8749720007 241070.20327667892, 1011115.5000627637 241084.71866758168, 1011108.7851811796 241086.83480508626, 1011103.6103227586 241088.46537925303, 1011102.0624255836 241088.9532391727, 1011087.4997906685 241093.5624819249, 1011073.1251475066 241098.0624729246, 1011058.8125120848 241102.57821191847, 1011041.187547341 241107.7967054248, 1011023.5622545034 241113.03127500415, 1011005.8749539256 241118.25009658933, 1010992.4999806732 241122.23434059322, 1010987.3126550913 241123.7655055076, 1010986.312657088 241124.01583309472, 1010985.3123310059 241124.15625275671, 1010984.2499971688 241124.2031686753, 1010983.2499991804 241124.1250848323, 1010982.1873372644 241123.93774925172, 1010981.1873392612 241123.6562537551, 1010980.2500051707 241123.26550650597, 1010979.3126710951 241122.78125549853, 1010978.4376728386 241122.20317266881, 1010977.6873462498 241121.54667791724, 1010976.9376758337 241120.79700750113, 1010973.5623545051 241116.96893116832, 1010964.5000366718 241106.54670792818, 1010951.7500621676 241091.96865308285, 1010939.0624235123 241077.39059825242, 1010926.3124490082 241062.81254342198, 1010913.5624745041 241048.2341605127, 1010900.8125 241033.65610566735, 1010888.9375237525 241020.04688091576, 1010888.1251894236 241019.07805083692, 1010875.3748868406 241004.4999960065, 1010862.6249123365 240989.92194117606, 1010860.2653370053 240987.21066050231, 1010854.2259790003 240980.27104184031, 1010849.93760176 240975.34355825186, 1010843.3749508411 240967.828153342, 1010837.1876272559 240960.76550342143, 1010824.4373246729 240946.187448591, 1010811.7500140965 240931.60939376056, 1010799.0000395924 240917.03133891523, 1010786.2500650883 240902.45295600593, 1010773.5624264181 240887.8749011755, 1010760.8124519289 240873.29684634507, 1010748.0624774247 240858.71879149973, 1010735.3751668334 240844.1407366693, 1010722.6248642504 240829.56235376, 1010709.8752178401 240814.98429892957, 1010697.6875781715 240800.56241175532, 1010685.4999385029 240786.14085267484, 1010673.2499630004 240772.32788817585, 1010661.0626514256 240758.5309997499, 1010648.8123478442 240744.71869142354, 1010636.5627004206 240730.9060550034, 1010624.375060752 240717.10916659236, 1010612.1250852644 240703.2968582511, 1010600.1251092553 240689.7345494181, 1010589.3124668449 240677.0311627537, 1010578.687488094 240664.57810367644, 1010570.2498409301 240654.51545976102, 1010569.6901307553 240653.86847941577, 1010569.2498429269 240653.3592940867, 1010568.8758279234 240652.82156550884, 1010568.5001725107 240652.28121225536, 1010568.1517480016 240651.7113315016, 1010567.8125098348 240651.15621450543, 1010567.4949251711 240650.5607432574, 1010567.1875110865 240649.98430083692, 1010566.905687511 240649.3740658462, 1010566.6248481721 240648.76547124982, 1010566.4056885093 240648.14703416824, 1010566.1875130832 240647.5312217623, 1010565.9985370934 240646.88555376232, 1010565.8125138432 240646.2500563413, 1010565.6868579239 240645.59881092608, 1010565.5625143349 240644.9531429261, 1010565.4371865094 240644.29632009566, 1010565.3125148416 240643.64048150182, 1010565.2813469172 240642.98004975915, 1010565.2498509288 240642.31240017712, 1010565.2498509288 240641.65492117405, 1010565.2498509288 240640.98431883752, 1010565.2810188383 240640.32946451008, 1010565.3125148416 240639.671985507, 1010565.4070028365 240639.01024141908, 1010565.500178501 240638.35932408273, 1010565.6251782626 240637.7025012523, 1010565.7498499304 240637.04699075222, 1010565.9375135899 240636.41378992796, 1010566.1248491704 240635.78124526143, 1010566.3449930847 240635.15230950713, 1010566.5625123382 240634.53124774992, 1010566.8423674256 240633.92462167144, 1010567.1248471737 240633.3127462566, 1010567.406998843 240632.72514900565, 1010567.6875100881 240632.1405045092, 1010568.0379030854 240631.55914084613, 1010568.3748446703 240630.9997587502, 1010568.7810118347 240630.46137399971, 1010569.187507093 240629.92200501263, 1010569.5897372514 240629.41150733829, 1010569.9998414218 240628.89051100612, 1010570.4611265957 240628.41413401067, 1010570.9375035912 240627.92200900614, 1010571.4020695835 240627.48040883243, 1010571.8748376667 240627.0312627554, 1010572.4066607505 240626.6168935001, 1010572.9374995977 240626.20318041742, 1010573.4670260847 240625.82161951065, 1010574.0001615137 240625.43743392825, 1010574.571026504 240625.08868134022, 1010575.1248311698 240624.74977125227, 1010575.7314572632 240624.44695034623, 1010576.3124928474 240624.15626850724, 1010576.9381477535 240623.89806692302, 1010577.562490344 240623.64052151144, 1010578.1763342619 240623.42595501244, 1010578.8124878407 240623.2031864226, 1010594.062457338 240618.5627757609, 1010610.1874250919 240613.73437334597, 1010626.3127209246 240608.90629900992, 1010642.4373605847 240604.07822467387, 1010658.4999925047 240599.24982225895, 1010676.1249572635 240593.70324541628, 1010693.6875861734 240588.15634050965, 1010711.3125509173 240582.6251835823))","BX","LP-01258","Yes","Morris High School Historic District","No","DESIGNATED","DESIGNATED",,"8/11/1981",,"12/21/1982",,"2614.6775784375363","322884.0961098968"
"POLYGON ((1009706.4887731671 249387.536707595, 1009708.263375923 249386.1052800119, 1009719.3749022633 249377.12498301268, 1009732.0625409186 249366.90617142618, 1009745.3751783371 249355.92194142938, 1009758.6874876767 249344.9219634235, 1009770.5565584302 249335.0686366707, 1009771.9374611676 249333.9219854176, 1009785.0624349266 249323.1093430072, 1009835.3126625121 249282.8125075847, 1009835.7854305953 249282.4106055051, 1009839.0866050869 249279.73541399837, 1009847.4999740869 249272.96869525313, 1009860.249948591 249263.23446275294, 1009872.9999230951 249253.49990217388, 1009885.7498975843 249243.7499216795, 1009898.4998720884 249234.0156891793, 1009908.4742615968 249226.63807925582, 1009916.546423927 249238.06850259006, 1010038.3421120942 249414.55076117814, 1010119.3524487615 249531.9356970042, 1010125.088001594 249540.24703209102, 1010109.0903301686 249551.01964834332, 1010088.018193841 249564.78930583596, 1010071.1622564197 249577.100304842, 1010057.1691741794 249586.73447191715, 1010042.7239930928 249595.87487359345, 1009999.9999971688 249625.62350176275, 1009984.2500286698 249636.87511967123, 1009968.812395513 249647.9220135957, 1009953.3124265075 249658.9685794264, 1009937.8124575019 249670.01547333598, 1009922.3124885112 249681.06236726046, 1009913.7905239165 249687.13617400825, 1009908.0854828358 249679.1411112547, 1009876.8260309249 249633.9325402528, 1009838.3241394311 249578.2489245832, 1009711.982856676 249395.52947375178, 1009706.4887731671 249387.536707595))","BX","LP-01392","Yes","Morris Avenue Historic District","No","DESIGNATED","DESIGNATED",,"9/14/1982",,"07/15/1986",,"1261.126289788633","96096.9371021781"
"POLYGON ((994726.9065276682 230145.91114892066, 994692.4974757582 230082.32466192544, 994686.8760959208 230071.93098191917, 994709.0948835015 230059.80239725113, 994688.7195961773 230023.09348116815, 994625.6265465021 229908.72888050973, 994588.2926316708 229841.05709983408, 994582.5528137535 229830.59321001172, 994629.5999637544 229804.23007375002, 994630.332573846 229803.94201658666, 994631.1632808447 229803.6578964293, 994631.950680837 229803.43972100317, 994632.7761385143 229803.25074499846, 994633.8699683398 229803.0739080906, 994634.9756091684 229802.97220225632, 994636.0845308453 229802.9459555894, 994637.1941086799 229802.9987770021, 994638.8437116742 229803.22154559195, 994639.6206130087 229803.3888680935, 994640.4608344287 229803.6109805107, 994642.0294008404 229804.16642558575, 994642.5379300117 229804.38952225447, 994643.3171279281 229804.771411255, 994644.0146330893 229805.15625301003, 994645.4020975083 229806.07258975506, 994646.0126605928 229806.54765442014, 994646.6904807538 229807.12737767398, 994647.2364114225 229807.65231101215, 994647.6730903387 229808.10736258328, 994648.2232860923 229808.73039284348, 994649.0172477514 229809.77402591705, 994649.5195433348 229810.53780391812, 994649.5523516685 229810.68216058612, 994699.7599284202 229902.05993059278, 994744.8736833334 229985.8645530045, 994766.7761985958 230026.0035803318, 994814.7659320086 230000.00002342463, 994961.2220039219 229919.5106830895, 994966.9696958363 229930.01755183935, 995009.9564865083 230007.56267233193, 995067.9366855025 230112.15793558955, 995076.3799100965 230127.37804950774, 995053.058106333 230140.39934892952, 994934.9087363333 230206.367392838, 994930.2571708411 230209.0048547536, 994928.9891287535 230209.63215008378, 994927.8743015975 230210.04815974832, 994926.8825056702 230210.31915658712, 994925.755867511 230210.53044225276, 994924.7338879257 230210.6275549233, 994923.7732599229 230210.64461526275, 994922.7227370888 230210.5835917592, 994921.8618464172 230210.46482558548, 994921.0117825121 230210.28766058385, 994920.2844217569 230210.08457700908, 994919.6138194203 230209.85754333436, 994919.0947915912 230209.65281933546, 994918.5587034225 230209.41299042106, 994917.9451875836 230209.0967180878, 994917.5839678347 230208.89232216775, 994917.0452550054 230208.55866141617, 994916.5419751704 230208.20662800968, 994916.0974222571 230207.8660775125, 994915.6650084257 230207.50452966988, 994915.1814135909 230207.0557116717, 994914.7322675139 230206.59672309458, 994914.4402733445 230206.2719205916, 994914.2362055033 230206.0271704197, 994913.8956550062 230205.5960689187, 994913.6404061764 230205.2430512607, 994913.1673100144 230204.51339392364, 994912.225710839 230202.83327917755, 994883.8934184164 230151.7785912603, 994832.9404363334 230180.27164450288, 994765.6554659307 230217.52649125457, 994758.2371736765 230203.8135921657, 994726.9065276682 230145.91114892066))","MN","LP-02256","Yes","Manhattan Avenue Historic District","No","DESIGNATED","DESIGNATED",,"3/13/2007",,"05/15/2007","02/13/2007","1616.538104983626","82887.38170872707"
"POLYGON ((986946.66815117 210894.35483583808, 986897.0478435904 210804.83172091842, 986891.8962790966 210795.59026959538, 986894.347717762 210794.22773951292, 986960.2757355124 210757.57623800635, 986938.940476343 210719.25708892941, 986889.3982525915 210630.1332514286, 986887.5449098349 210631.15851183236, 986838.4390369207 210542.56124809384, 986833.6539415121 210533.95824691653, 986885.4376305938 210505.29688692093, 986894.0160255134 210500.5436155945, 986902.1872690022 210496.01573750377, 986918.9998994172 210486.73426000774, 986935.7498659194 210477.4373625964, 986952.5001605004 210468.15621317923, 986969.3124628365 210458.85931575298, 986986.0624293387 210449.57816633582, 987002.8750597537 210440.29701691866, 987019.6250262558 210431.0001195073, 987036.374992758 210421.71897009015, 987053.1872950941 210412.43749259412, 987069.9375896752 210403.14059516788, 987083.554360345 210395.6235498339, 987092.4913503379 210390.67277233303, 987103.4998585135 210384.56254833937, 987119.6251543462 210375.67181809247, 987135.7501220852 210366.76566791534, 987151.8750898391 210357.85951775312, 987168.000057593 210348.96878750622, 987182.3428766727 210341.02064067125, 987160.4954794198 210301.81369808316, 987111.0710375905 210213.15508276224, 987133.2406126708 210200.91855867207, 987084.1685323417 210112.8921599239, 987078.772217676 210103.21238926053, 987116.7426141798 210082.1694523394, 987123.6251463443 210078.35942058265, 987140.2501130849 210069.1717749238, 987156.8124159276 210059.96870933473, 987173.437710762 210050.76564376056, 987190.0000135899 210041.5779980868, 987206.6249803454 210032.37493251264, 987223.8126100004 210022.82803559303, 987287.8941747546 209984.59386008978, 987303.4374507517 209976.093877092, 987319.3124190122 209967.40623041987, 987335.2500511706 209958.73433175683, 987351.1250194311 209950.0466850847, 987354.4327555895 209948.24747608602, 987360.0524950027 209945.19039559364, 987366.7499881685 209941.54670208693, 987367.624986425 209941.0936190039, 987368.5626485944 209940.70287175477, 987369.0675688386 209940.53751775622, 987369.5626465976 209940.37511651218, 987370.5623165071 209940.10936900973, 987371.5626425892 209939.92203342915, 987372.5626405925 209939.7967055887, 987373.5626385957 209939.7497896701, 987374.5623085052 209939.7655376792, 987375.0895384252 209939.81212550402, 987375.6249704212 209939.85936950147, 987376.6249684244 209940.01553717256, 987377.6249664277 209940.24978867173, 987378.5623005033 209940.54703217745, 987379.4999626726 209940.9062834233, 987380.4372967631 209941.32819858193, 987381.3122950047 209941.82819758356, 987381.7611130029 209942.1087088436, 987382.1872932613 209942.37511250377, 987382.5996940136 209942.68416701257, 987382.999955669 209942.98436325788, 987383.4028420001 209943.30949383974, 987383.8126180917 209943.6405299157, 987384.4999526739 209944.35936050117, 987384.8457525074 209944.74453033507, 987385.1872872561 209945.12477892637, 987385.4966698438 209945.52700908482, 987385.8126140833 209945.93744133413, 987386.0901725888 209946.3541071713, 987386.3749489188 209946.7812716663, 987386.6223237514 209947.2218875885, 987386.8749479204 209947.67168983817, 987387.0934514254 209948.12411674857, 987387.3126110882 209948.5781840831, 987387.5009309202 209949.0568576753, 987387.6876103431 209949.53126616776, 987397.1249274164 209966.6093160063, 987406.5625725836 209983.67194592953, 987425.4375348389 210017.8280455917, 987434.875180006 210034.90609541535, 987444.3124970943 210051.96872533858, 987450.913861841 210063.91489566863, 987450.923704341 210063.91194292903, 987481.8406372517 210119.8649149984, 987504.0029945076 210159.92585851252, 987572.2512175888 210122.1536243409, 987584.7219931781 210115.24878250062, 987593.624862507 210110.34360858798, 987608.2685340047 210102.23043583333, 987626.0001258403 210092.40630850196, 987642.1874294281 210083.43749442697, 987656.7500643432 210075.81250967085, 987671.2500353456 210068.17177692056, 987685.750006333 210060.54679217935, 987703.0623076707 210050.92181141675, 987720.3122731745 210041.31257867813, 987737.5625667572 210031.70301784575, 987754.8748680949 210022.07836517692, 987772.1251616776 210012.46880434453, 987789.3751271665 210002.85924351215, 987794.5624527633 209999.9999972582, 987806.6877565831 209993.25001075864, 987823.937394008 209983.62503001094, 987839.3126913458 209975.14079500735, 987854.6876605898 209966.64081200957, 987870.0626298338 209958.1408290118, 987885.37493518 209949.64084599912, 987900.749904424 209941.14053492248, 987907.6406386793 209937.34493884444, 987912.4047367573 209934.71108584106, 987916.2577474266 209941.76815834641, 987967.7687992603 210034.5868703425, 987996.9777303338 210018.39727017283, 988006.8697709292 210012.93927584589, 988011.5469269305 210021.4750199169, 988050.9530160874 210093.0883937627, 988053.9999260008 210098.6405480057, 988054.4375891685 210099.51554626226, 988054.9375881702 210100.65629200637, 988055.2499235123 210101.8593735844, 988055.4375871718 210103.0782031715, 988055.5625869185 210104.3124526739, 988055.4999230057 210105.56245017052, 988055.3125874251 210106.78127975762, 988054.9999240041 210107.98436133564, 988054.5622608364 210109.15627500415, 988054.0625899285 210110.2655247599, 988053.3752553463 210111.31243866682, 988052.6249287575 210112.29701675475, 988051.749930501 210113.1877630055, 988050.8125964254 210113.9843493402, 988049.7499345094 210114.67201200128, 988048.6876006722 210115.2500948459, 988031.3126354218 210124.828159675, 988012.2070305943 210135.39473958313, 987979.3124113381 210153.54693426192, 987961.9374460876 210163.12499909103, 987944.6251447499 210172.70306392014, 987919.8847086728 210186.36018884182, 987941.101857841 210224.39653009176, 987991.5361401737 210315.2743010819, 988035.354294002 210290.98563575745, 988085.8335237503 210381.94542758167, 988088.8863391727 210387.54613816738, 988026.2585116774 210422.10578033328, 988002.4376931787 210435.25043909252, 987957.4476256669 210460.0771610886, 987978.5371504277 210499.1902718395, 988028.3749772608 210589.00603708625, 988015.606302008 210596.08541925251, 988066.1130907536 210687.1068907529, 988069.7603931725 210693.75648374856, 988046.1249417514 210706.62489633262, 988030.187309593 210715.24987909198, 988014.2500055134 210723.89060984552, 987998.312701419 210732.51559258997, 987982.4374050945 210741.15599524975, 987950.5624688417 210758.42170876265, 987934.6248366684 210767.0624395013, 987918.1248696744 210776.0155055821, 987917.187535584 210776.4531687498, 987916.2498734295 210776.79700009525, 987915.2498754263 210777.03125159442, 987914.2502055019 210777.1562513411, 987913.2498794198 210777.18774734437, 987912.2498814166 210777.12475533783, 987911.2502115071 210776.93741975725, 987910.2502135038 210776.65625233948, 987909.3122232556 210776.28125308454, 987908.437225014 210775.79667399824, 987907.625218764 210775.2343391776, 987906.8125563413 210774.5781725049, 987906.1248936802 210773.85934191942, 987906.099303171 210773.82686167955, 987857.5492034256 210686.2460000962, 987792.127090171 210722.68129467964, 987565.5734094232 210848.1049283445, 987614.7580223382 210937.52371275425, 987618.3544718474 210944.1674002558, 987579.1252195835 210965.92194992304, 987562.0625896752 210975.37501500547, 987552.007491678 210980.96621116996, 987527.9999937564 210994.29689317942, 987511.0000277609 211003.74995826185, 987493.9373978376 211013.20335142314, 987476.8747679293 211022.65641650558, 987445.1405794173 211040.27810041606, 987440.7498401701 211042.3906290084, 987439.7501702607 211042.60946059227, 987438.6875083447 211042.73446033895, 987437.6875103414 211042.73446033895, 987436.6251765043 211042.64062850177, 987435.625178501 211042.42179691792, 987434.6248524189 211042.12520958483, 987433.6875183433 211041.7032944262, 987432.8125200868 211041.20329542458, 987431.9375218451 211040.60946458578, 987431.1875233352 211039.92213000357, 987430.4998606741 211039.17180342972, 987429.8751900047 211038.34372109175, 987429.3125270903 211037.452974841, 987428.8748639226 211036.53106066585, 987428.5625285953 211035.5468106717, 987428.3125290871 211034.54681266844, 987425.3125350922 211014.12493750453, 987422.499876678 210994.60955658555, 987419.6252105087 210975.10926750302, 987416.8125520945 210955.59388658404, 987413.9375578463 210936.0781775862, 987411.1252275109 210916.57821658254, 987408.249905169 210897.0625075847, 987405.3752389997 210877.56254659593, 987404.9018147588 210874.2787605077, 987404.917562753 210874.22200208902, 987402.9976190925 210861.06684467196, 987402.0156656802 210854.33785550296, 987397.5534042567 210823.76376967132, 987390.6590610892 210776.5253470838, 987342.5925561786 210802.89373266697, 987284.1182636768 210834.97208058834, 987278.8407151699 210825.36973759532, 987253.2282335907 210779.1621528417, 987240.4277342558 210756.06803892553, 987230.1685684174 210737.5585615039, 987209.1443322599 210749.21175342798, 987209.0826525837 210749.22061167657, 987034.2125955075 210845.9362975061, 986946.66815117 210894.35483583808))","MN","LP-02097","Yes","Madison Square North Historic District","No","DESIGNATED","DESIGNATED",,"5/29/2001",,"06/26/2001","05/08/2001","5116.240527424155","789863.7259649984"
"POLYGON ((983731.656536594 204639.40934050083, 983750.2299902588 204627.36507324874, 983835.3912372589 204572.14044617116, 983834.4112523347 204570.63191901147, 983921.1164595038 204514.40663775802, 983940.8674042523 204501.71473400295, 984060.7077157497 204688.80261442065, 984041.0351829231 204701.54110600054, 983999.3784420937 204728.5151334256, 983955.4785955101 204756.94125767052, 983967.0845434219 204774.80211433768, 983881.8858949244 204829.96965491772, 983862.5112617612 204842.51556159556, 983799.389996931 204744.54200425744, 983753.3881204277 204673.13991609216, 983731.656536594 204639.40934050083))","MN","LP-00225","Yes","MacDougal-Sullivan Gardens Historic District","No","DESIGNATED","DESIGNATED",,"5/10/1966",,"08/02/1967",,"987.2869900485028","58011.2069336395"
"POLYGON ((1011452.602406919 237442.40180525184, 1011520.7010240108 237389.4419374168, 1011668.8257277608 237273.724649176, 1011708.6186271757 237241.46749584377, 1011757.5584899187 237303.08154584467, 1011772.8816220015 237322.73734642565, 1011801.3638485074 237359.84357142448, 1011764.3393162638 237388.91175475717, 1011684.7994490862 237450.94214250147, 1011687.9775923342 237454.997252509, 1011548.0359430909 237564.11973766983, 1011460.1355283409 237452.01694349945, 1011452.602406919 237442.40180525184))","BX","LP-01286","Yes","Longwood Historic District Extension","Yes","DESIGNATED","DESIGNATED",,"4/13/1982",,"02/08/1983",,"961.0653942849451","49628.82700248646"
"POLYGON ((1011831.1249438375 236574.79691317677, 1011831.7578165978 236575.40091459453, 1011833.3729708344 236577.4927739203, 1011850.2748399228 236599.38085350394, 1011852.5225388408 236602.28865608573, 1011887.1212229282 236575.55347333848, 1011967.1696192622 236513.26619634032, 1011905.6953327507 236433.8641241789, 1011987.4901166707 236370.21923834085, 1012020.5402474254 236344.3889094293, 1011959.4163539261 236263.76899191737, 1011968.1742104292 236257.363492921, 1012048.1287749261 236195.240257591, 1012108.9682201743 236274.5530910939, 1012169.5560255051 236353.5381693393, 1012252.8639297634 236288.8096242547, 1012260.9419975877 236282.29585775733, 1012266.4373934269 236289.42182774842, 1012277.8123706728 236304.17179825902, 1012289.1873479187 236318.92176875472, 1012300.5626532584 236333.6720673442, 1012311.9373024255 236348.4220378399, 1012313.6203699261 236350.63069483638, 1012314.1872979254 236351.37478783727, 1012323.3126077503 236363.1720083356, 1012323.5593264252 236363.6966135949, 1012323.8126067519 236364.23434217274, 1012324.030782178 236364.78060092032, 1012324.2499418408 236365.32817199826, 1012324.4353089184 236365.89214725792, 1012324.6249410957 236366.4685896784, 1012324.748628512 236367.03256492317, 1012324.8749405891 236367.60933542252, 1012324.9684443474 236368.19430801272, 1012325.0626042634 236368.78124909103, 1012325.1246120036 236369.36425317824, 1012325.1876040101 236369.95316275954, 1012325.2191000134 236370.54174426198, 1012325.249939844 236371.12507642806, 1012325.2184438407 236371.72284425795, 1012325.1876040101 236372.3124100119, 1012325.1246120036 236372.90000726283, 1012325.0626042634 236373.4843236655, 1012324.9684443474 236374.07093666494, 1012324.8749405891 236374.656237334, 1012324.7489565909 236375.231695503, 1012324.6249410957 236375.79665499926, 1012324.435965091 236376.37211316824, 1012324.2499418408 236376.93740075827, 1012313.9376265109 236384.984300673, 1012309.4999713451 236388.42195783556, 1012294.8126647621 236399.90651492774, 1012280.0626942515 236411.3904158324, 1012265.312395677 236422.8749729246, 1012250.6247610003 236434.359201923, 1012245.7018705904 236438.19777692854, 1012242.2169694304 236440.9146350026, 1012268.4698696733 236475.06351684034, 1012548.2570397556 236832.98340466619, 1012465.9104196727 236897.04528442025, 1012421.9249433428 236931.66332542896, 1012259.3455440849 237058.5292134285, 1012228.6553167552 237082.948127836, 1012237.0096307546 237093.6885919273, 1012209.9575195014 237114.846686095, 1012177.8263501674 237139.8397463411, 1012162.3890450895 237151.8459559232, 1012146.3086966723 237164.3531487584, 1012133.8428423405 237174.18055692315, 1012127.3234984279 237179.31998233497, 1012083.273717761 237213.37634466588, 1012065.9154847562 237226.87631766498, 1012052.4151836783 237237.53410474956, 1012049.3407147527 237233.6023540944, 1012002.86639826 237270.1042495817, 1011969.9192856699 237295.81646850705, 1011953.8999607563 237308.32070858777, 1011922.4872939289 237332.83936034143, 1011902.21764943 237306.85056717694, 1011823.0737788379 237368.62570609152, 1011813.7283250839 237375.92031092942, 1011763.5699608475 237310.70226550102, 1011743.5736097544 237285.52777516842, 1011728.8154371679 237266.9477598369, 1011708.585818842 237241.47930683196, 1011673.4854953438 237197.2874660939, 1011683.1052267551 237189.73006650805, 1011720.8243114203 237160.17041434348, 1011713.195717752 237134.52906142175, 1011746.7451913357 237108.220058918, 1011709.728861168 237060.90880183876, 1011709.4608170837 237057.06793025136, 1011788.1378250867 236995.6563076675, 1011834.7125350833 236959.21707609296, 1011825.3752834201 236947.24990841746, 1011813.6873146743 236932.34377025068, 1011802.0000020862 236917.4530519992, 1011789.937690258 236901.93733499944, 1011777.8750503361 236886.43736600876, 1011776.062718004 236884.125034675, 1011768.9925221801 236875.25530175865, 1011733.7101124227 236828.7366940081, 1011731.6251428425 236826.35940217972, 1011726.6248247623 236820.0313308388, 1011724.6251568347 236817.5313358456, 1011715.6875106692 236806.20327450335, 1011715.4375111759 236805.2344444245, 1011715.3440074176 236804.7354296744, 1011715.2501755953 236804.23444642127, 1011715.1875116676 236803.73543167114, 1011715.1248477548 236803.23444841802, 1011715.0628399998 236802.72985625267, 1011714.9998480082 236802.2187024206, 1011714.9998480082 236801.7173910886, 1011714.9998480082 236801.20295642316, 1011715.0313440114 236800.70361359417, 1011715.0625119209 236800.20295841992, 1011715.1255039275 236799.6931169182, 1011715.1875116676 236799.18754050136, 1011715.3121833354 236798.6967278421, 1011715.4375111759 236798.2032905072, 1011715.561526671 236797.71444633603, 1011715.6875106692 236797.21871241927, 1011715.8440064192 236796.74200734496, 1011715.9998460114 236796.26563033462, 1011721.1251638383 236782.57832175493, 1011726.2498255074 236768.90643309057, 1011731.3124794215 236755.21879641712, 1011737.5001310855 236738.92191301286, 1011743.6874546707 236722.6096096784, 1011749.9374421686 236706.29697825015, 1011751.821296677 236701.3353740126, 1011753.2674880028 236697.52599842846, 1011756.1250938475 236690.0000948459, 1011762.3124174178 236673.68746341765, 1011768.5000690967 236657.3905799985, 1011774.6873926669 236641.07794858515, 1011781.0623799264 236623.89064700902, 1011787.5000310838 236606.6875974238, 1011793.8750183433 236589.4999677539, 1011796.9376762509 236581.39073200524, 1011800.3123414218 236572.31233808398, 1011800.5593881756 236571.79593491554, 1011800.8123404235 236571.26575225592, 1011801.120082587 236570.79626500607, 1011801.4376672506 236570.31267017126, 1011801.8129945844 236569.88255292177, 1011802.1873376667 236569.45309184492, 1011802.6243446767 236569.0708747506, 1011803.0623359233 236568.68734534085, 1011803.5357601792 236568.37205725908, 1011803.9999980927 236568.0626746714, 1011804.5413355976 236567.81562791765, 1011805.0626600087 236567.5780955851, 1011805.615480423 236567.40913267434, 1011806.1873296797 236567.23426425457, 1011806.7322760969 236567.1433851719, 1011807.3126555085 236567.04692867398, 1011807.874990344 236567.0311806649, 1011808.4373251796 236567.01576074958, 1011818.0626340061 236570.01542666554, 1011821.4999630898 236571.09383659065, 1011827.6252789199 236573.01574875414, 1011828.5626130104 236573.3126641661, 1011829.4376112521 236573.71883134544, 1011830.3126095086 236574.21883033216, 1011831.1249438375 236574.79691317677))","BX","LP-01075","Yes","Longwood Historic District","No","DESIGNATED","DESIGNATED",,"7/12/1979",,"07/08/1980",,"3694.225470993236","525367.9206669574"
"POLYGON ((984846.2107379287 212646.52685642242, 984797.2774368376 212555.97388792038, 984792.5612389296 212547.43420684338, 985021.7851899266 212420.66346301138, 985026.558474347 212429.71036092937, 985075.3126419187 212520.54941809177, 985057.2588722557 212530.30399174988, 984846.2107379287 212646.52685642242))","MN","LP-02324","Yes","Lamartine Place Historic District","No","DESIGNATED","DESIGNATED",,"1/13/2009",,"10/13/2009","12/16/2008","749.4064245586893","29543.334402999084"
"POLYGON ((987203.8835160136 207973.15168875456, 987222.8359059244 207962.63136859238, 987237.4595643431 207954.51294650137, 987240.8184815049 207960.60512591898, 987281.8653154224 208034.58069975674, 987265.7948095053 208043.442558676, 987272.7636275887 208055.99207425117, 987253.8053321689 208066.44349692762, 987301.1431640089 208151.68906134367, 987320.6083481759 208186.67488375306, 987370.5954529196 208159.04403351247, 987381.5882130861 208152.96432125568, 987386.4641875923 208150.26846051216, 987391.2164746672 208158.9853065908, 987438.1963675916 208244.91656516492, 987472.1352760941 208226.11017234623, 987518.5997500867 208311.10639342666, 987522.1906221807 208317.6867608428, 987489.4941652566 208335.70148858428, 987509.8500956744 208372.6489212513, 987556.202037096 208457.43943409622, 987578.5395908356 208445.03427517414, 987626.2209259272 208530.75916934013, 987630.6713763475 208538.85790641606, 987578.1225969195 208567.92674592137, 987502.518417418 208609.75015309453, 987498.7674406767 208611.8262644261, 987517.9849219173 208646.62442317605, 987568.4464351684 208737.3598060012, 987202.2417870015 208941.0227845013, 987135.6825369298 208977.41936525702, 987137.5001185834 208993.8592929989, 987139.6251143366 209013.1250025034, 987141.7497820109 209032.39071200788, 987143.8124419302 209051.6560934186, 987145.7110601664 209068.87029783428, 987146.4502319247 209075.54712174833, 987147.5627625138 209085.5779415816, 987148.1250973344 209090.73442733288, 987148.250097096 209091.68750941753, 987148.250097096 209092.6560114175, 987203.499986589 209622.12509684265, 987205.0626475066 209638.7185675949, 987206.1321991682 209650.0682824254, 987206.7145470977 209656.2454354167, 987208.187641263 209671.8749973327, 987209.9376377612 209690.14070883393, 987209.9999735951 209691.0626230091, 987209.9999735951 209691.96878917515, 987209.9376377612 209692.8907033354, 987209.8126379997 209693.79686950147, 987209.6249743402 209694.68761575222, 987209.3749748468 209695.56261400878, 987209.0626395047 209696.42186425626, 987208.6876402497 209697.26569458842, 987208.2499770969 209698.07835701108, 987207.5626424998 209699.23419459164, 987206.9999795854 209699.953353256, 987206.3749808371 209700.6406878382, 987205.687318176 209701.28143459558, 987204.9999835938 209701.87493734062, 987203.9373216778 209702.68759974837, 987203.124987334 209703.1564308405, 987184.6250243336 209713.3594944179, 987167.1250593364 209723.0313910842, 987149.6874301732 209732.70295967162, 987132.187465176 209742.3748563379, 987122.4998205006 209747.73442567885, 987114.6875001788 209752.0467530042, 987104.5625204295 209757.6405738443, 987097.1875351667 209761.71897774935, 987079.7499060035 209771.39054633677, 987062.2499410063 209781.06244300306, 987044.7499760091 209790.73433966935, 987027.3123468459 209800.40623633564, 987009.8127099276 209810.07813300192, 986992.3124168366 209819.7500296682, 986974.8124518394 209829.4219263345, 986957.375150755 209839.0938230008, 986956.1458225101 209839.7732835859, 986951.1770004183 209842.51934109628, 986939.874857679 209848.76571966708, 986922.3748926669 209858.4372882545, 986904.9375915974 209868.10951299965, 986887.4372985065 209877.78140966594, 986869.9376615882 209887.45330633223, 986852.4373685122 209897.12487491965, 986835.0000674278 209906.79677158594, 986817.5001024306 209916.46866825223, 986799.9998093396 209926.14089301229, 986782.5625082552 209935.8124615848, 986765.4998783469 209945.20319083333, 986748.4372484237 209954.59392008185, 986731.3749465942 209963.9843212515, 986729.7886636704 209964.85735100508, 986724.8378861696 209967.58208309114, 986714.3126447499 209973.37505050004, 986697.2500148416 209982.75003175437, 986680.1873849183 209992.14043292403, 986665.8750775903 209999.9999972582, 986663.1250830889 210001.53116217256, 986646.0624531806 210010.92189142108, 986629.0001513362 210020.3126206696, 986611.9375214279 210029.70334991813, 986594.8748915046 210039.09375108778, 986577.8125896752 210048.4844803363, 986560.749959752 210057.87488150597, 986543.6876579225 210067.2656107545, 986526.6250280142 210076.65601192415, 986509.562398091 210086.04674117267, 986504.5614238381 210088.79345484078, 986495.859669596 210093.58150300384, 986492.485004425 210087.4338775128, 986441.8443576694 209996.11188167334, 986359.4931444228 210041.3322636783, 986344.1106292605 210049.77909716964, 986339.5473181754 210041.5547041744, 986333.6428024173 210030.90905617177, 986332.5614397526 210028.95925691724, 986326.9374352545 210018.84379158914, 986317.6251179278 210002.07807709277, 986316.5001201779 209999.9999972582, 986308.3748083413 209985.32811059058, 986299.0624909997 209968.5623960942, 986292.6251679212 209956.9531673342, 986291.4877030104 209954.92233151197, 986259.7676220834 209897.68720975518, 986191.5627060086 209934.81246358156, 986189.8750453442 209935.71862976253, 986181.5459937602 209940.25077292323, 986177.6257260144 209942.38298650086, 986167.8124254197 209947.71860575676, 986155.2501145899 209954.51583625376, 986139.125146836 209963.9843212515, 986122.8125154227 209973.56238609552, 986120.4375201762 209974.92163534462, 986117.999861002 209976.1873808354, 986115.5625299215 209977.375042513, 986113.0625349283 209978.48429225385, 986110.4998760074 209979.50003825128, 986107.8748812526 209980.42195242643, 986105.3122223467 209981.2657827586, 986102.3125564307 209982.20311683416, 986099.312562421 209983.2342827618, 986096.37490426 209984.35928051174, 986093.4999100119 209985.57811008394, 986090.6249157637 209986.87502349913, 986087.8125854284 209988.26544067264, 986085.0625909269 209989.73459783196, 986067.7824417502 209999.30019550025, 986066.4999640137 209999.9999972582, 986054.8707221746 210006.45175600052, 986046.8585990965 209991.84154900908, 985998.2133551687 209903.93194791675, 985947.9267103374 209931.49258834124, 985897.2896725088 209839.97964800894, 985892.8221617639 209831.79364076257, 985899.2174901664 209828.24181059003, 985877.695879668 209789.73762249947, 985778.2144513428 209612.7793150097, 985773.2823745906 209604.00636667013, 985813.9036844224 209581.4316086769, 985792.351890251 209542.86672517657, 985745.8211434186 209460.09753376245, 985643.4345371723 209516.77294534445, 985597.107858181 209434.38072167337, 985591.8978948444 209425.11499217153, 985625.4207936674 209406.4073524177, 985646.0615004301 209394.88867467642, 985673.1109870076 209379.7935605049, 985682.8042090833 209374.38445058465, 985689.1742750853 209370.82966767251, 985667.8022705913 209332.97770924866, 985574.4156463444 209165.95278084278, 985553.7066982538 209128.91512525082, 985523.9413378388 209145.38392433524, 985523.9331357628 209145.4039374292, 985510.5624275953 209152.7969672531, 985493.4374618381 209162.2657803446, 985476.3124960959 209171.75001333654, 985459.1875303388 209181.21882642806, 985442.0625645965 209190.68763950467, 985424.9375988394 209200.1718725115, 985416.9819060862 209204.57081383467, 985411.293925345 209207.71549259126, 985407.8126330972 209209.64068558812, 985390.68766734 209219.12491859496, 985388.7070282549 209220.22006075084, 985386.87008968 209221.22530809045, 985381.2444447577 209211.05439667404, 985332.4420489222 209123.7707785964, 985225.8477739245 209182.93568649888, 985183.433488667 209107.07691434026, 985177.8383555114 209096.88139666617, 985182.755668506 209094.1392761767, 985192.0000725836 209088.98443083465, 985208.8750388473 209079.59370158613, 985225.7500050962 209070.2187203318, 985242.5623074174 209060.82831917703, 985259.43760176 209051.4375899285, 985276.2499040961 209042.0622805953, 985293.124870345 209032.67187942564, 985302.4942741692 209027.46683733165, 985306.1432170123 209025.43961042166, 985309.9998365939 209023.2968981713, 985326.8124670088 209013.90616892278, 985343.6874332577 209004.53118766844, 985360.5000636727 208995.14078649879, 985377.3750299215 208985.75005725026, 985394.1873322576 208976.37507601082, 985411.0622985065 208966.9843467623, 985427.9372647554 208957.60936550796, 985444.7498951703 208948.21863625944, 985461.6248614192 208938.8436550051, 985478.4374918342 208929.45292575657, 985495.312458083 208920.06252458692, 985512.1874243468 208910.68754333258, 985529.0000547618 208901.29681408405, 985543.4373618364 208893.59374549985, 985557.812661171 208885.90609684587, 985571.7781844288 208878.45466817915, 985574.925815925 208876.7693040818, 985586.6249395013 208870.49995967746, 985600.249912262 208863.2342261672, 985601.3752380908 208862.70305925608, 985667.4666413367 208826.4252446741, 985645.2662264258 208786.53424833715, 985599.47793217 208704.2361845821, 985610.9076993465 208697.84840208292, 985772.4644628465 208608.49720284343, 985724.5721701682 208522.13648317754, 985713.2815103382 208502.03350500762, 985712.4934541732 208502.46919967234, 985700.8973487616 208482.02107784152, 985652.3967895955 208394.56324750185, 985687.6742780954 208375.03572750092, 985753.124606505 208338.80712541938, 986161.9879620075 208113.07102833688, 986115.6937632561 208029.591536507, 986110.5618837625 208020.1811222583, 986118.4601619244 208015.79103916883, 986097.6672245115 207978.756992504, 985993.5552280098 207793.14548708498, 985988.0165251791 207783.1507564187, 986007.8727846742 207772.12617217004, 986024.7500475049 207762.76562659442, 986041.562349841 207753.4060652554, 986058.4376441687 207744.06258000433, 986075.2499465048 207734.7030186653, 986089.81258142 207726.68761475384, 986104.3748882562 207718.6876307577, 986118.4158706665 207710.9589716792, 986122.0392230004 207708.9688181728, 986132.937495172 207702.98457817733, 986133.7498295009 207702.5938309282, 986187.9213090837 207672.76515042782, 986170.3750843406 207640.78129050136, 986169.3124224246 207638.89054626226, 986165.058822006 207631.1871495843, 986162.751083836 207627.007039845, 986160.8747752607 207623.60940884054, 986151.8124574274 207607.1094418317, 986142.7501395941 207590.5937268436, 986133.687493667 207574.09375983477, 986130.6815941781 207568.62100175023, 986129.4365179241 207566.37199050188, 986143.422054261 207558.63906633854, 986258.3624411672 207494.83013883233, 986246.4192235917 207473.10741326213, 986267.6773831695 207461.3062557578, 986320.4361359179 207556.57246942818, 986338.5013885051 207589.49399150908, 986340.634914428 207588.31748467684, 986344.835693419 207585.99891975522, 986356.0000411719 207579.84374834597, 986372.4366880953 207570.79553808272, 986470.2593270838 207516.8592942506, 986474.4771664292 207524.64963300526, 986492.3531149179 207556.92745558918, 986579.4444761723 207714.183702752, 986599.4073627591 207750.04911658168, 986603.0215287507 207748.0501048416, 986607.7232910097 207745.43659301102, 986611.8981514275 207743.11573150754, 986614.2314800918 207741.80700708926, 986618.7823240012 207750.05305358768, 986666.5466641784 207836.43345825374, 986711.61153467 207917.92607742548, 986733.0652319193 207956.761301592, 986735.347379595 207955.4896505922, 986746.812579751 207949.09366600215, 986763.6252101809 207939.74985267222, 986780.4375125021 207930.40603934228, 986797.1874790043 207921.06255409122, 986814.0001094192 207911.71874076128, 986830.8124117553 207902.37492741644, 986847.6250421703 207893.0311140865, 986864.3750086725 207883.68762883544, 986881.1873110086 207874.3438155055, 986885.2493107617 207872.05773083866, 986894.8749476671 207866.6407469213, 986911.1875790954 207857.39076542854, 986985.9689255953 207809.19040250778, 987050.1439940929 207773.70261259377, 987058.7223890126 207768.89783217013, 987066.4654837549 207783.17405034602, 987158.2730429173 207950.53493608534, 987178.4810077548 207987.25238233805, 987203.8835160136 207973.15168875456))","MN","LP-01609","Yes","Ladies' Mile Historic District","No","DESIGNATED","DESIGNATED","BOUNDARIES DIFFER FROM THE TIME OF PUBLIC HEARING","6/10/1986",,"05/02/1989",,"9921.37396330935","3391670.4755069227"
"POLYGON ((1001084.8534574211 243670.9254374206, 1001114.099461928 243654.78734633327, 1001095.823251754 243621.47573317587, 1001063.5720039308 243562.97814676166, 1001048.8456554264 243536.26724217832, 1001094.3606562614 243511.05174142122, 1001085.4463040084 243494.7866820842, 1001077.088053003 243479.53671258688, 1001050.7655990869 243431.5072810948, 1000948.9567475915 243487.90972733498, 1000906.9797974229 243511.16460208595, 1000876.3768402636 243419.73138600588, 1000918.8400099277 243396.20912334323, 1001009.4799205065 243345.99170409143, 1000984.2440785915 243269.15655592084, 1000974.741144836 243240.22321483493, 1000986.402538836 243233.67762425542, 1000972.9822900891 243208.7186846733, 1000948.622758761 243165.06194783747, 1000949.4977570027 243164.5770406723, 1000925.43842192 243121.45934475958, 1001035.8693034202 243060.2800051719, 1001084.2875136733 243147.05509409308, 1001098.582432583 243172.49631617963, 1001149.553131178 243144.34282916784, 1001166.3933205903 243135.04166667163, 1001184.8804883361 243124.83072908223, 1001208.9342460036 243111.54532258213, 1001233.2599847615 243098.1099819988, 1001246.2996568382 243090.09523425996, 1001253.6723455042 243085.56309108436, 1001261.8639301807 243080.52799616754, 1001270.7602378428 243075.0601593405, 1001285.6083052605 243090.2382785827, 1001290.7500272542 243095.73990800977, 1001294.8799402565 243100.23989900947, 1001343.550118506 243153.3500290066, 1001356.3000930101 243168.22992050648, 1001376.0900796801 243195.45985291898, 1001390.239985764 243218.69012142718, 1001408.1398843378 243255.3097988367, 1001426.8399781734 243304.72997559607, 1001466.129925847 243425.27008883655, 1001475.4399465919 243456.14994834363, 1001441.549922511 243473.55969041586, 1001383.4099469185 243506.979899168, 1001351.8775296807 243523.9923323393, 1001351.8112568408 243524.12520608306, 1001319.1193930954 243541.6655253321, 1001338.4277534187 243576.52864459157, 1001394.4752135128 243676.06191009283, 1001354.0556749254 243698.45261333883, 1001331.920548588 243710.71472792327, 1001306.0813614279 243725.02834758162, 1001279.6178316772 243739.6877670884, 1001238.7927820832 243762.1847693324, 1001212.3246591687 243776.96492350101, 1001194.9897200912 243786.56825076044, 1001175.4733549207 243797.3792527616, 1001160.6019935906 243805.61709716916, 1001104.5545335114 243706.08415976167, 1001084.8534574211 243670.9254374206))","MN","LP-00638","Yes","Jumel Terrace Historic District","No","DESIGNATED","DESIGNATED","BOUNDARIES DIFFER FROM THE TIME OF PUBLIC HEARING","2/3/1970",,"08/18/1970",,"2624.6889564676426","243141.72625124594"
"POLYGON ((998862.1416955143 211405.5637871772, 999202.8903578371 211319.23620392382, 999228.6422748417 211419.6516855061, 999235.3112247586 211445.39408808947, 999401.8725714236 211403.16943500936, 999435.5427796692 211530.42016474903, 999405.2580633461 211538.10059559345, 998925.8029855043 211658.9327030033, 998925.7859251797 211658.93729616702, 998900.958547011 211560.82003833354, 998887.8171690851 211505.68136909604, 998862.1416955143 211405.5637871772))","QN","LP-00450","Yes","Hunters Point Historic District","No","DESIGNATED","DESIGNATED","BOUNDARIES DIFFER FROM TIME OF PUBLIC HEARING","11/22/1966",,"05/15/1968",,"1572.1892852013386","114728.97850820527"
"POLYGON ((1000271.1953078359 241939.7727317512, 1000220.578939259 241967.76250517368, 1000182.3969290107 241988.87696425617, 1000167.6955148429 241997.00654117763, 1000145.5876194239 242009.4284323454, 1000110.4817185104 242028.6452574283, 1000059.7961243391 241938.43513600528, 1000053.9647711664 241928.09952676296, 1000054.6629325002 241927.71730966866, 1000033.5947331786 241890.65931291878, 999983.0082201809 241802.3648700863, 999961.656228751 241814.101067096, 999911.4105943441 241725.91062667966, 999904.8853449225 241714.25874708593, 999905.7669048458 241713.77187141776, 999884.7607132643 241676.23946617544, 999843.8569236696 241603.08705341816, 999785.8891918361 241499.42387492955, 999779.098194927 241487.20506733656, 999889.8115561754 241425.82231609523, 999869.7456514239 241389.851915583, 999819.5603843331 241298.04205983877, 999973.0600773394 241213.31388284266, 999923.3006624281 241122.2832249999, 999903.3587731719 241086.25376950204, 999858.5521042496 241111.47517575324, 999851.7384695858 241099.49324433506, 999799.8107519299 241008.42288842797, 999840.0304877609 240986.15062326193, 999856.4848511666 240976.94952617586, 999862.8303109258 240981.8986632526, 999873.4382293373 240990.17161259055, 999887.7200249285 241001.31004175544, 999902.3925677538 241012.79263034463, 999917.065110594 241024.27489084005, 999931.7373253405 241035.7578075081, 999944.1775891781 241045.52976958454, 999945.7622316778 241046.7751739174, 999946.0243702531 241046.98908425868, 999946.2789629251 241047.21250900626, 999946.5253535062 241047.4441358447, 999946.7638700902 241047.68429283798, 999946.9941845834 241047.9326519221, 999947.215312764 241048.18855692446, 999947.4275826663 241048.45200784504, 999947.5086192638 241048.55994725227, 999985.2831500024 241078.84531976283, 1000024.1423242539 241057.35356484354, 1000024.4654863477 241057.13670176268, 1000024.7961943448 241056.93132159114, 1000025.8470452577 241056.30632284284, 1000042.1501622498 241046.6505022496, 1000051.3095927536 241041.78797917068, 1000028.4749927521 241001.7375343442, 999977.7572464198 240912.78954949975, 1000082.0703580081 240854.43796017766, 1000098.2471629232 240845.52557642758, 1000105.2924244255 240868.89560842514, 1000130.410812512 240951.10935474932, 1000142.0085583478 240988.21164275706, 1000200.4746487588 240955.4964850843, 1000216.4749448448 240947.03488783538, 1000231.210151583 240939.37020500004, 1000246.1133370101 240930.92337150872, 1000261.0168505013 240922.4765380025, 1000268.4331742525 240918.27346242964, 1000275.9200359285 240914.03003259003, 1000276.348184675 240913.93029525876, 1000276.779286176 240913.84532167017, 1000277.2133404166 240913.77543991804, 1000277.6496912539 240913.72065000236, 1000278.0873544216 240913.68062384427, 1000278.5260018408 240913.6560175866, 1000278.9653054178 240913.6461750865, 1000279.4049370885 240913.65142442286, 1000279.8439125866 240913.6724217534, 1000280.2822319269 240913.70785476267, 1000280.7189108431 240913.7583795935, 1000281.1532931775 240913.82432433963, 1000281.5857070088 240913.90536092222, 1000282.014511928 240914.00083316863, 1000282.4400360137 240914.110413, 1000282.8612949997 240914.23574084044, 1000283.2786170095 240914.37484817207, 1000283.6903615892 240914.52839116752, 1000284.0965287536 240914.69571366906, 1000284.4971185029 240914.87747183442, 1000284.7507269233 240915.00312775373, 1000284.8908185065 240915.07235333323, 1000285.2779568434 240915.281342417, 1000285.6572211683 240915.5027986765, 1000286.0289395899 240915.73737825453, 1000286.3921278417 240915.98475308716, 1000286.7467859238 240916.24459509552, 1000287.0922576785 240916.51624809206, 1000287.428215012 240916.79971209168, 1000287.7540017515 240917.09465900064, 1000288.0699460059 240917.40076075494, 1000288.3747354299 240917.71736116707, 1000288.6686980873 240918.04413217306, 1000288.9508497566 240918.381073758, 1000289.2215185016 240918.72785784304, 1000289.4797200859 240919.08284400403, 1000289.726110667 240919.4470165074, 1000289.9597060084 240919.81971916556, 1000290.1798499227 240920.199639678, 1000298.6578513384 240935.23963584006, 1000302.576478675 240942.191393584, 1000307.1358527541 240950.27963200212, 1000315.6141822636 240965.31962817907, 1000324.0921836793 240980.35962434113, 1000332.5698570013 240995.3996205032, 1000342.256845504 241012.67812925577, 1000351.9431778342 241029.9563099295, 1000361.6301663369 241047.23514676094, 1000371.316498667 241064.51332741976, 1000381.0034871697 241081.79183617234, 1000386.538909167 241091.6658321768, 1000390.4923133403 241098.71404641867, 1000413.3423332572 241143.87996658683, 1000413.5483695865 241144.18409983814, 1000413.7599833459 241144.51972909272, 1000422.8751225919 241160.53511700034, 1000432.7766775936 241177.9327200055, 1000441.105073005 241192.56523667276, 1000450.2198841721 241208.57996842265, 1000458.7323343456 241223.92212933302, 1000467.2447845042 241239.26494641602, 1000475.7575627565 241254.60743542016, 1000484.27001293 241269.9499244243, 1000492.180102095 241284.23992209136, 1000500.0898631811 241298.5302478373, 1000517.0504591763 241329.08694525063, 1000517.2040021718 241329.39698401093, 1000517.2794613391 241329.56332226098, 1000518.0209296793 241331.97506283224, 1000518.0304440856 241332.02690000832, 1000518.081625089 241332.36909092963, 1000518.1209950894 241332.7125941664, 1000518.1485540867 241333.05740974844, 1000518.163974002 241333.40255342424, 1000518.167911008 241333.7480251789, 1000518.1597089171 241334.09349691868, 1000518.1396958381 241334.43864059448, 1000518.1072155833 241334.78312808275, 1000518.0632524192 241335.1259751767, 1000518.007478252 241335.4671818316, 1000517.9398930967 241335.8064199984, 1000517.8608250022 241336.1430335045, 1000517.7699459195 241336.4763661772, 1000517.6675839275 241336.80674609542, 1000517.5537390113 241337.13318900764, 1000517.4287392497 241337.455366835, 1000517.2929127514 241337.77295149863, 1000517.1462595016 241338.0862710923, 1000516.9884514213 241338.39401325583, 1000516.820472762 241338.69617800415, 1000516.64199543 241338.99243725836, 1000516.453675583 241339.28213484585, 1000516.2548570931 241339.56527075171, 1000516.0468522608 241339.84118883312, 1000515.8290049285 241340.1095610112, 1000515.6026274264 241340.37104342878, 1000515.3667355031 241340.62399567664, 1000515.1229695976 241340.86841775477, 1000514.8700173348 241341.10463775694, 1000514.6098472625 241341.33199951053, 1000514.3414750844 241341.55017492175, 1000514.0658850968 241341.75916400552, 1000513.7830772549 241341.95798251033, 1000513.49403584 241342.14695850015, 1000513.1981046796 241342.32642008364, 1000512.8962680101 241342.49505491555, 1000512.5888539255 241342.65319108963, 1000499.4953761697 241349.9353287518, 1000487.3244687617 241356.70368792117, 1000474.3763319254 241363.90446092188, 1000458.4436210096 241372.76500751078, 1000441.4082220048 241382.2387418449, 1000422.2835883349 241392.87421925366, 1000404.8705654293 241402.5582550019, 1000386.1954059303 241412.94406101108, 1000371.8348703384 241420.93026550114, 1000359.8040545136 241427.6205408424, 1000350.6797289252 241432.79802392423, 1000286.7021665871 241468.84224317968, 1000298.3189412504 241509.1604040116, 1000298.4718280882 241509.51867100596, 1000298.6122477502 241509.88185925782, 1000298.7402002513 241510.24996875226, 1000301.1355366707 241518.09772208333, 1000304.1729321778 241528.0488176793, 1000309.6056640893 241545.84701041877, 1000315.0387240946 241563.64553125203, 1000320.4714560062 241581.44438017905, 1000325.9041879177 241599.2429010123, 1000331.337247923 241617.0410937518, 1000336.7699798346 241634.84027075768, 1000342.4927374274 241653.89239799976, 1000348.2148388475 241672.94485333562, 1000353.3552485108 241690.05833616853, 1000353.9375964254 241691.99763675034, 1000358.2315510958 241706.29419608414, 1000358.9238069206 241708.59898149967, 1000375.3292859197 241764.6723601669, 1000375.4231177568 241765.00044350326, 1000375.5057947636 241765.33213575184, 1000375.5766607523 241765.6661245823, 1000375.6360438466 241766.00208191574, 1000375.6839440018 241766.34033584595, 1000375.7200331688 241766.6802301705, 1000380.9913480878 241783.73728267848, 1000382.3115554303 241788.00859959424, 1000385.9368762523 241799.73889109492, 1000386.2629910856 241800.79433517158, 1000391.5343060046 241817.85138767958, 1000396.8059490025 241834.9081120938, 1000402.0769358426 241851.96549266577, 1000407.3485788405 241869.02254517376, 1000412.6198937595 241886.07992576063, 1000417.9722452611 241903.9201131761, 1000423.32394059 241921.75964441895, 1000428.6759640127 241939.59983183444, 1000430.7340307534 241946.46005433798, 1000434.0279874206 241957.43969117105, 1000439.3800108433 241975.27987858653, 1000439.5027140081 241975.60468108952, 1000439.6142623425 241975.93276442587, 1000439.7143277526 241976.2651128322, 1000439.8029102534 241976.60008592904, 1000439.8796817511 241976.9386679232, 1000439.9449703395 241977.27954649925, 1000439.9984479249 241977.62173742056, 1000440.0394583344 241977.9665530026, 1000440.0693139285 241978.31235283613, 1000440.0867023468 241978.65848074853, 1000440.092279762 241979.00559292734, 1000440.0860461742 241979.3520489186, 1000440.0673454255 241979.69883300364, 1000440.0371617526 241980.0443047583, 1000439.9948390126 241980.3884641677, 1000439.9407052547 241980.73131126165, 1000439.8747605085 241981.07153366506, 1000439.7970047593 241981.40978759527, 1000439.7077660859 241981.74476067722, 1000439.6070445031 241982.07678100467, 1000439.4945119172 241982.40486434102, 1000439.3711525947 241982.72901067138, 1000439.2366384268 241983.04889191687, 1000439.0909694284 241983.3635238409, 1000438.9344736785 241983.67323450744, 1000438.7671511769 241983.97703966498, 1000438.5899861753 241984.27559550107, 1000438.402322501 241984.56726159155, 1000438.2044882625 241984.85203792155, 1000437.997139588 241985.13025258482, 1000437.7802765071 241985.40124942362, 1000437.5542270839 241985.66437225044, 1000437.319319427 241985.91896492243, 1000437.0755535066 241986.16568358243, 1000436.8235855103 241986.40452826023, 1000436.563415423 241986.63353042305, 1000436.2953713387 241986.8543305099, 1000436.0197813362 241987.06528808177, 1000435.7376296669 241987.26607508957, 1000435.4482601732 241987.4580038339, 1000435.1523290128 241987.63910584152, 1000434.8504923433 241987.80970917642, 1000434.5430782586 241987.97014191747, 1000434.2300867587 241988.1200760007, 1000419.0749333352 241996.3300333321, 1000330.4609373361 242045.4204863459, 1000322.7076719999 242031.45496308804, 1000271.1953078359 241939.7727317512))","MN","LP-02105","Yes","Hamilton Heights/Sugar Hill Northwest Historic District","No","DESIGNATED","DESIGNATED",,"11/20/2001",,"06/18/2002","08/14/2001","4043.236735469764","506110.30817584804"
"POLYGON ((1000845.1377295107 241546.39589384198, 1000755.0880408436 241596.95681634545, 1000687.1636360139 241635.09519150853, 1000693.0901333392 241645.88158725202, 1000703.773510918 241662.60301050544, 1000684.1170541793 241672.42352892458, 1000581.8223112524 241723.52939784527, 1000535.8161696792 241639.1069945097, 1000542.7964706719 241635.1968973428, 1000495.2299647629 241547.91065458953, 1000496.6804211736 241547.35553759336, 1000493.0514914244 241540.69610208273, 1000499.9560051709 241536.8362016678, 1000454.1614773422 241425.8226441741, 1000448.8199525923 241412.87286692858, 1000526.5970280021 241369.30274409056, 1000587.9039920121 241335.07085716724, 1000330.150242418 240869.7948848456, 1000297.1772112548 240810.27367842197, 1000268.0217577517 240757.64484667778, 1000244.5549411774 240715.2745245844, 1000261.518489927 240705.82375608385, 1000351.6193595976 240655.62569375336, 1000368.4408482611 240685.98783776164, 1000433.473526597 240803.3678523451, 1000520.3752556741 240754.99294908345, 1000539.55599159 240744.27282616496, 1000583.4528854191 240823.9997008443, 1000625.2523425072 240901.13373291492, 1000637.8290890008 240924.40337142348, 1000649.9960594177 240946.57097800076, 1000678.5501361787 240996.57481500506, 1000708.611755833 241050.99006050825, 1000761.2274642587 241145.16802175343, 1000840.8532892615 241287.63427226245, 1000868.808942005 241338.59644067287, 1000877.8988188356 241355.16694559157, 1000886.9827901721 241371.7262956649, 1000896.505080834 241389.08584100008, 1000905.7199574262 241405.58252717555, 1000909.3078767508 241412.32299925387, 1000912.6615445912 241419.1727230847, 1000915.8341104239 241426.24915251136, 1000918.6641572565 241433.18713074923, 1000921.5161856711 241440.91021242738, 1000923.8206430078 241447.92135325074, 1000925.9955074191 241455.34948800504, 1000928.0637447536 241463.44035108387, 1000929.7904473394 241471.4806893319, 1000930.9580959231 241477.9170281738, 1000932.131321922 241485.77888908982, 1000932.6939848363 241490.69718633592, 1000933.2730519176 241496.7798513323, 1000914.338050425 241507.54164083302, 1000845.1377295107 241546.39589384198))","MN","LP-02104","Yes","Hamilton Heights/Sugar Hill Northeast Historic District","No","DESIGNATED","DESIGNATED",,"10/16/2001",,"10/23/2001","08/14/2001","2938.203009910499","286462.78379980405"
"POLYGON ((1000104.0877024233 240429.78132916987, 1000199.4789158404 240376.4034831673, 1000248.5683845878 240464.9256158322, 1000336.6210300028 240415.6540608406, 1000352.8539371789 240406.64226783812, 1000367.625233084 240433.265902251, 1000376.5625511706 240449.4843737483, 1000385.56253317 240465.70317333937, 1000394.5625151694 240481.93739284575, 1000403.499833256 240498.1561924219, 1000403.8781133443 240498.5774514228, 1000404.0519975126 240498.80054809153, 1000404.2193200141 240499.03020642698, 1000404.524437502 240499.5059272498, 1000404.7596732527 240499.92357733846, 1000405.0395283401 240500.5131430924, 1000405.2472050935 240501.03840450943, 1000405.4102625102 240501.57941392064, 1000405.530997172 240502.13190625608, 1000405.6248290092 240502.68767942488, 1000405.6858525127 240503.25263892114, 1000405.687492922 240503.81234909594, 1000405.6559969187 240504.38091750443, 1000405.6248290092 240504.93767492473, 1000405.498845011 240505.49804125726, 1000405.3751575947 240506.04692466557, 1000405.1855254173 240506.5830128342, 1000405.0001583397 240507.10925850272, 1000404.7183347642 240507.61024175584, 1000404.4374954253 240508.10925650597, 1000404.1208950132 240508.5682450831, 1000403.812496677 240509.0157507509, 1000403.40567334 240509.44357141852, 1000403.0021308362 240509.83727142215, 1000402.3426833451 240510.37532809377, 1000401.8768050075 240510.69356891513, 1000401.3879608363 240510.97900141776, 1000393.5001813471 240516.6719034165, 1000390.312523678 240518.96881483495, 1000373.9375564307 240528.2187963426, 1000357.4999252558 240537.45302984118, 1000341.1249580085 240546.68759141862, 1000324.7499907613 240555.93757292628, 1000308.3123595864 240565.17180642486, 1000291.9373923391 240574.4217879176, 1000284.5942311734 240578.56285575032, 1000259.291132167 240592.33185708523, 1000243.0034350902 240601.13072401285, 1000225.9965793341 240610.31804159284, 1000203.7597471774 240622.33015666902, 1000162.8198684305 240645.48004475236, 1000115.8124165088 240671.37500609457, 1000048.3125515133 240710.1252566725, 1000047.4998890907 240710.68759150803, 1000046.6248908341 240711.18759050965, 1000045.7498925924 240711.6249255836, 1000044.8748943359 240711.99992483854, 1000044.4296852499 240712.24270650744, 1000027.999928087 240721.2029904276, 1000011.6249608397 240730.23446841538, 1000001.867762506 240735.61536316574, 999987.300862506 240743.63306367397, 999978.8126905113 240748.29676826298, 999962.4373951703 240757.32824625075, 999946.0624279231 240766.35939617455, 999929.6874606758 240775.39054608345, 999913.2498295009 240784.42202408612, 999896.8748622537 240793.45317400992, 999880.5002230853 240802.48432391882, 999864.1249277592 240811.5158019215, 999847.687624678 240820.5469518453, 999831.3126574308 240829.5781017542, 999808.669001922 240842.0610164255, 999802.2195397615 240845.17583958805, 999798.0994692594 240847.16369651258, 999792.804860428 240849.7181533426, 999790.3222538382 240850.91598558426, 999789.1611669213 240851.2470216751, 999788.6385301799 240851.35988233984, 999788.0427308381 240851.4432155043, 999787.4114985019 240851.53146992624, 999786.9538222551 240851.53146992624, 999786.480726093 240851.5317980051, 999785.9200316668 240851.5317980051, 999785.0745609254 240851.41401608288, 999783.9141301811 240851.17517141998, 999783.0079640001 240850.91729792953, 999782.4472695887 240850.66959500313, 999781.6434654295 240850.31460884213, 999780.3750952631 240849.52884925902, 999779.8550831676 240849.09676350653, 999779.2271316797 240848.5754390955, 999778.6864503473 240847.98193633556, 999778.2222124189 240847.47242292762, 999777.3793663383 240846.2411261797, 999774.9361297637 240841.68043975532, 999770.9492610842 240834.45079542696, 999749.1858531684 240794.9872916788, 999726.7213311791 240754.28133633733, 999740.3535217643 240746.44080084562, 999753.9693081677 240738.82828325033, 999770.765206337 240729.4375540018, 999815.3746971786 240704.49665901065, 999829.5620047599 240696.56458824873, 999843.1699171811 240688.95666383207, 999940.8787112534 240634.32750800252, 999964.0223657638 240621.38822942972, 999989.0508590043 240666.7322988361, 1000021.5416076779 240648.5666527599, 1000088.3275633454 240612.1087204218, 1000031.1495280862 240421.34696283937, 1000068.2304906696 240400.48709642887, 1000089.0969187617 240438.2173359245, 1000104.0877024233 240429.78132916987))","MN","LP-02103","Yes","Hamilton Heights/Sugar Hill Historic District Extension","Yes","DESIGNATED","DESIGNATED",,"10/16/2001",,"10/23/2001","08/14/2001","2007.9979734637511","98739.21498968954"
"POLYGON ((999972.7398680001 239967.52864475548, 999878.1265401691 240020.47046799958, 999813.4573781788 240056.981877923, 999817.9829596728 240065.37687425315, 999827.0485583395 240082.18852041662, 999827.0584008396 240082.1799902618, 999827.0623378456 240082.18753616512, 999835.3749852628 240097.57792533934, 999843.6249687523 240112.9532226771, 999852.6876146793 240128.79702299833, 999861.6875966787 240144.6404952556, 999870.6872505844 240160.4842955917, 999888.1970580965 240191.1846935004, 999912.812494427 240233.79681301117, 999913.500157088 240234.68755926192, 999914.0624919236 240235.64064133167, 999914.5624909252 240236.64063933492, 999914.9374901801 240237.68755325675, 999915.1874896735 240238.78138308227, 999922.0736307502 240262.05758325756, 999990.3818930835 240223.81225292385, 1000075.5874313414 240176.13387058675, 1000109.3826393336 240157.22314725816, 1000107.2917642593 240153.45281359553, 1000105.50403817 240150.22906675935, 1000084.5139226764 240112.378092587, 1000148.5649756789 240076.5372850001, 1000164.7575285882 240067.44773624837, 1000174.937626347 240085.76561300457, 1000184.1876078397 240102.51557950675, 1000193.4999251664 240119.28129400313, 1000202.8125705868 240136.03126050532, 1000212.1252160072 240152.7969750017, 1000219.8824183345 240166.74576599896, 1000228.9375183433 240183.15616625547, 1000237.3751655072 240198.3437999189, 1000276.1132770032 240268.25442124903, 1000259.8941493332 240277.29410134256, 1000171.8411758393 240326.56598442793, 1000199.4789158404 240376.4034831673, 1000104.0877024233 240429.78132916987, 1000089.0969187617 240438.2173359245, 1000068.2304906696 240400.48709642887, 1000031.1495280862 240421.34696283937, 999967.3136977553 240457.21795408428, 999966.6873866767 240457.62477742136, 999966.0397501737 240457.97976358235, 999965.3750533462 240458.34360800683, 999959.1247377545 240461.87509700656, 999949.375085339 240467.35933800042, 999945.2120359242 240469.69988450408, 999941.5188018382 240471.7766520083, 999933.312453419 240476.39081600308, 999917.2498215139 240485.4219659269, 999901.1875176728 240494.4373678416, 999885.1875496805 240503.46884584427, 999869.1249177605 240512.48457583785, 999851.8749522567 240521.9218929261, 999834.6249867529 240531.34379008412, 999817.3123573363 240540.78143525124, 999800.0627199262 240550.20333242416, 999782.8124263436 240559.6406495124, 999765.5624608397 240569.06254667044, 999749.4374930859 240578.01561275125, 999733.3751892596 240586.95293083787, 999717.2498934269 240595.89057700336, 999701.1875895858 240604.82822316885, 999685.0626218468 240613.76554125547, 999669.9376520962 240622.17202050984, 999668.9999899268 240622.70318742096, 999668.187655583 240623.39052200317, 999667.2499934286 240623.98435284197, 999666.3126593381 240624.4843518436, 999665.312333256 240624.87509909272, 999664.3123352528 240625.1716864258, 999663.7670607567 240625.2681429237, 999616.3750951737 240651.3904660046, 999615.5624327511 240651.9219610095, 999610.4374430031 240654.78120724857, 999604.6375858337 240657.99412733316, 999601.0191547573 240659.99871650338, 999598.5624667555 240661.35927808285, 999581.500164926 240670.82809117436, 999564.4375350028 240680.29690425098, 999547.3749050945 240689.7657173425, 999530.3126032501 240699.23420234025, 999513.2499733418 240708.70301541686, 999496.1876715124 240718.17182850838, 999479.1247135103 240727.640641585, 999462.0624116808 240737.1094546765, 999445.0001098365 240746.57826775312, 999427.8748160005 240756.04675275087, 999410.812514171 240765.5155658424, 999386.9733230025 240778.7451981753, 999380.9848179221 240767.96536408365, 999356.0193166733 240723.0724092573, 999331.1761905104 240678.39959834516, 999376.8575295955 240653.0873130113, 999420.5159068406 240628.89576034248, 999369.9920577556 240537.88609984517, 999364.4287486672 240527.91925625503, 999429.9627383351 240491.364867419, 999409.5388946682 240454.49289391935, 999359.4970000088 240364.50718151033, 999336.1594482511 240377.4389141649, 999285.3849435002 240286.13529101014, 999280.420714587 240277.3131301701, 999305.085035339 240263.881398499, 999283.9443295896 240225.79912558198, 999234.5838640034 240136.05816334486, 999301.1903580874 240099.0857963413, 999348.3080460131 240073.06058591604, 999344.2335790843 240065.61079767346, 999335.3126651794 240049.43760167062, 999326.1873553395 240032.76539091766, 999308.1250555068 240000.00003650784, 999298.6877384186 239982.78123892844, 999276.6359452605 239939.59136466682, 999271.4998006672 239930.5155954212, 999267.3124730885 239923.18752609193, 999258.1874913424 239907.09372626245, 999249.0001737624 239890.99992641807, 999239.8748639226 239874.92187458277, 999230.7502102554 239858.82807475328, 999221.5625645965 239842.7342749238, 999212.4372547567 239826.64080317318, 999204.3125990927 239811.75008492172, 999196.187615335 239796.85936667025, 999171.0951458365 239750.94115142524, 999150.9695299268 239714.9661577493, 999268.5913419276 239649.56405758858, 999539.4674405903 239498.94690474868, 999570.5477590114 239559.1167319268, 999633.0893005878 239670.5758265853, 999672.6381060034 239648.2445064187, 999766.5417895913 239595.6986797601, 999808.2680840939 239670.94295184314, 999896.320729509 239621.67139683664, 999912.3252906799 239612.79346184433, 999916.7498225123 239620.8282226771, 999925.7498045117 239637.23435783386, 999934.8124504238 239653.6404930055, 999943.8124324232 239670.06237617135, 999952.8124144226 239686.468511343, 999961.3750613332 239701.89072458446, 999969.9377082586 239717.29686175287, 999978.4373631775 239732.70299892128, 999984.2418135107 239743.15704625845, 999995.4999930859 239763.53134934604, 999999.9999840856 239771.62516517937, 1000004.0626400113 239778.95290641487, 1000012.5626230091 239794.35937167704, 1000022.2502676696 239811.70316900313, 1000031.9375842512 239829.06238625944, 1000041.6249008477 239846.40618358552, 1000051.3125455081 239863.7657289207, 1000061.0001901686 239881.10919816792, 1000070.2501716763 239897.67182908952, 1000070.6875067502 239898.45627634227, 1000080.3748233467 239915.81254084408, 1000090.0624680072 239933.1560100913, 1000099.5362023413 239950.1310417503, 1000083.3846598417 239958.99913425744, 999995.3316863477 240008.2710173428, 999972.7398680001 239967.52864475548))","MN","LP-02064","Yes","Hamilton Heights/Sugar Hill Historic District","No","DESIGNATED","DESIGNATED",,"5/16/2000",,"06/27/2000","03/28/2000","5085.2049123294155","744406.0212499419"
"POLYGON ((999268.5913419276 239649.56405758858, 999133.6277010888 239724.60688650608, 999018.9465000033 239787.98208783567, 998996.1985140145 239746.84207825363, 998985.6601492614 239727.80471475422, 998975.529264003 239709.50455451012, 998956.5824515074 239675.27922925353, 998946.3652803451 239656.82290133834, 998746.2938300967 239768.47589325905, 998695.0226071775 239675.85928058624, 998683.1666597575 239653.98169967532, 998685.591851756 239652.6401669234, 998671.8431915939 239627.7025527507, 998622.9761633426 239539.42812301219, 998573.9772455841 239450.91616092622, 998560.0369847566 239425.56188091636, 998864.8326350003 239255.59666967392, 998870.7023739219 239252.32338225842, 998846.1945489198 239205.4730822593, 998838.3858375102 239191.46589241922, 998866.6265946776 239175.84584492445, 998956.8787107617 239124.79017275572, 998950.5903375 239113.48573341966, 998813.4902180135 238867.01476967335, 998724.2692678422 238917.50252959132, 998695.0042345077 238933.93720801175, 998745.5812330842 239024.85008391738, 998433.4804793447 239198.04560367763, 998420.0070810914 239173.86028458178, 998369.6981265843 239085.0743729174, 998374.0829603374 239082.6242465824, 998323.7887695879 238993.85145825148, 998309.7884695083 238968.63891024888, 998309.2589430064 238968.93188866973, 998296.6900705099 238946.21113358438, 998247.3794735968 238855.62371633947, 998250.8312383443 238853.7172240913, 998202.0892098397 238764.17409609258, 998189.0544590056 238740.65248958766, 998380.0058487505 238634.28623250127, 998392.9316759259 238658.46334950626, 998441.672720179 238748.00483709574, 998492.1257032603 238840.6910034269, 998503.3874917626 238861.62140776217, 998619.2527455837 238797.5733074993, 998854.5770780891 238667.87573225796, 999174.2053758353 238490.34852825105, 999188.1830381751 238530.1437242627, 999226.0402459204 238637.93123833835, 999183.1499117613 238662.2199036777, 999083.4316072613 238718.61414784193, 999065.4893859178 238728.7611091733, 999096.7698351741 238795.07429675758, 999088.6799563468 238799.64974692464, 999079.7852890939 238804.6795925051, 999082.0080536753 238808.63234050572, 999058.637693584 238821.8488495052, 999061.9470701665 238826.86491559446, 999106.5818234235 238894.5163550824, 999124.5811312497 238884.33691351116, 999133.6995513439 238900.46056891978, 999116.8157268465 238910.02747891843, 999147.3406001776 238956.29280634224, 999154.6112549305 238952.18060983717, 999164.2483747602 238969.3173865825, 999178.0301713347 238993.82455542684, 999196.6436511725 239026.9238986671, 999211.1511680931 239052.58329616487, 999220.8214243352 239074.21645501256, 999135.5355056673 239122.44864200056, 999111.3104885072 239136.14874583483, 999153.3140134215 239212.7617815882, 999186.6056134999 239273.48442916572, 999197.3880722523 239293.1510564983, 999215.1984040886 239325.71103075147, 999220.0497723371 239334.27236533165, 999221.250885427 239337.13029925525, 999221.9670913368 239340.1466974169, 999222.1783770025 239343.2395390123, 999221.8791650087 239346.32516275346, 999221.1032479256 239349.24838525057, 999219.8693265021 239352.0095345825, 999218.209224835 239354.53741666675, 999216.9428231716 239356.00263683498, 999254.577262342 239334.1276805848, 999269.2301201671 239360.1893082559, 999263.9853800088 239363.15583775938, 999313.231672585 239451.68814100325, 999292.9879466742 239463.13628083467, 999263.754409343 239479.66872808337, 999195.6407004297 239518.18964841962, 999247.4279984236 239611.28985592723, 999268.5913419276 239649.56405758858))","MN","LP-00872","Yes","Hamilton Heights Historic District","No","DESIGNATED","DESIGNATED","PREVIOUSLY HEARD AS PART OF LP-0453","10/8/1974",,"11/26/1974",,"5936.950898336713","639783.2310639072"
"POLYGON ((996094.9697364271 204696.76913392544, 996169.6011488438 204705.3412952572, 996174.8570438474 204662.15667033195, 996187.6778843403 204561.9213065058, 996246.7066376805 204569.07975675166, 996577.6255952567 204609.21189433336, 996580.0455379188 204590.29100042582, 996585.747298181 204545.71398983896, 996589.0383020937 204545.4708800912, 996593.6045659184 204509.7711483389, 996600.6347355843 204468.36407892406, 996585.6013010889 204465.09079150856, 996565.4087561667 204461.51993250847, 996550.7969087511 204459.60884708166, 996552.8559597582 204448.834918499, 996554.2877154201 204442.0649189204, 996573.00913468 204396.91966800392, 996517.619153589 204372.71761667728, 996445.6757279187 204363.93449775875, 996481.2957354188 204278.03900025785, 996487.5742661804 204264.19093084335, 996505.3603198379 204271.94157150388, 996519.9787289202 204236.37963475287, 996526.5827183425 204220.35768517852, 996528.9623067528 204214.76911367476, 996552.396971181 204158.84501291811, 996590.772222504 204070.57517634332, 996599.7272570878 204074.49150708318, 996693.750691086 204115.092475757, 996664.4200410843 204183.00802233815, 996710.3536762595 204202.84328450263, 996697.8133470118 204231.88062800467, 996722.8185463399 204242.67817859352, 996724.6233327538 204238.5020058453, 996749.8516287506 204249.39601291716, 996779.9729595929 204262.329057917, 996790.3308785111 204238.64669059217, 996802.455854252 204243.9967455119, 996988.6077129245 204325.70983667672, 997037.1847155094 204346.33545158803, 997133.8859656751 204387.7900930941, 997157.3439240009 204397.84650342166, 997147.7750455141 204420.0856321752, 997217.6699188352 204450.04849874973, 997227.6843345016 204454.41102284193, 997224.6000230908 204461.44283291698, 997217.2338960916 204478.24562083185, 997209.4261689186 204496.04775059223, 997201.7687039226 204513.51490725577, 997200.1053214222 204517.3075505942, 997194.1112389266 204530.97878308594, 997193.6486414224 204531.95975226164, 997178.192307502 204566.75266167521, 997221.2142030895 204584.76378050447, 997289.9076352566 204613.5458751768, 997285.5670927614 204623.36245658994, 997244.293553263 204717.50531291962, 997269.1071519256 204728.16047534347, 997251.7892731726 204767.66203676164, 997242.8529393375 204788.0455261767, 997256.2220070958 204793.78632834554, 997228.5058551729 204857.00601817667, 997217.5232655853 204882.0574772507, 997206.5665945858 204877.35210609436, 997154.9974720031 205017.52341367304, 997239.1718443334 205056.36979267, 997249.4661150873 205061.02923217416, 997238.5796539187 205086.17452308536, 997230.6367564201 205104.52422392368, 997222.6905780882 205122.87720559537, 997214.6390850097 205141.47789017856, 997194.2044145912 205188.5755650103, 997183.5502364188 205184.34624275565, 997142.0030754209 205167.88695809245, 997117.8715620041 205206.49186775088, 997090.4424830079 205250.40254108608, 997077.4425090104 205271.21417926252, 997058.4386100024 205298.9972601682, 997053.1968225837 205307.14422550797, 997037.9993464202 205305.27513475716, 997019.4593572617 205302.99823641777, 997000.9193680882 205300.71805725992, 996985.4994514287 205298.8217355907, 996981.8003118336 205298.36701208353, 996962.6353239268 205296.00021892786, 996905.7587972581 205281.20037975907, 996888.1472839266 205279.1925097555, 996882.9107458442 205278.58850833774, 996870.5357705951 205277.18135891855, 996846.2070790976 205274.40807050467, 996790.559552595 205268.06064225733, 996782.6248571724 205330.44995316863, 996758.5451809168 205523.26813708246, 996752.8732762635 205566.29265734553, 996763.336838007 205567.67224775255, 996761.7679435015 205579.46585933864, 996748.7289275974 205680.9190685004, 996739.4313740134 205679.78685292602, 996738.7939080894 205684.7471448332, 996639.4499466717 205672.46862608194, 996640.1494203359 205667.02342700958, 996281.5166074187 205622.69772826135, 996278.3066400886 205647.67504049838, 996254.0238802582 205635.7370722592, 996256.1032724231 205619.556658417, 996232.5554192513 205616.6468873322, 996231.5235971808 205624.67508649826, 996207.4672148377 205612.84833849967, 996207.3792885095 205613.53468884528, 996182.617527008 205610.47432750463, 996183.4469216764 205604.01994408667, 996135.6058100015 205580.35726176202, 996132.5310130119 205604.28372308612, 996112.8706192523 205601.8539379239, 996082.5028978437 205598.10066458583, 996082.101323843 205601.22467409074, 996078.4346645027 205629.75906583667, 996052.8989544213 205626.60323224962, 996043.7421485931 205697.85768292844, 996042.3783061802 205709.1680277586, 996010.8419519216 205705.2802402526, 996005.6785764247 205704.64441475272, 995994.3889008462 205703.25202909112, 995986.3045994192 205702.25432766974, 995976.0339506716 205700.97709925473, 995973.3830373436 205700.64737550914, 995968.906996429 205700.09061808884, 995967.7731404305 205699.87145842612, 995966.8200583458 205699.5722464174, 995965.8860050887 205699.16247034073, 995965.0106787533 205698.6555815935, 995964.2009690851 205698.07913917303, 995963.4017580897 205697.35768392682, 995962.9555647522 205696.87212058902, 995962.3518914282 205696.08800141513, 995961.8335197568 205695.2448272556, 995961.4070114195 205694.355721429, 995961.0756472498 205693.42396475375, 995960.8715794235 205692.60375642776, 995960.7278789282 205691.6447688341, 995960.6852280945 205690.4941805899, 995960.7606872618 205689.50993059576, 995963.2738055885 205669.6510464251, 995965.5031318367 205651.950622499, 995968.6491229236 205627.00579050183, 995970.128122583 205615.2827168405, 995972.3046274185 205598.02553351223, 995974.6363156736 205579.5373815, 995976.9401168376 205561.24870416522, 995979.3892589211 205541.82977975905, 995981.330528006 205527.33210533857, 995983.3521775007 205512.21369725466, 995985.3590632528 205497.22324167192, 995986.982747674 205485.08973576128, 995993.7691514194 205428.27029559016, 995998.7419105023 205388.91932442784, 996001.0732706785 205369.0778286755, 996003.6772680879 205349.78948141634, 996008.0598052591 205315.038238585, 996012.0643904209 205283.27288217843, 996012.5676702559 205277.85491400957, 996013.4302013367 205272.43497733772, 996018.2595880032 205234.12304608524, 996027.4721680135 205159.93454617262, 996032.1033923477 205121.86408425868, 996034.4491881728 205102.4979812503, 996037.4760850072 205077.64140367508, 996039.198850587 205063.4744372517, 996041.5610505939 205044.04862308502, 996043.8635394275 205025.11821475625, 996044.9163588434 205016.45943942666, 996046.6643868387 205002.088405177, 996048.5265878439 204986.76953817904, 996050.0639863461 204974.137673676, 996051.0098505914 204966.34864725173, 996058.1292589307 204911.38156558573, 996059.5892297626 204900.20048558712, 996060.4422464222 204893.72740142047, 996065.1331819296 204858.30982133746, 996067.4848832637 204840.56641849875, 996069.8877655864 204822.43489308655, 996072.216501087 204804.86701484025, 996074.5760764182 204787.036341846, 996076.7250222564 204770.7027130872, 996078.7998212576 204754.90320400894, 996083.0284873396 204722.7310242504, 996083.4759930074 204719.3238788396, 996085.1797297597 204706.34916725755, 996085.471723929 204705.44037641585, 996085.7860277593 204704.64575858414, 996086.2394389212 204703.6916922629, 996086.6666034311 204702.93841291964, 996087.2433739305 204702.06439892948, 996087.7361550927 204701.42299599946, 996088.3601695895 204700.70416542888, 996089.0432390869 204700.0204397589, 996089.7417285144 204699.4128294289, 996090.4933674186 204698.84622950852, 996091.2476310134 204698.34852708876, 996092.1318155974 204697.85410550237, 996093.0130474269 204697.43908008933, 996093.9159327596 204697.09065559506, 996094.9697364271 204696.76913392544))","BK","LP-01248","Yes","Greenpoint Historic District","No","DESIGNATED","DESIGNATED","BOUNDARIES AS HEARD DIFFER (SLIGHTLY) FROM DESIGNATED","5/19/1981",,"09/14/1982",,"6132.704377818348","1290467.7355825722"
"POLYGON ((1007387.650563091 243304.33988450468, 1007374.8290664256 243309.8926949203, 1007180.4957936704 243395.26522758603, 1007167.4853210002 243400.97978308797, 1007125.6232000142 243344.2476130873, 1007057.9199233353 243251.05882309377, 1006980.0864175856 243146.80771926045, 1006893.3369191736 243027.27974309027, 1006785.8968453407 242874.7091820836, 1006737.53998667 242801.5190397501, 1006712.739183262 242762.51518075168, 1006574.4202341735 242825.01964892447, 1006321.1792708337 242937.74908225238, 1006314.8597296774 242940.57355166972, 1006305.8512175083 242944.59946225584, 1006305.0670983344 242944.93640384078, 1006304.2468900084 242945.21297809482, 1006303.4847524166 242945.39900134504, 1006302.5638225079 242945.54106141627, 1006301.7068688422 242945.59355475008, 1006300.8479466736 242945.5738697499, 1006300.165533334 242945.5016914159, 1006299.489681676 242945.38686226308, 1006298.6563500017 242945.17196767032, 1006297.8459841758 242944.8914564252, 1006297.21606417 242944.6125855893, 1006296.6091100127 242944.29434475303, 1006295.7429700047 242943.7398839295, 1006295.1983516663 242943.31993725896, 1006294.6832608432 242942.86390142143, 1006293.9746008366 242942.11587142944, 1006293.3479616791 242941.29894392192, 1006292.8099050075 242940.4196805954, 1006292.1711267531 242938.97873859107, 1006291.1028874218 242936.5699507594, 1006288.6170000136 242930.96399083734, 1006274.2718843371 242898.6015227586, 1006203.035806343 242737.91844516993, 1006121.1796708405 242556.93947641551, 1006098.4697425067 242504.67908225954, 1006055.997714594 242409.19042809308, 1006064.1230264306 242405.52901808918, 1006158.1343213469 242362.2354695052, 1006155.329208836 242355.992043674, 1006111.2272629291 242257.84919534624, 1006179.656588003 242226.33679117262, 1006136.1980135143 242129.6181525886, 1006129.1150224209 242114.38819617033, 1006155.7494835854 242101.91938908398, 1006117.6504784226 242021.08785784245, 1006075.5098146796 241952.84685258567, 1006026.8147020936 241974.55514250696, 1006015.615577504 241921.74225600064, 1006005.0841025114 241872.07634483278, 1005987.6195705086 241879.8620904237, 1005974.750173673 241837.16171650589, 1005956.6061810851 241776.95973716676, 1005941.3171696663 241740.23146417737, 1005927.9080757499 241708.4428138435, 1005919.3618330061 241688.19449475408, 1005911.5488565117 241674.35725209117, 1005898.1197495013 241650.57449126244, 1005874.2244560868 241608.3393395096, 1005824.6809200048 241630.12046392262, 1005742.6023440063 241670.1748457551, 1005689.7500874996 241692.93529891968, 1005644.3991283476 241713.42082226276, 1005565.5082100034 241747.47915308177, 1005502.286879763 241777.7120322585, 1005500.8757933378 241778.27305474877, 1005499.7767141759 241778.56176808476, 1005498.6546691805 241778.73237141967, 1005497.5195008367 241778.78814558685, 1005496.3843325078 241778.72580975294, 1005495.259006679 241778.5486447513, 1005494.1632083356 241778.2533697486, 1005493.4483147562 241777.99418392777, 1005492.0864408463 241777.33145558834, 1005490.8266008347 241776.4882814288, 1005489.963741675 241775.74681308866, 1005489.1861841679 241774.92004309595, 1005488.493928343 241774.0145330876, 1005487.9033783376 241773.04668726027, 1005487.4145341665 241772.01978641748, 1005485.4138820022 241767.20024225116, 1005477.1930979192 241747.44043925405, 1005435.5412783474 241656.80020058155, 1005369.4754655957 241503.0390251726, 1005378.6768907607 241498.90714366734, 1005427.1275812536 241476.99609825015, 1005357.1162383407 241319.49378858507, 1005293.4972710907 241176.3726837486, 1005229.9265320897 241033.3591902554, 1005167.2724579275 240892.40868476033, 1005118.5478178412 240913.70227733254, 1005108.3391768336 240918.17175659537, 1005086.6180916727 240870.00977942348, 1005097.0262073427 240865.28603558242, 1005213.2582583427 240812.72249242663, 1005206.3252013475 240797.124426499, 1005199.0394547582 240781.21402525902, 1005269.722712338 240751.93094733357, 1005328.0611783415 240727.9008116722, 1005254.1800925136 240564.9519905895, 1005243.502292335 240541.40446551144, 1005144.3079369217 240324.20640908182, 1005074.4045334309 240355.8497185111, 1004988.7416470051 240394.6071869284, 1004966.5025182515 240344.97933341563, 1004881.2323475927 240383.55898067355, 1004841.3551307619 240401.85717242956, 1004874.7126755863 240476.20774550736, 1004861.9459688365 240481.77958475053, 1004748.2319574207 240532.04884117842, 1004736.1197769195 240504.60270184278, 1004742.6424016804 240501.7191774249, 1004699.4417006671 240403.82304775715, 1004685.0112833381 240370.87331050634, 1004673.3256111741 240375.82769691944, 1004669.1684672534 240366.38775517046, 1004546.8232395053 240088.4047153443, 1004541.6267275959 240076.50185200572, 1004555.2441544235 240070.48053859174, 1004537.793073833 240032.54229424894, 1004466.9349478334 239875.75947134197, 1004434.4891465902 239803.9692605883, 1004476.4106506705 239608.68684275448, 1004443.5924748331 239536.0718305111, 1004218.4462715834 239608.8836927563, 1004206.0089605004 239612.8833566755, 1004162.7905430049 239515.8507423401, 1004162.1468435079 239514.41603392363, 1004161.5477633476 239513.07417309284, 1004160.9473708421 239511.31236559153, 1004160.6553766727 239509.95081976056, 1004160.4923192561 239508.3514135033, 1004160.5175816715 239506.70279476047, 1004160.6947466731 239505.31828309596, 1004161.009706676 239503.96001808345, 1004161.4624616802 239502.6411230862, 1004162.046450004 239501.3747214228, 1004166.2797092497 239493.95380450785, 1004256.0515113473 239336.02662692964, 1004306.04878667 239246.0176205933, 1004338.446687758 239190.77987016737, 1004313.2735097557 239132.13038116693, 1004247.9714750051 238983.82424734533, 1004254.3828795105 238971.1533409208, 1004385.4567643404 238735.62395633757, 1004424.6669877619 238665.16707625985, 1004604.5560636669 238341.92231592536, 1004616.8752647638 238319.58738683164, 1004627.0592995137 238344.54960726202, 1004628.4402022511 238348.48004558682, 1004630.090461418 238352.30516916513, 1004632.0002345145 238356.0059491694, 1004634.0041675121 238359.31991891563, 1004636.0418930948 238362.26315450668, 1004638.2528466731 238365.08139033616, 1004646.3870167583 238374.3189046681, 1004649.69803375 238378.0639759153, 1004665.3827136755 238395.8027855903, 1004681.7717885077 238414.33850967884, 1004693.4794422537 238427.58060917258, 1004704.2212186754 238439.0979745835, 1004727.1237319261 238463.65402783453, 1004739.4636022598 238476.88497251272, 1004753.271973595 238493.0207670033, 1004772.3857805133 238516.13062892854, 1004797.6947850138 238548.5288580954, 1004812.5730360895 238568.8418095857, 1004823.2738020867 238583.67412900925, 1004848.6136464179 238621.04577341676, 1004861.6667699218 238641.26095609367, 1004883.1388398409 238676.51908767223, 1004902.1876862496 238710.03640909493, 1004915.5862815082 238734.70335450768, 1004928.320836097 238758.84077341855, 1004940.6649715006 238783.7613272518, 1004950.8696755022 238804.58444833755, 1004958.6511560082 238821.68251125515, 1004969.270557344 238845.10175575316, 1004975.1051913351 238858.6286315918, 1005065.1161661744 238818.2973474264, 1005168.9132026732 238771.9296580106, 1005211.3721072525 238875.83791474998, 1005286.2184142619 238842.40294225514, 1005295.5484480858 238838.2028194219, 1005300.4752755016 238849.26447708905, 1005291.1540999264 238853.44885192811, 1005217.3766884208 238886.406463176, 1005222.3697886765 238898.30604566634, 1005264.7568430007 239002.79008866847, 1005258.7732591778 239005.4633116722, 1005340.5073476732 239188.38814267516, 1005344.4787964225 239197.29855792224, 1005328.6057966799 239204.30707408488, 1005345.1431651711 239240.49433767796, 1005417.0770764202 239403.05700467527, 1005397.7293460965 239411.56584592164, 1005462.1826292574 239557.2240191698, 1005526.411831513 239702.3749755919, 1005645.1602816731 239650.15067058802, 1005654.7527821809 239645.69234617054, 1005721.7611783445 239795.4390939176, 1005733.680445835 239825.43575309217, 1005759.0773766786 239879.44811224937, 1005782.6212928444 239915.979207173, 1005878.4308125079 240076.3702905923, 1005903.2109466791 240119.39841975272, 1005930.1728350073 240163.87339642644, 1005918.8418209255 240168.92292700708, 1005831.6874676794 240207.94647100568, 1005842.8849518448 240232.85718233883, 1005854.4469365925 240258.58055609465, 1005948.3283105046 240216.54487900436, 1005959.6042065918 240211.58294667304, 1005980.5493746698 240245.0011869222, 1005968.8886368424 240249.75150550902, 1005880.9698494226 240286.5385054201, 1005916.1489129215 240352.25523750484, 1005922.1167487502 240363.49865333736, 1005837.2960522622 240398.6186618358, 1005884.8103929311 240511.58234667778, 1005976.2734645903 240727.33782067895, 1005981.8334928453 240740.14914675057, 1006165.1887691766 240659.331723094, 1006166.1598958373 240658.41637058556, 1006166.9719020873 240657.543340832, 1006167.7802994251 240656.5564661771, 1006168.6631716788 240655.30285975337, 1006169.3455850035 240654.1578489244, 1006169.945977509 240652.96690642834, 1006170.551619336 240651.49709309638, 1006171.0778650045 240649.83371059597, 1006171.4436779171 240648.13063000143, 1006171.6254360974 240646.74414983392, 1006171.7110658437 240645.22085891664, 1006171.6733362526 240643.72119000554, 1006171.5086384267 240642.1575448364, 1006171.2156600058 240640.5916030854, 1006170.9298994243 240639.51877059042, 1006170.5519474298 240638.40820850432, 1006169.7609385103 240636.52304166555, 1006209.5325125009 240619.20286634564, 1006302.0244535059 240580.59467583895, 1006372.4547588378 240748.05792358518, 1006280.0402455032 240786.8501688391, 1006239.6522029191 240804.19659084082, 1006305.276415512 240963.49417249858, 1006306.9883543402 240967.6565657556, 1006307.4457025081 240969.0227047503, 1006307.6589566767 240970.07913309336, 1006307.7672241777 240971.1552464217, 1006307.7344158441 240972.59225142002, 1006307.5037732571 240974.01350842416, 1006307.0260839164 240975.5187547505, 1006306.6386175007 240976.37505225837, 1006305.8971491754 240977.60864558816, 1006304.9949200004 240978.7306905836, 1006303.945053339 240979.71494059265, 1006302.4588358402 240980.72871808708, 1006289.6931133419 240986.2766072601, 1006236.3769470006 241009.14401559532, 1006253.3716636747 241049.98678167164, 1006295.6442169249 241150.3497699201, 1006211.9212872535 241187.2768614292, 1006304.6845531762 241407.51493801177, 1006321.3528269231 241449.96203158796, 1006356.5204075128 241432.84067475796, 1006451.8296000957 241389.37455433607, 1006466.1107395142 241382.8266671747, 1006467.8620483428 241382.0271280855, 1006469.7321233451 241381.41689309478, 1006471.6776574999 241381.1347414255, 1006473.2524575144 241381.14786475897, 1006474.8075725138 241381.37752309442, 1006476.3167558461 241381.81715475023, 1006478.0982483476 241382.65048642457, 1006479.7124183476 241383.77253142, 1006480.8508675098 241384.85848724842, 1006482.0483716726 241386.42016392946, 1006482.963724181 241388.15900558233, 1006489.3111524284 241403.41422441602, 1006521.6188305914 241481.01905608177, 1006550.9124071747 241549.05205650628, 1006554.9150238335 241558.3725759238, 1006555.9360191673 241560.87519559264, 1006556.4806375057 241562.75511309505, 1006556.8284058422 241564.684243083, 1006556.9727625102 241566.6363389194, 1006556.9173164219 241568.59171558917, 1006556.7660700083 241569.88764475286, 1006556.375650838 241571.80693225563, 1006555.7851008475 241573.67372642457, 1006550.127959922 241587.9679891765, 1006544.6716060042 241603.06375950575, 1006540.0666283369 241617.1218022555, 1006536.0955076665 241630.60504300892, 1006531.9268808365 241646.38355475664, 1006528.8100891709 241659.93142792583, 1006525.4695446789 241676.66170942783, 1006522.931163922 241691.96614076197, 1006520.4603683352 241710.3138730824, 1006518.7510541677 241727.5316864252, 1006517.7549931705 241743.2832953334, 1006517.0253358334 241762.0952655822, 1006517.0122125 241779.40166142583, 1006517.5666733384 241796.69821475446, 1006518.6854375005 241813.9685214162, 1006520.2106969208 241829.57675792277, 1006520.436746344 241831.9976848364, 1006520.4475730956 241833.43272133172, 1006520.3553816676 241834.56559309363, 1006520.2011825144 241835.52031558752, 1006519.9301856756 241836.64006400108, 1006519.5896351784 241837.68599367142, 1006519.0558435917 241838.9343507588, 1006518.6208050847 241839.75587141514, 1006518.138850674 241840.5413029194, 1006517.37310417 241841.58985725045, 1006516.5814390928 241842.48618091643, 1006515.9203511775 241843.11117967963, 1006515.3324258476 241843.64365892112, 1006514.5647108406 241844.22764725983, 1006513.6116287559 241844.8441158384, 1006512.9144516736 241845.23158225417, 1006512.089650169 241845.65579400957, 1006471.8525259197 241866.2043093443, 1006511.7641915083 241953.39573600888, 1006555.8891032636 242053.70590284467, 1006477.8177370876 242088.17761866748, 1006499.2543740124 242136.91111700237, 1006577.3260682523 242102.43940117955, 1006587.9602333456 242097.5634266734, 1006598.9588990062 242122.37472875416, 1006588.1974375844 242127.15391866863, 1006510.1260714233 242161.6259625852, 1006530.9600192606 242209.26956808567, 1006609.1353878379 242174.75224867463, 1006620.1553789228 242170.01833425462, 1006657.5270233452 242255.54572226107, 1006680.0466633439 242305.60467725992, 1006750.3188325018 242450.87997725606, 1006809.8761280924 242595.78060609102, 1006848.3885182589 242684.12229292095, 1006867.8340174258 242728.5277159214, 1006885.4534047544 242720.92241616547, 1006889.5534621775 242730.05297534168, 1006934.193464756 242830.2565150857, 1006943.3148375899 242826.15744192898, 1007059.5504975021 243026.99988800287, 1007080.7781453431 243017.49432958663, 1007162.8852645904 243201.8007194996, 1007204.4107720852 243292.85106234252, 1007264.2515316755 243266.42788684368, 1007326.7376271784 243239.95221801102, 1007328.3130833358 243239.28719308972, 1007330.1014655977 243238.70648558438, 1007331.5840741694 243238.47354641557, 1007333.4607108384 243238.4702655822, 1007335.3111008406 243238.79178725183, 1007336.7353105843 243239.27406975627, 1007338.0768433362 243239.94992142916, 1007339.6024308354 243241.04571975768, 1007340.6719825119 243242.10214808583, 1007354.9311403334 243260.91575875878, 1007387.650563091 243304.33988450468))","BX","LP-02403","Yes","Grand Concourse Historic District","No","DESIGNATED","DESIGNATED","BOUNDARIES DIFFER (SLIGHTLY) FROM TIME OF PUBLIC HEARING","6/22/2010",,"10/25/2011","12/14/2009","17108.214432142955","4004474.138514795"
"POLYGON ((988433.7806625068 207832.79665450752, 988447.8245976716 207858.43046151102, 988492.7395340949 207939.5969658345, 988492.7736547589 207939.61008916795, 988498.5492337644 207950.04117067158, 988465.4466096759 207968.501107499, 988444.5683705956 207930.79416191578, 988367.1630135924 207973.96074225008, 988341.6535501778 207988.18676367402, 988382.3083245009 208061.92250858247, 988415.2373925 208121.64417392015, 988219.9428355843 208230.0265030861, 987968.4351365119 208369.02622509003, 987982.2937045842 208394.3513056785, 988030.3234641701 208481.34292958677, 988023.6705903411 208485.0168067515, 988026.3077241778 208489.79238775373, 988002.830080837 208502.7690678388, 988000.5193899274 208498.58042791486, 987935.8269340098 208534.3369180858, 987944.6467982531 208550.29489141703, 987878.9661553353 208586.5982965082, 987821.6749313474 208483.12835909426, 987807.3386739194 208457.9876613319, 987892.1085175127 208411.1750909239, 987880.0744208395 208389.44285091758, 987787.7146974206 208222.63773833215, 987773.9368378371 208197.71095092595, 987805.3560663462 208180.31925341487, 987794.0047110915 208160.21168209612, 987746.6803306788 208074.34833675623, 987788.4623993337 208051.26931467652, 987777.937157929 208032.1725680828, 987800.317690596 208019.74411524832, 987802.7310715914 208024.12304350734, 987808.6903772503 208020.81333884597, 987831.4209748358 208008.1906606704, 987829.0072657615 208003.8117324263, 987852.6873365045 207990.66149625182, 987816.8258596808 207925.59535342455, 987804.2573152632 207902.40478301048, 987856.7736144215 207873.27557617426, 987869.4491140097 207896.52815434337, 987895.0169762522 207943.5362624228, 987988.2710548341 207892.0258667618, 988020.3251245916 207874.32084967196, 987863.5131022632 207590.42574816942, 988175.7381995916 207417.75877067447, 988189.1636976749 207442.0789320022, 988234.7338165045 207524.6296199262, 988251.9375222623 207515.1266861707, 988271.0237701684 207504.58438442647, 988281.50898543 207523.56859841943, 988318.1880459189 207590.0212214291, 988330.0797544271 207611.48049609363, 988334.3684597611 207609.05333559215, 988347.4514388442 207632.49685825408, 988371.1174020022 207675.0702639222, 988330.6706325114 207697.23721434176, 988401.5057926774 207824.65034534037, 988412.5297207534 207844.5289145112, 988433.7806625068 207832.79665450752))","MN","LP-00251","Yes","Gramercy Park Historic District","No","DESIGNATED","DESIGNATED",,"4/12/1966",,"09/20/1966",,"3816.165772883358","425660.45538863895"
"POLYGON ((979737.79280518 189638.73396134377, 979745.1198902577 189643.02922834456, 979746.7603069246 189643.99084058404, 979755.7455251664 189649.25789041817, 979765.9351373464 189652.75164984167, 979772.380334422 189655.18045075238, 979779.706763342 189657.97145567834, 979793.9058819264 189661.1085885018, 979806.4695050865 189663.88450159132, 979829.4976742566 189668.24112017453, 979855.6380419284 189672.28638766706, 979879.6002643406 189676.02096025646, 979900.4499601722 189676.9546854198, 979919.5493314266 189674.9888100922, 979946.1952755004 189671.66466975212, 979948.9482227564 189671.24242649972, 979996.9199115932 189663.88450159132, 980005.0114308447 189662.32873041928, 980018.0809585005 189664.1958526671, 980020.8821340054 189665.75228001177, 980040.8853748441 189661.91370500624, 980060.7140753418 189658.59382975101, 980078.4522288442 189656.41601258516, 980085.9210459292 189656.1046615094, 980094.0122370869 189656.1046615094, 980102.4147793353 189657.0377305001, 980112.0620697588 189658.90485276282, 980122.9534521699 189662.01705124974, 980245.874138087 189750.78130942583, 980293.530866921 189785.19561067224, 980317.1338380873 189801.85535424948, 980400.1090658456 189859.99040858448, 980547.1097560972 189962.94131816924, 980559.5575658381 189972.58828049898, 980566.7153599262 189976.32219691575, 980580.7189408392 189984.72473917902, 980593.7887965888 189993.43764825165, 980596.278621003 189997.95043450594, 980598.7681173384 190002.4625645876, 980607.4813545048 190020.20039001107, 980613.0528656691 190029.52222175896, 980618.2037740052 190038.14031475782, 980629.9494854212 190057.68128617108, 980637.6669896692 190070.61433117092, 980644.8241275847 190083.37316392362, 980655.0937920958 190100.17759226263, 980681.2341597527 190145.922579512, 980704.5743361712 190183.57735984027, 980714.2203142643 190200.07010900974, 980716.7104667574 190203.80468158424, 980721.6894594282 190212.82959792018, 980742.3150743395 190246.10545000434, 980837.1423125118 190400.167805925, 980842.1016201675 190514.54323333502, 980846.1773994267 190603.24745225906, 980850.8397916704 190684.50975692272, 980855.7574327588 190758.20580375195, 980860.1212691665 190823.11873167753, 980860.1704816669 190823.8582314998, 980863.6422595084 190945.29926158488, 980863.7964586765 190955.64340101182, 980863.8118785918 190959.8668177575, 980864.9473750144 191037.61174100637, 980865.1494743377 191071.72322133183, 980786.417676419 191075.4581220001, 980786.417676419 191078.8806873411, 980775.8373170048 191079.81408442557, 980765.0414068401 191114.42589183152, 980761.2107058465 191126.49345301092, 980748.7632241696 191175.66133366525, 980741.6054300964 191172.23909641802, 980712.975894168 191200.24625825882, 980695.860442847 191208.9598235041, 980679.3670375049 191229.18714526296, 980673.9608803391 191236.22912591696, 980673.4894245863 191236.81639508903, 980683.7551520914 191246.32195350528, 980664.8644418418 191272.96232017875, 980669.2240131795 191278.2907215953, 980593.1772492528 191375.64977884293, 980574.1172480136 191360.67441508174, 980571.9564911723 191363.3748690039, 980559.4758730978 191378.48671542108, 980558.1730541736 191380.07923191786, 980557.3790924996 191381.04970242083, 980517.6911797523 191438.49250091612, 980515.6790446788 191440.1765526682, 980514.1301632524 191442.02005292475, 980507.2768305093 191451.37928617, 980493.2706249207 191473.50850699842, 980486.4271346778 191483.12134867907, 980480.203065753 191490.5891815126, 980464.9550647587 191506.46086892486, 980458.4196447581 191514.2397247553, 980449.6660533398 191527.52185042202, 980429.7904369235 191559.3633221686, 980420.1431465 191573.3672311753, 980396.1805960089 191604.48626342416, 980376.2649534196 191631.5606843382, 980367.53006275 191643.10003134608, 980360.7052732557 191650.85395283997, 980352.8922967613 191659.29652126133, 980325.8516684175 191685.08518359065, 980313.5429660082 191696.74624951184, 980305.001644507 191704.06808525324, 980298.4658964276 191708.7360549271, 980294.7319800109 191710.9145282507, 980291.3084304184 191712.7816504985, 980283.840269506 191715.8931928426, 980275.7490783334 191718.69436833262, 980259.5670240968 191722.11791792512, 980241.2068245858 191725.22913217545, 980216.311533168 191727.40826167166, 980205.730517596 191729.27472776175, 980175.8559054285 191736.7442010045, 980165.0554020852 191739.41381509602, 980163.5465468466 191739.7865177542, 980134.0781018436 191746.7796140015, 980131.6666893363 191746.49418149889, 980128.8658419251 191745.14575900137, 980123.4196585864 191741.0998353362, 980120.7746507525 191740.94465191662, 980117.6627803445 191741.41118642688, 980071.9174650013 191752.9255990833, 980066.9384723455 191755.7261184156, 980061.0257545114 191758.21561475098, 980047.8000591695 191761.6388362497, 980079.3396942616 191805.77654325962, 980094.7445190847 191794.19454541802, 980106.124745667 191806.76374600828, 980054.6533919275 191844.2160989195, 980044.5015093386 191827.27387559414, 980055.3167764246 191820.03766958416, 980018.3883725852 191768.81303450465, 980004.6206835955 191772.54202967882, 980019.7210470885 191830.77649325132, 980037.8568375856 191827.7538615018, 980041.8873413354 191848.91261184216, 979982.441594094 191864.0257705897, 979976.9002665877 191842.36341233552, 979992.0134253353 191837.32569275796, 979978.9845800102 191781.96983234584, 979970.1568417549 191784.9783565104, 979950.3671831787 191790.62368641794, 979903.3580908477 191804.07772774994, 979873.0648443401 191812.67482341826, 979825.7637578398 191827.30110651255, 979798.6598094255 191840.65967558324, 979786.2297161669 191848.19607783854, 979784.6860840917 191849.0838713348, 979767.5706327558 191857.4860855043, 979761.0352127552 191858.73181791604, 979751.3882504255 191855.93129858375, 979738.9404406697 191848.77252025902, 979728.3315380067 191850.6672015041, 979717.589761585 191852.45984883606, 979661.3799002618 191866.52970258892, 979630.0230075866 191877.0920174271, 979621.9321445078 191880.51458275318, 979608.5506095886 191883.00407908857, 979585.1500658393 191881.3899090886, 979561.7800338417 191884.25013959408, 979533.8998402506 191880.8498839289, 979502.8300205022 191874.30002824962, 979471.3143355101 191872.11269667745, 979419.0900305063 191864.3797724992, 979333.7663822621 191858.1091157496, 979253.0473835915 191852.47165983915, 979150.4501478374 191843.84011542797, 979105.3511566669 191842.86045858264, 979097.1602281779 191843.49989300966, 979089.0299950838 191843.19018234313, 979080.4552090913 191845.03926, 979068.0910605937 191847.25218209624, 979054.0038184226 191849.3958785832, 979030.2899550945 191849.71969683468, 978965.0026840866 191846.5953592509, 978954.5781642497 191845.70100408792, 978939.4846905023 191844.41688592732, 978926.1034836769 191844.10553483665, 978905.6566741765 191843.25350242853, 978885.8269894272 191839.05141109228, 978860.3181821704 191836.21119366586, 978829.952101171 191829.624264583, 978815.34320651 191824.34868459404, 978801.6116066724 191817.08918467164, 978789.0250176787 191807.9871687591, 978777.8295020014 191797.22078609467, 978768.2429070026 191784.9996819198, 978760.0801936686 191770.79465784132, 978743.6596228331 191721.49390342832, 978708.0609407574 191604.70411075652, 978646.7953152508 191403.70812167227, 978598.398430422 191350.64261101186, 978575.0608786792 191325.05407950282, 978541.7207222581 191284.4921527505, 978505.0718454272 191239.90529967844, 978504.0997345 191238.72255925834, 978431.9017161727 191145.25489842892, 978367.2791420072 191064.96306425333, 978295.3560575098 190972.7073432505, 978328.3300729245 190936.75006608665, 978341.3441545069 190922.23434709013, 978344.4625865966 190918.72877667844, 978355.2706358433 190906.57853850722, 978361.360518679 190899.661557585, 978369.485174343 190890.34924025834, 978380.4835119247 190877.74263817072, 978393.0976599306 190863.28367759287, 978402.7761182636 190852.19052392244, 978409.7800412625 190844.16232475638, 978413.7642852515 190839.59573283792, 978419.9161758423 190832.54390966892, 978430.7852485925 190820.0856012553, 978443.2274809182 190805.63943591714, 978456.6395275891 190790.0249658376, 978470.4803791791 190773.91148100793, 978483.3061409295 190758.9794242531, 978487.70016101 190753.86362083256, 978497.0744860917 190742.94960066676, 978507.7171813399 190730.55920550227, 978519.5662390143 190716.77412809432, 978520.9320499301 190715.186860919, 978532.7197560072 190701.48380434513, 978545.3552294225 190686.79584158957, 978557.5425410122 190672.62821900845, 978566.9522990882 190661.89169192314, 978602.7894977629 190617.9452574998, 978603.1874628365 190617.4685524255, 978613.3751065135 190605.57782816887, 978625.0624190867 190591.87509967387, 978636.8123955876 190578.18746300042, 978648.5000362545 190564.49982634187, 978660.2500127554 190550.81251776218, 978671.9373253435 190537.12488108873, 978683.6876299232 190523.43757250905, 978695.3749425113 190509.7499358356, 978708.3125806749 190494.9687974155, 978721.3122265935 190480.18733091652, 978734.2501928359 190465.40619251132, 978747.1875029206 190450.60930608213, 978760.1251410842 190435.82816767693, 978764.2360252589 190431.13132667542, 978768.534573093 190426.22024725378, 978773.0624511689 190421.04670117795, 978786.0624251664 190406.26556275785, 978799.0000633448 190391.48442433774, 978811.812373668 190376.2971187532, 978824.6250120848 190361.1091570109, 978829.3750025928 190355.46874834597, 978837.4376505017 190345.92185142636, 978850.2499608397 190330.74996575713, 978863.0622711778 190315.56266017258, 978875.8749095947 190300.37502650917, 978883.9375575036 190290.81238159537, 978888.6875480115 190285.18772092462, 978900.249860838 190271.70316784084, 978911.8748375922 190258.20319484174, 978923.4998143464 190244.71896983683, 978935.0624552518 190231.21866875887, 978946.6877600849 190217.73444375396, 978958.4374085069 190204.35947050154, 978970.1873850077 190190.99991717935, 978973.435081929 190187.285357669, 978981.9373615086 190177.6252720058, 978988.2401704192 190170.45894776285, 978993.6873380095 190164.2657186687, 979005.4376425892 190150.89041733742, 979016.9999554306 190137.3438564986, 979028.562596336 190123.81271559, 979040.1875730902 190110.26549859345, 979051.7498859167 190096.73435766995, 979063.312526837 190083.20321676135, 979074.8748396784 190069.65632784367, 979086.4998164177 190056.1248588413, 979098.062457338 190042.57829800248, 979106.9000380933 190032.2052872628, 979109.6300195009 190029.0402673334, 979149.5623543411 189984.9530851692, 979149.9891907573 189984.49606509507, 979150.4376806766 189984.01575109363, 979152.2500130087 189981.93734316528, 979161.1249952614 189971.79661542177, 979173.3749707639 189957.76580359042, 979185.6249462515 189943.71858759224, 979195.8749257624 189931.89052724838, 979197.8125859201 189929.6720277518, 979210.0625614226 189915.6251398325, 979222.2502010912 189901.57792383432, 979234.4998484999 189887.53136400878, 979244.8124919236 189875.67180767655, 979246.7501520962 189873.4841480106, 979258.937463671 189859.43758817017, 979271.8747737557 189844.49995400012, 979284.8124119192 189829.56231984496, 979297.7497220039 189814.64076176286, 979303.1877032518 189808.31269042194, 979310.6250243336 189799.7031275928, 979323.5626625121 189784.7658215016, 979336.4678204209 189769.81539209187, 979336.8749718368 189769.34360826015, 979349.3749468476 189754.8905531764, 979361.6249223351 189740.64058166742, 979373.9375617504 189726.40603008866, 979376.8840781748 189722.97887158394, 979402.0969542563 189693.664625749, 979410.6874882579 189683.6718635857, 979422.9374637604 189669.43764008582, 979435.1874392629 189655.18734051287, 979442.2500891685 189647.0938527584, 979446.9374157637 189641.68769559264, 979458.6250564307 189628.18739449978, 979470.3750329167 189614.68742150068, 979471.7500301749 189613.07817275822, 979482.1250094175 189601.1874485016, 979491.465541929 189590.3229689151, 979541.7941814214 189529.47663392127, 979542.941816926 189527.7328710109, 979545.1091354191 189529.00189733505, 979547.0923991799 189530.15379792452, 979557.9175087512 189535.80962650478, 979561.2639587522 189537.55798259377, 979602.3265406787 189559.0123360008, 979641.7929971665 189580.22357967496, 979649.9038733393 189584.58249484003, 979662.2250429243 189591.20485691726, 979672.9674755037 189596.97813934088, 979707.4024460018 189619.43544350564, 979713.3955442607 189623.34422834218, 979715.9732950032 189625.02368691564, 979721.9739391804 189628.7956610024, 979726.5559510142 189631.67557650805, 979729.3010242581 189633.4009667486, 979731.2406529188 189634.62012442946, 979735.4660381675 189637.27563092113, 979737.79280518 189638.73396134377))","MN","LP-01946","Yes","Governors Island Historic District","No","DESIGNATED","DESIGNATED",,"2/13/1996",,"06/18/1996",,"8183.725808877329","4097185.561409984"
"POLYGON ((981908.3209444284 206622.1301125884, 981906.264518097 206593.233844921, 981904.8865680844 206573.87528784573, 981903.5086180866 206554.51607458293, 981902.1306680888 206535.1571894288, 981900.752718091 206515.797976166, 981900.6113141775 206504.10902316868, 981897.2543655038 206458.87354934216, 981897.1451137513 206458.5152823329, 981897.0483291745 206458.15373450518, 981896.9636836797 206457.78956200182, 981896.8921615034 206457.42178058624, 981896.832778424 206457.05235876143, 981896.7865186781 206456.68064033985, 981896.7527260929 206456.30826576054, 981896.6956395954 206455.4047242552, 981895.6106680036 206438.1711629182, 981894.4686099291 206420.03438816965, 981893.3265518397 206401.89728534222, 981892.1844937503 206383.7601824999, 981891.0424356759 206365.62307967246, 981888.7586475909 206329.34920208156, 981887.6169175953 206311.21209925413, 981886.4748595059 206293.0749964267, 981885.3328014165 206274.93789358437, 981884.3426459283 206261.62328767776, 981883.4856922626 206250.0983763337, 981883.3524904251 206248.30802558362, 981883.5440910906 206247.80080875754, 981883.7527520955 206247.3011378348, 981883.9788015038 206246.80835667253, 981884.2215831727 206246.32377758622, 981884.4804409295 206245.84772866964, 981884.7560309172 206245.38053800166, 981885.8747950941 206243.79130233824, 981886.7301083356 206242.80377151072, 981888.1890949309 206241.4448503405, 981889.4476225972 206240.51178133488, 981890.799654007 206239.70633675158, 981892.0319350064 206239.1161148399, 981893.5893465877 206238.55181150138, 981895.591639176 206238.07937151194, 981897.0909800082 206237.90548734367, 981897.5929475129 206237.87924067676, 981897.9390754253 206237.9579806775, 981948.724078834 206249.66202551126, 982034.0050762594 206269.31552951038, 982080.7316888422 206280.08388067782, 982112.1381220967 206287.32271133363, 982139.4356396794 206295.16423109174, 982170.7210101783 206303.51559233665, 982190.3905902505 206405.13973292708, 982209.4801190048 206516.00237208605, 982214.6687569171 206542.55743709207, 982237.1864284277 206656.0805040002, 982265.1148502529 206800.4276562482, 982315.5022166669 207057.772942096, 982056.8787181675 207008.50565217435, 981928.6919666678 206984.08673775196, 981927.9439366758 206961.81775341928, 981926.9445948452 206944.1238911748, 981926.006604597 206927.97989459336, 981925.0686143339 206911.83589801192, 981924.1306240857 206895.6919014156, 981923.9623173475 206892.7939413339, 981923.1926338375 206879.54790483415, 981922.1056937575 206861.25824326277, 981921.9216390103 206858.1532625854, 981921.0194098353 206842.96825358272, 981919.9327978343 206824.67826391757, 981919.5646883398 206815.6517071724, 981919.4118015021 206811.9033550918, 981919.2202008367 206807.20782642066, 981918.507603839 206789.7380450964, 981917.7950068414 206772.26793567836, 981917.1398244202 206755.66265392303, 981917.1345750839 206755.4523525089, 981917.134247005 206755.24237917364, 981917.1391682625 206755.03273391724, 981917.1549162567 206754.73319384456, 981917.1808348447 206754.4343099296, 981917.2172520906 206754.13641025126, 981917.2638399303 206753.84015101194, 981917.3202702552 206753.5452040881, 981917.386871174 206753.252553761, 981917.4636426717 206752.96285617352, 981917.5502566695 206752.6754551679, 981917.6467131674 206752.39133501053, 981917.7526840866 206752.1108237505, 981917.8684975058 206751.8339214176, 981917.9938253462 206751.56128416955, 981918.1276833415 206751.29291200638, 981918.2713838369 206751.0294610858, 981918.4239425957 206750.77125950158, 981918.5850315094 206750.51797917485, 981918.7549786717 206750.27060434222, 981918.9331279248 206750.0291350037, 981919.1194792539 206749.79422733188, 981919.3140326738 206749.56555326283, 981919.5158039182 206749.34409700334, 981919.7254491746 206749.12920242548, 981919.9423122555 206748.9221818447, 981920.1660650969 206748.7223790884, 981920.3967076689 206748.5304503441, 981920.6335838437 206748.3460675031, 981920.8766935915 206748.1705429256, 981921.1257088333 206748.00322042406, 981921.3803015053 206747.84442809224, 981921.6404715925 206747.69482208788, 981921.9052348435 206747.55407433212, 981922.174919337 206747.42218483984, 981922.4488689303 206747.30013783276, 981922.7267554998 206747.18727716804, 981923.0085790902 206747.08393092453, 981923.2933554202 206746.99009908736, 981923.5817406774 206746.90643784404, 981923.8724225014 206746.83294717968, 981924.1657290012 206746.7692990005, 981924.460675925 206746.71549333632, 981924.757591337 206746.67218634486, 981925.0558190942 206746.63904991746, 981925.355031088 206746.61575600505, 981925.6548992544 206746.60296075046, 981925.9547674209 206746.6006641686, 981926.2546355873 206746.6085381657, 981926.5541756749 206746.6269108355, 981926.852731511 206746.6551260054, 981927.1503030956 206746.69351175427, 981927.446234256 206746.74239617586, 981930.0771345049 206747.2276314199, 981944.4924600124 206749.88313792646, 981961.7726091743 206753.0878559202, 981979.0524302572 206756.2929020077, 981996.332579419 206759.49827617407, 982013.612400502 206762.7029941678, 982030.8925496787 206765.9080402553, 982050.2337183356 206769.74267825484, 982056.2940736711 206736.85626108944, 982074.8383279294 206639.26590508223, 982068.9449670017 206638.0989126712, 982004.7256072611 206625.38732391596, 982003.3771847636 206614.27120442688, 981919.0604242533 206621.46180683374, 981908.3209444284 206622.1301125884))","MN","LP-02184","Yes","Greenwich Village Historic District Extension","Yes","DESIGNATED","DESIGNATED",,"10/18/2005; 12/13/2005",,"05/02/2006","09/20/2005","2516.31460663251","225488.31712908845"
"POLYGON ((982115.3835224211 208426.03792208433, 982131.5330964178 208425.98542875051, 982131.6498940885 208448.67993716896, 982131.7709568441 208534.46126167476, 982137.4914178401 208534.49833509326, 982155.521237418 208534.61546084285, 982166.0225287527 208534.68337409198, 982246.9180362523 208535.20797933638, 982250.8566766679 208535.23356984556, 982260.9143993407 208535.29885841906, 982339.5333365947 208535.80804376304, 982339.4988878369 208511.52725242078, 982438.6801199168 208512.16340599954, 982460.7660337538 208512.20146366954, 982460.9382775128 208526.52426967025, 982486.0041722506 208526.15878483653, 982547.2228818387 208526.13909983635, 982582.08829768 208526.12827308476, 982581.6896764189 208509.5282406658, 982626.8382081687 208509.51380500197, 982626.3513325006 208489.2592523396, 982694.5762616694 208489.252362594, 982735.047309339 208489.1286751777, 982742.3186202496 208549.2633974254, 982756.2398522496 208664.38258975744, 982758.2654387504 208680.88091634214, 982724.62902309 208680.55020834506, 982642.1911958456 208679.34089317918, 982642.4041219205 208697.27884942293, 982678.596634835 208762.75083133578, 982591.419971928 208810.63196916878, 982574.1821455061 208820.1611495912, 982597.1095930934 208861.75063334405, 982604.7342497557 208876.51110251248, 982612.3589064181 208891.26829083264, 982638.8910055906 208935.9007475078, 982639.4769624174 208936.72259625793, 982640.73089692 208938.06708174944, 982642.2725605071 208939.23013716936, 982644.2659948468 208940.20224808156, 982646.0986683369 208940.7448979169, 982647.545843929 208940.85152500868, 982648.6495162547 208940.84102633595, 982650.3378330916 208940.60119742155, 982652.2692596763 208939.97619867325, 982653.5930759311 208939.2931291759, 982752.7227989286 208884.0422554165, 982754.0925468355 208883.41233542562, 982755.2621639222 208882.5934394151, 982763.1013870835 208930.26263542473, 982780.4373104274 209069.15212142467, 982788.2935939282 209135.33177909255, 982788.215838179 209136.31734141707, 982788.0839486718 209137.0220644176, 982787.7240412533 209138.1667471677, 982786.9051452577 209139.70808267593, 982855.7481834292 209204.32540750504, 982857.2439153343 209202.97567267716, 982859.1835440099 209201.7358457595, 982907.371439755 209175.6410816759, 982935.7063568383 209159.91768792272, 982951.1052761674 209151.37242941558, 982958.9582788348 209165.56728291512, 982984.9874262512 209211.87952625751, 982941.9074599296 209235.92672225833, 982978.4142766744 209300.87934824824, 982996.5057759285 209333.07055683434, 982904.9610115141 209383.60785733163, 982894.226124838 209389.53435467184, 982872.8012989163 209351.23489059508, 982870.6165920049 209345.68601717055, 982796.0934470892 209386.89295575023, 982686.6645320952 209447.5371914208, 982690.8003505915 209454.94531309605, 982668.442783758 209467.33570826054, 982647.2597552538 209479.17656384408, 982639.1515037566 209464.57193425298, 982595.6214070916 209488.69590175152, 982378.7071427554 209608.90793167055, 982433.8871505111 209707.86475475132, 982437.8431793451 209714.91789025068, 982370.3121464252 209752.21670016646, 982366.4542145133 209745.23541492224, 982257.2805483341 209549.52583259344, 982252.9665805846 209541.57702958584, 982185.4549045861 209579.15274183452, 982147.5849015862 209510.70274750888, 982097.927520588 209419.9942675084, 982211.7015712559 209356.77851466835, 982224.7622406781 209349.44618025422, 982173.7459385097 209256.31218017638, 982171.8647086769 209252.98574325442, 982171.333213672 209252.25641401112, 982170.735773921 209251.49394834042, 982169.8499489278 209250.62780833244, 982169.1294779181 209250.10287500918, 982168.5376155972 209249.62715417147, 982168.0874852538 209249.34336209297, 982165.5684614182 209248.20655333996, 982147.0442202538 209215.57079184055, 982185.4568730891 209193.9284466654, 982184.1114033461 209192.7906536758, 982183.5247903466 209192.1088965088, 982183.0238070935 209191.41992150247, 982182.3259738386 209190.237837255, 982182.0428379178 209189.73619784415, 982181.8502530009 209189.39499117434, 982181.6681667566 209189.07281333208, 982181.4578653425 209188.69978259504, 982179.1507833451 209184.6125204265, 982172.5618857592 209172.9429243356, 982163.7876250893 209157.412771672, 982155.0127082616 209141.88163475692, 982146.0580017567 209126.03225700557, 982137.2794760019 209110.4952145964, 982128.4182732552 209094.8315320015, 982119.7224245071 209079.59042075276, 982110.9379932582 209064.1944541782, 982102.1676695943 209048.82309383154, 982093.4173590094 209033.48683841527, 982084.6155393422 209018.0597039163, 982076.4495451748 209003.8714120835, 982075.8878665119 209002.6945771724, 982075.6962658465 209002.22476184368, 982075.5315680057 209001.76478900015, 982075.4105052501 209001.3832280934, 982075.3133925945 209001.03710016608, 982075.1929860115 209000.54005391896, 982075.1290097535 209000.23231175542, 982075.0542067587 208999.80481916666, 982075.0000730008 208999.4104630053, 982061.687763676 208948.37480391562, 982061.2405860871 208942.76884400845, 982061.0001010001 208939.7524458319, 982060.0030557513 208927.2537831664, 982058.4905915856 208908.30270558596, 982056.9853452593 208889.43791392446, 982055.4636947513 208870.36150850356, 982053.9604169279 208851.52526009083, 982052.4325328469 208832.37569208443, 982050.9266303331 208813.50105792284, 982049.4112134278 208794.51159459352, 982047.8961245865 208775.5221312493, 982046.3833323419 208756.56416392326, 982044.8679154217 208737.57141976058, 982043.3626690954 208718.70334725082, 982041.8462679237 208699.70371334255, 982040.5598531663 208682.67487600446, 982040.8613617569 208681.16339609027, 982041.0368863344 208680.6151688397, 982041.2813084275 208679.99148242176, 982039.100866586 208634.38429017365, 981985.6731519252 208633.75666674972, 981773.7362398356 208631.0509635061, 981621.8539976776 208629.8954540044, 981619.6082672626 208629.88134641945, 981618.3877972513 208629.67465391755, 981616.0190355927 208628.9594322592, 981614.6456787586 208628.32787184417, 981613.588266179 208627.72813551128, 981612.9465351701 208627.3065484166, 981612.0515238345 208626.62872825563, 981610.8878122568 208625.59001642466, 981610.051199764 208624.68122558296, 981609.293327257 208623.70353725553, 981608.6174755841 208622.6700747609, 981608.0269255936 208621.58083808422, 981607.611244008 208620.6313649267, 981607.2526489198 208619.64186559618, 981606.8868360072 208618.33445350826, 981606.6194480956 208616.86299975216, 981606.5790938437 208616.16615074873, 981606.5528471768 208615.71044300497, 981606.5190545917 208615.12284575403, 981604.4524576664 208579.34306167066, 981603.3671580106 208560.55372917652, 981602.3648634255 208543.19877700508, 981599.7526639253 208497.96888059378, 981597.7490590066 208427.9903459996, 981618.7096469998 208428.2410016656, 981642.4986414164 208427.98706516623, 981661.0350216776 208427.81908650696, 981683.3128642589 208427.72755125165, 981757.3287923336 208427.4237460941, 981949.2785396725 208426.63536183536, 981973.456640929 208426.53595258296, 982004.4598597586 208426.40734392405, 982041.3390510976 208426.2839845866, 982115.3835224211 208426.03792208433))","MN","LP-02132","Yes","Gansevoort Market Historic District","No","DESIGNATED","DESIGNATED",,"3/18/2003",,"09/09/2003","02/11/2003","5815.083450174932","790507.6901739937"
"POLYGON ((985638.5454393476 195636.619275257, 985666.2412500978 195609.8571896702, 985670.9095478356 195613.901801005, 985700.1611297578 195588.0731125027, 985727.5524791777 195558.51969392598, 985690.3589840084 195506.54046717286, 985553.9501360953 195598.0501266718, 985517.4600515962 195500.56016416848, 985622.2902225107 195448.28238159418, 985619.7524979264 195442.76795692742, 985615.853227511 195433.46548208594, 985609.7213500142 195418.8369024247, 985599.3886935115 195394.18734541535, 985614.0080868453 195386.42554992437, 985627.8965105116 195379.05220508575, 985641.3974677622 195371.88424041867, 985674.8301436752 195354.13427592814, 985691.7736793458 195345.1306850016, 985690.2244698405 195341.7871877551, 985682.2973203361 195324.6805946678, 985674.806521669 195308.51592883468, 985666.8101465851 195291.26038591564, 985658.487328589 195273.30012001097, 985649.5398399234 195253.99208775163, 985629.9102860093 195211.62767116725, 985763.9024720937 195151.25279192626, 985787.2738164216 195140.61698642373, 985789.6803076714 195139.59172600508, 985807.85514009 195131.850271672, 985813.0710089207 195129.6291474998, 985837.0706328452 195119.4073831737, 985857.901627928 195110.53535367548, 985876.973768264 195102.41233842075, 985893.3300347626 195095.44614501297, 985908.4303982556 195089.9084264189, 986038.2664246708 195042.28155317903, 986042.8848537505 195051.98166500032, 986058.3195341676 195084.53901459277, 986061.6138189286 195082.8506977558, 986062.9140131772 195085.59314633906, 986076.8910193443 195081.1610685885, 986113.3729017526 195145.7541152537, 986154.309499681 195217.44688525796, 986193.1709705144 195229.66339625418, 986183.659834668 195254.80704675615, 986149.9328680038 195350.28684267402, 986089.9100221694 195323.98637034, 986017.8491426706 195501.89907225966, 986008.5916152596 195524.72743867338, 986165.977127254 195517.63821400702, 986315.5601614267 195511.14905375242, 986480.502744928 195505.24486608803, 986699.5603776723 195497.40597100556, 986700.6279608458 195520.40625308454, 986703.2355671674 195578.76341983676, 986791.4237110019 195575.80213966966, 986836.8435676694 195574.1627072543, 986841.0440185964 195709.341242671, 986842.1565491706 195748.88250216842, 986799.5637865961 195751.00224858522, 986805.2547200918 195873.4954419285, 986803.9643683434 195873.12634816766, 986800.2304519266 195871.57090508938, 986797.8902335018 195870.400631845, 986796.1848563403 195869.54761517048, 986793.3062531799 195866.5138285905, 986791.2052075118 195862.85701175034, 986789.9604593366 195859.4337902516, 986789.5690559298 195857.39934550226, 986788.4046881795 195851.3425990939, 986782.2219577581 195813.88368450105, 986781.8699243367 195811.8210245818, 986781.4375105053 195804.76067125797, 986780.9361991733 195796.57302358747, 986779.0687488467 195787.5484353453, 986778.135679841 195784.74725984037, 986777.1241989285 195782.41327500343, 986775.2570766807 195780.50711083412, 986772.5339850038 195779.14589308202, 986767.8663434237 195776.344717592, 986761.2436532527 195774.97037650645, 986753.7699149251 195773.4195265919, 986751.3726100028 195772.922152251, 986746.7338397503 195771.27287733555, 986739.4152848423 195768.67052033544, 986737.3690290898 195767.94283150136, 986734.4769745022 195767.50451217592, 986727.0996926725 195766.38738842309, 986721.498325929 195765.764030084, 986715.2739289254 195764.2089150846, 986705.3979644179 195764.42315350473, 986700.9593250006 195764.51961000264, 986692.2821770012 195765.26764000952, 986682.9104765952 195766.07538117468, 986671.4990820885 195767.40674333274, 986664.2385979295 195768.25385449827, 986648.0568717569 195771.9890832603, 986625.9617715925 195773.85489317775, 986611.0244655013 195774.16624425352, 986604.9818266779 195775.0665049255, 986599.1993579268 195776.65606866777, 986588.9700476676 195780.65015517175, 986572.8700142503 195788.730191499, 986562.2801404297 195792.4998690039, 986546.6075995862 195796.26232866943, 986543.0370686799 195797.6901473403, 986532.6036905944 195801.86303925514, 986527.8714165837 195804.47425450385, 986523.5794304311 195806.84236000478, 986521.0892779231 195808.0874362588, 986517.8760297596 195810.41945259273, 986513.9321400076 195813.37745192647, 986508.9531473368 195818.35644458234, 986504.8370138407 195823.42795675993, 986496.9659665972 195833.79309350252, 986492.7707650065 195839.82851450145, 986491.1073825061 195843.15560759604, 986489.6595507562 195846.05225533247, 986483.7465048432 195856.01089683175, 986481.2570085078 195861.30058442056, 986471.5883926749 195878.36354242265, 986459.473587513 195899.88941800594, 986456.6727400869 195907.3569227606, 986453.9247140884 195913.65513850749, 986449.2042510957 195924.4733583331, 986446.226238668 195933.59210650623, 986444.2246022522 195939.72135934234, 986442.9795260131 195948.4349245876, 986439.2456095964 195965.55070400238, 986438.0008614212 195973.95324625075, 986436.134395346 195976.75376558304, 986431.4657695144 195980.79903309047, 986428.5005523413 195984.13498441875, 986426.4867768437 195986.40072792768, 986420.5737309307 195989.51259833574, 986414.973020345 195992.00209467113, 986409.6826765835 195992.9364760071, 986402.2138595134 195994.49159100652, 986393.1895993352 195995.11363700032, 986388.8323245943 195996.04769025743, 986385.707002759 195996.2789890021, 986380.4304385036 195996.66973625124, 986370.2149077505 195996.54506458342, 986366.1155065 195996.3590413332, 986360.4016071707 195995.69959384203, 986358.0239872634 195995.424988091, 986341.5381278396 195995.2970355898, 986335.3068410903 195995.11363700032, 986329.6382172555 195994.77013374865, 986325.0378327519 195994.49159100652, 986311.03392376 195993.24717092514, 986305.1212059259 195993.24717092514, 986300.7645873427 195992.6244687587, 986298.2750910074 195992.46895726025, 986294.0743120015 195992.6244687587, 986291.5861280113 195992.57591241598, 986273.9073575884 195992.22978450358, 986243.5940980017 195991.63693791628, 986222.7109376788 195991.22880224884, 986214.5643004179 195991.0693537593, 986201.831714347 195991.30491758883, 986153.9322038442 195992.19139875472, 986130.5418306738 195992.6244687587, 986125.2767493427 195992.05360375345, 986090.4369240105 195988.2757241726, 986078.8837975115 195987.02310200036, 986075.1495530009 195985.93386533856, 986071.4914238453 195983.90762266517, 986069.3093415946 195982.70290067792, 986068.8060617596 195982.42862300575, 986068.1302100867 195982.0605135113, 986065.8142698407 195980.79903309047, 986062.0790410936 195979.55494108796, 986051.8100327551 195976.75343750417, 986047.6571539193 195975.75311142206, 986045.9898344278 195975.35120934248, 986038.8953604251 195973.64222325385, 986037.8454937637 195973.11728991568, 986035.4724670053 195971.93061250448, 986034.2244380116 195971.01526001096, 986032.7766062617 195969.94734875858, 986030.6489858329 195968.3518795073, 986026.5751750916 195963.29742766917, 986024.7356118411 195961.19441351295, 986022.5971646756 195959.7137734294, 986020.6358825117 195958.2492094189, 986018.5938918442 195957.03661341965, 986014.7379284203 195955.4427845925, 986013.3583380133 195954.98281174898, 986006.1280375123 195953.32139775157, 986003.2202349305 195952.28006125987, 985997.869851917 195949.68262550235, 985993.94006975 195947.3000843376, 985985.9699413329 195941.59996449947, 985979.0700207502 195937.11014409363, 985976.1422050893 195935.63770608604, 985974.1727208346 195935.21611900628, 985967.7068545073 195951.55663751066, 985967.2029184997 195950.76956558228, 985902.6764727533 195909.75783659518, 985902.2814604193 195906.76243574917, 985778.7200277597 195833.0785280019, 985766.5028605908 195851.80060341954, 985718.0383905917 195822.0066997558, 985699.0384285897 195803.7190066725, 985702.488552928 195797.87387400866, 985692.5430347621 195791.37782400846, 985692.3812896758 195784.43656492233, 985701.4065340906 195774.16624425352, 985701.0948549211 195754.09476208687, 985669.6644715965 195769.49925884604, 985630.1432251781 195689.5220565945, 985657.5352307558 195675.18875192106, 985643.5237758458 195646.5775886774, 985646.01360026 195643.77674125135, 985638.5454393476 195636.619275257))","BK","LP-00956","Yes","Fulton Ferry Historic District","No","DESIGNATED","DESIGNATED","PREVIOUSLY HEARD AS PART OF LP-0897; PREVIOUSLY DESIGNATED AS PART OF LP-0904 (RESCINDED BY BOE)","3/8/1977",,"06/28/1977",,"4898.699182937734","628761.1882469043"
"POLYGON ((1010305.3389534205 266887.40229834616, 1010291.8717887551 266832.54151567817, 1010248.2524534166 266655.39095133543, 1010227.9696855843 266573.9422953427, 1010223.7807175964 266558.4774312526, 1010219.8158305138 266543.8393371701, 1010214.810919255 266530.0814906657, 1010207.1967612505 266509.1510863453, 1010198.345401004 266490.38636009395, 1010192.6935094297 266478.40377250314, 1010192.2240221798 266476.93231876194, 1010191.9769754261 266475.5901298374, 1010191.9713980108 266474.4201846719, 1010192.0386550874 266472.6892170012, 1010192.1442979276 266471.9864625037, 1010192.5822891742 266470.5428958386, 1010193.2676552534 266469.0930955857, 1010194.138716504 266467.7945417613, 1010195.2479662597 266466.58588275313, 1010196.3296570033 266465.70235434175, 1010197.6620034277 266464.89395700395, 1010198.4480910897 266464.55668734014, 1010199.3043885976 266464.24172733724, 1010200.280108422 266463.9661373347, 1010216.6475297511 266417.6365055889, 1010207.2971547544 266414.25035750866, 1010196.2423868477 266409.75233501196, 1010184.3483817577 266404.3294455856, 1010175.0039122552 266399.59225033224, 1010163.9169921726 266392.6742851734, 1010152.3822383434 266385.4295490086, 1010138.3340380937 266376.6064039171, 1010125.2205472589 266368.37019991875, 1010112.6333020926 266360.4647039175, 1010101.7691505849 266353.75474359095, 1010086.4289581776 266343.70259833336, 1010068.1570130885 266330.3863520026, 1010053.115704596 266318.1842766702, 1010042.4766182601 266308.83783867955, 1010035.6872617602 266302.5655415058, 1010026.829339847 266293.9090627581, 1010021.1092069298 266287.98978325725, 1010016.038022846 266282.5764082521, 1010008.1472905874 266274.19912841916, 1009998.0613527596 266264.3543318361, 1009991.5062477589 266256.93472725153, 1009985.6004196703 266249.38651400805, 1009979.7818617523 266240.91605851054, 1009977.1499772519 266236.67230059206, 1009972.9341064245 266229.11850991845, 1009968.5200732499 266220.0575044155, 1009965.8524276763 266213.7789736688, 1009961.8275013417 266202.54080717266, 1009959.4456163347 266194.1392491758, 1009956.5004122555 266180.12680999935, 1009955.3944433331 266172.1501199156, 1009954.5496287644 266161.52415692806, 1009923.8954905868 266164.3492825031, 1009817.3838925958 266173.29841159284, 1009811.1716346741 266091.4265280962, 1009811.1811490953 266019.22949400544, 1009811.1991936713 265882.2366577536, 1009785.1490489244 265882.56835000217, 1009756.8620320112 265803.69186733663, 1009753.8423530012 265793.21846309304, 1009752.1005585939 265786.1699207574, 1009749.8394082636 265775.99474425614, 1009746.8617239296 265758.231984511, 1009744.5589070022 265730.27731600404, 1009737.5431730002 265730.7553334236, 1009735.8643705845 265688.67405276, 1009734.5648325086 265645.97006991506, 1009733.1960688382 265604.32284350693, 1009731.4965971708 265555.83409534395, 1009726.5970006734 265425.664736256, 1009826.9275086671 265426.476742506, 1009827.1368258446 265391.4249753356, 1009797.5266488343 265391.1753039211, 1009798.245151341 265271.00625292957, 1009843.301163584 265271.4006090909, 1009843.8720285892 265175.45985609293, 1009947.1293680072 265176.3161535859, 1009947.2592890114 265166.3089557588, 1009843.9317397624 265165.4598760903, 1009844.3612008393 265093.23528300226, 1009823.3618990034 265093.06664817035, 1009823.831714347 265014.570742175, 1009788.8308000863 265014.6350465119, 1009789.559145093 264892.88430576026, 1009789.9554697573 264833.66329558194, 1009784.3340899199 264833.63376808167, 1009784.319982335 264724.19140167534, 1009811.8195992559 264724.314432919, 1009811.8235362619 264716.3144489229, 1009823.3235132545 264716.36530183256, 1009823.3326995969 264696.3653418422, 1009834.3326775879 264696.4145543426, 1009834.4803150892 264376.59203125536, 1009847.980944261 264376.6520705074, 1009847.9993169308 264336.65215051174, 1009848.0272040069 264276.6512862593, 1009831.8271051794 264276.5791079253, 1009831.806107834 264216.57824367285, 1009837.3523565978 264176.6026018411, 1009837.341857925 264146.6023337543, 1009852.2821167558 264146.66926275194, 1009859.2578245848 264076.69958642125, 1009820.4403169304 264076.5263584256, 1009819.9268665016 263952.83664517105, 1009820.2821807563 263940.3501215875, 1009836.7516360134 263941.76284842193, 1009856.0852587521 263944.5266224295, 1009868.851637423 263946.3517500013, 1009901.6671885848 263951.0731972605, 1009937.3452668339 263956.67062701285, 1009974.3999827504 263962.54922416806, 1010052.411965847 263973.80740375817, 1010055.8702922612 263959.7785604149, 1010058.7836722583 263947.9629672617, 1010060.7823559195 263944.47052016854, 1010070.2971006781 263927.84752191603, 1010082.4712889194 263906.5785355866, 1010100.922695592 263885.79708108306, 1010103.501430586 263882.89419975877, 1010120.7405693382 263870.6383187622, 1010129.3215889186 263864.5412180871, 1010132.8921198398 263863.2813780904, 1010145.1637488455 263858.95822399855, 1010180.8175489306 263846.8772114217, 1010193.8424572498 263841.8083239198, 1010198.8096389174 263839.6298505962, 1010201.8568769246 263838.20859359205, 1010206.4995841682 263835.95728576183, 1010216.1160347611 263830.87002559006, 1010220.318782255 263828.4487705827, 1010224.4690364301 263825.9389330894, 1010230.9631179273 263822.6459606737, 1010255.1251430959 263810.39434476197, 1010256.9000739306 263809.7184930891, 1010257.8252689242 263809.48883475363, 1010259.2284813374 263809.3008430004, 1010260.6631897539 263809.26245725155, 1010261.611350596 263809.3411972523, 1010262.549668923 263809.4986772537, 1010264.3738122582 263810.033453092, 1010266.0864072591 263810.8569422513, 1010266.8869305849 263811.3720330894, 1010269.4853505939 263813.9022117555, 1010275.2333705872 263819.49996958673, 1010291.2559763342 263835.1045971662, 1010300.072559759 263843.69152225554, 1010302.9662547559 263846.4999155849, 1010305.7615247518 263849.41329558194, 1010308.4485272616 263852.4218197614, 1010311.0239814222 263855.5254880935, 1010313.4911680967 263858.7177389264, 1010315.7713472545 263862.57271808386, 1010316.9980508387 263865.05434042215, 1010318.064321667 263867.3512518406, 1010318.8159605861 263869.21410900354, 1010319.4327572584 263870.74199308455, 1010319.8740293384 263872.1248643398, 1010320.3530310094 263873.6274860054, 1010320.7943030894 263875.0103572607, 1010321.1847222596 263876.65274241567, 1010321.468842417 263877.8466376662, 1010321.8310464174 263879.37058475614, 1010322.0190381706 263880.54840391874, 1010322.2992213368 263882.3049620837, 1010322.5364255905 263883.7931480855, 1010322.6489581764 263885.1491165012, 1010322.7650996745 263886.5464234203, 1010322.9071597606 263888.25836224854, 1010323.0577500015 263912.3419755101, 1010323.7555832565 264047.76821383834, 1010403.7524705082 264048.3577795923, 1010455.2969868332 264049.09235817194, 1010455.5292698443 264044.0946647525, 1010527.7400834262 264045.12386217713, 1010528.1301745027 264075.4712424278, 1010527.7256477624 264102.80813001096, 1010544.242347002 264087.6667560935, 1010559.5654790848 264073.61921200156, 1010581.0103180856 264053.9601305872, 1010584.1700886786 264050.64255192876, 1010588.0739522576 264046.7915097624, 1010591.7812939286 264043.3892855942, 1010595.6001839191 264040.11173309386, 1010602.4941990077 264034.7505233437, 1010607.5434015095 264031.1340607554, 1010611.9124872535 264028.3433839232, 1010618.0053228438 264024.7662913352, 1010621.9633201808 264022.62390717864, 1010621.6375334263 263995.6331475079, 1010623.5240125954 263911.00273934007, 1010626.239886418 263902.2045285851, 1010629.4452605844 263895.85808458924, 1010632.7808838338 263891.0014670044, 1010636.5794326663 263886.6868430823, 1010640.2697140127 263883.32923825085, 1010644.1597980857 263880.45161934197, 1010649.1345256716 263877.5526750088, 1010655.3648281693 263874.9286645055, 1010659.1892955899 263873.79677700996, 1010665.3083778471 263872.6675141752, 1010707.2003544271 263874.49428217113, 1010705.6468798369 263915.0535842627, 1010708.1334234178 263915.31572283804, 1010710.783680588 263868.4637824297, 1010832.7338960022 263927.6198320836, 1010830.3871159256 263934.1470500082, 1010899.521164 263941.4951324165, 1010922.5381783396 263889.87482884526, 1010927.2809510082 263879.5900725126, 1010934.7694530934 263887.5332980901, 1010939.6349289268 263892.2380130887, 1010944.4282264262 263896.572322011, 1010949.8251972497 263901.14875642955, 1010955.1368664205 263905.34166142344, 1010960.5863305926 263909.3574014157, 1010969.8825718462 263915.5611291677, 1010980.3697555959 263922.1231239289, 1010991.9419109225 263928.6992262602, 1011000.8631529212 263933.36325892806, 1011006.8296764195 263936.32257059216, 1011018.6006502509 263941.59421359, 1011025.1760964245 263944.3442080915, 1011041.1540828347 263950.186059922, 1011053.5684280843 263954.1210914254, 1011065.7462252527 263956.3970054984, 1011087.7068112642 263959.41635642946, 1011106.7943715006 263960.963269338, 1011126.8031897545 263961.5817064196, 1011139.0899105966 263961.3914180845, 1011162.2296280861 263959.12108142674, 1011187.3775436729 263955.4531097561, 1011204.0842031687 263953.4370376766, 1011328.0921572596 263951.82450808585, 1011366.5343375951 263955.53677099943, 1011416.0991990864 263960.1558562517, 1011469.5541446805 263963.90158367157, 1011504.2919360846 263965.99803617597, 1011540.6337269247 263967.6610905826, 1011548.3410605937 263968.0482289195, 1011549.4631055892 263968.28772975504, 1011550.5457805842 263968.67486809194, 1011551.5628389269 263969.20636308193, 1011552.4978764206 263969.87237225473, 1011553.3377697617 263970.6564914286, 1011554.0595530868 263971.5488780886, 1011554.6373078376 263972.4976950884, 1011557.7531152517 263979.7680217624, 1011559.6205655932 263984.16663500667, 1011611.1660661697 263988.97404009104, 1011786.0125012547 264002.3047220856, 1011779.5246533453 264081.8767414242, 1011774.881618008 264138.8224936724, 1011806.4721060097 264212.98507501185, 1011875.8699330837 264365.6340479255, 1011951.5433381796 264333.094742924, 1011978.4448591769 264397.7018971741, 1012000.8103000075 264451.41570051014, 1011948.496756345 264483.9700973332, 1011863.4605090916 264546.84267500043, 1011832.2525662631 264571.63396400213, 1011844.5796413422 264588.2809123397, 1011853.5556732565 264599.80385516584, 1011859.7118289173 264607.33238342404, 1011865.440820083 264614.2421465069, 1011868.9572172612 264618.4340672493, 1011869.6045256704 264619.4219261706, 1011870.3581330925 264621.25558392704, 1011870.659969762 264623.24376891553, 1011870.5113480091 264625.0547889173, 1011870.2465847582 264626.0784089267, 1011869.6822814196 264627.4005847573, 1011868.981823504 264628.4996639192, 1011868.1304472536 264629.4642289281, 1011867.0182447582 264630.3730197549, 1011866.2800572515 264630.8224939257, 1011865.1783534288 264631.3136346787, 1011864.1245497614 264631.6197364181, 1011862.7006680965 264631.80674391985, 1011861.4135971665 264631.7490012497, 1011856.9047479182 264630.71947576106, 1011850.6340911686 264629.3756464273, 1011842.6160625964 264627.8950063437, 1011836.1718497574 264626.86908975244, 1011827.4468015879 264625.7814934999, 1011806.8595724255 264624.42060384154, 1011789.9111155123 264624.503937006, 1011770.8671903461 264625.8146299273, 1011758.698907584 264627.3910703361, 1011750.1362606734 264628.96258950233, 1011744.5677022636 264630.1991355866, 1011734.8128005117 264632.82970775664, 1011726.2475289255 264635.55017475784, 1011716.4945956767 264639.25423559546, 1011708.5441522598 264642.68270641565, 1011700.2472528368 264646.78506042063, 1011693.9805330932 264650.19942367077, 1011686.195115596 264654.84475558996, 1011680.8736039251 264658.33556225896, 1011672.1600386798 264664.5533975959, 1011662.0350589305 264672.2692614198, 1011655.3123033345 264677.8844076693, 1011649.1085755974 264683.4142522514, 1011639.0068897605 264693.30005925894, 1011631.1755405962 264701.67865142226, 1011625.9977294207 264707.7006210089, 1011620.2634889185 264714.8019847572, 1011615.1388272643 264721.6293989271, 1011575.8869372606 264783.0026357621, 1011600.3694998473 264897.85837717354, 1011611.2339794189 264949.65617384017, 1011623.3819210082 265012.9158898443, 1011640.2011130899 265107.3658321649, 1011687.7115167528 265116.1469825953, 1011769.2622066736 265133.71190808713, 1011810.9015590847 265142.6800660044, 1011826.1292189211 265145.9592589289, 1011828.2814455926 265146.7033519149, 1011833.2650314271 265148.557678923, 1011838.3539320081 265150.7719133347, 1011847.316840589 265155.38378076255, 1011856.1964160055 265161.03632850945, 1011859.6002805978 265163.52155976, 1011863.9345895052 265168.3138730079, 1011868.4014440924 265173.88702459633, 1011872.5251235068 265179.77743275464, 1011875.7721642554 265185.0635114163, 1011878.5835103393 265190.2285273373, 1011880.2400030941 265193.62648642063, 1011883.9683420956 265202.68191450834, 1011885.2819877565 265206.5175367594, 1011887.6914317608 265216.9079359174, 1011890.7829610109 265231.04012550414, 1011893.0493606776 265243.13393333554, 1011894.4171400964 265250.4282100946, 1011930.7310438454 265252.0456609279, 1012051.597600013 265256.8087747544, 1012055.2501517534 265269.07482634485, 1012045.0861300975 265279.15912374854, 1012064.0798585117 265339.61766426265, 1012076.6710406691 265340.18032717705, 1012075.315728426 265345.33156359196, 1012055.3105190843 265421.3540493399, 1012050.6399247497 265439.1043419242, 1012108.4426306784 265444.2847777605, 1012113.6621084213 265462.8880870044, 1012149.0796885043 265470.85624691844, 1012141.1613972634 265489.9710380882, 1012136.2604884207 265499.9395220876, 1012126.6978435069 265519.39650417864, 1012125.6102472544 265521.611394763, 1012119.6220702529 265531.011310339, 1012116.1187964231 265536.5096589178, 1012109.9373783469 265544.5080025047, 1012101.4626577497 265556.395445928, 1012096.8799897581 265563.40264976025, 1012092.3832795918 265570.8252070844, 1012091.1647780836 265573.5699522495, 1012088.3219360113 265581.1513019204, 1012086.712687254 265586.47018891573, 1012085.0433992594 265593.6440590918, 1012082.1257541776 265606.758862257, 1012081.2402572632 265610.73851308227, 1012078.7747110128 265619.45109409094, 1012069.172039926 265653.38180050254, 1012050.731460005 265724.8560670018, 1012034.3952065855 265787.3077137619, 1012009.4103484303 265880.0467015058, 1012006.3427692503 265891.28585225344, 1012004.2614085972 265898.91182126105, 1012002.9891014248 265903.5692922622, 1012000.8644337505 265907.6647565067, 1011999.1183742583 265910.2838457525, 1011997.191868931 265912.69657059014, 1011995.0337367505 265914.9521435052, 1011992.6823635101 265917.0167719275, 1011990.9386005849 265918.33632308245, 1011988.9208880961 265919.65849892795, 1011987.3280435055 265920.5676178336, 1011985.7417605966 265921.3809364289, 1011983.5304789245 265922.3455014229, 1011981.2601422518 265923.1558672488, 1011979.6213660091 265923.6322442591, 1011977.3395464271 265924.1630830914, 1011975.4497864246 265924.56006392837, 1011973.2919823378 265924.9186590016, 1011970.8599005938 265925.1571755856, 1011969.2335915118 265925.21360592544, 1011967.2135824263 265925.18145374954, 1011965.485895589 265925.05448549986, 1011963.7021065056 265924.8281080127, 1011962.0039471686 265924.52331858873, 1011929.7631980032 265943.1837143451, 1011935.5899580121 265955.3946479261, 1011932.6739533395 265957.0012720078, 1011825.2739056796 266018.1359922588, 1011839.4546515942 266054.8501576781, 1011787.9268675 266067.3219175041, 1011746.0667150021 266088.3802743405, 1011713.9765560925 266098.49344308674, 1011646.242439583 266119.8395290077, 1011550.8653337508 266149.89753974974, 1011508.3795263469 266162.29548083246, 1011455.2985957563 266181.77575683594, 1011440.6654229164 266187.2006147504, 1011436.5893155932 266178.7085057497, 1011359.196097672 266202.91711875796, 1011236.4227211773 266243.8438741714, 1011181.7115445137 266150.71184258163, 1011069.7472015023 266212.62116758525, 1011031.0543655008 266234.0771614164, 1011038.3355189264 266243.9295039177, 1011062.341048345 266278.5127680898, 1011047.5241488367 266289.6295437515, 1010954.291723758 266360.13563634455, 1010930.6113249213 266354.01425750554, 1010888.2196774185 266298.6242764294, 1010840.3959541768 266258.32612867653, 1010834.428446427 266245.84124550223, 1010843.8549367636 266236.88785134256, 1010801.296622917 266189.3259385824, 1010746.0162216723 266273.04001000524, 1010655.9094465077 266202.6700720042, 1010616.7841966748 266171.68456967175, 1010598.4571335912 266197.9187691659, 1010585.3797319233 266217.774700582, 1010576.9758773446 266230.7123387605, 1010554.5700822622 266286.1013355851, 1010541.4457646757 266311.01992091537, 1010525.1104955077 266342.03724734485, 1010505.8684080094 266378.5726073384, 1010495.6295833439 266398.0138414204, 1010486.8441678435 266414.6955665946, 1010482.3523789197 266423.09253142774, 1010479.6552058458 266427.1834025085, 1010477.0932030976 266430.44159808755, 1010474.560071677 266433.1929049194, 1010472.0210347623 266435.5990680903, 1010469.7569316775 266437.4868595898, 1010467.778917253 266438.9848880917, 1010464.6424405873 266441.06198367476, 1010462.2795844227 266442.42024867237, 1010460.0066230893 266443.59445892274, 1010457.8685040027 266444.5593520105, 1010455.3281547576 266445.56886442006, 1010441.436122179 266483.9368979186, 1010444.0926129222 266486.01333734393, 1010445.6795520037 266487.3387940079, 1010447.3885380924 266488.8568355888, 1010449.5214078426 266490.905716002, 1010452.0512584299 266493.5585978329, 1010454.3924610913 266496.2715189159, 1010457.276313588 266500.0254484266, 1010459.0971760899 266502.7022803426, 1010460.6076717526 266505.12648808956, 1010462.1772224307 266507.88599701226, 1010463.5794505924 266510.6087605953, 1010466.511859417 266522.1218609214, 1010473.1017412543 266547.9971372485, 1010482.1263295114 266583.4307934195, 1010483.969829753 266590.67093642056, 1010489.4461967498 266633.03929001093, 1010491.0400255919 266645.36898975074, 1010491.362531513 266651.27317741513, 1010491.3287389278 266660.73805350065, 1010490.7788712531 266668.3745211661, 1010489.9343847632 266675.02116142213, 1010489.3097140938 266678.5979259163, 1010488.074152261 266684.4220612496, 1010486.1581455916 266691.6221780926, 1010483.4613005966 266699.6306922585, 1010479.1860466748 266707.40233024955, 1010474.520045504 266715.0620918423, 1010469.1158568412 266722.9006588459, 1010463.9610115141 266729.6883749217, 1010457.3813002557 266737.42589224875, 1010452.4800633341 266742.6890050918, 1010445.1608522534 266750.0275730938, 1010437.2911173403 266757.41797825694, 1010428.0673825145 266765.4832508415, 1010419.0306551754 266772.8470812589, 1010408.0086955875 266781.1656341702, 1010405.8758258373 266782.72501425445, 1010401.3486039191 266786.95892967284, 1010386.8013889194 266800.86047667265, 1010371.740067333 266815.2538205832, 1010349.098708421 266836.8902602494, 1010334.2759034187 266851.05525816977, 1010326.5915355831 266858.4000597596, 1010321.6594588459 266864.0145498365, 1010317.5131416768 266869.1533190906, 1010315.028566584 266872.4607271701, 1010313.2943180948 266874.84031559527, 1010309.404234007 266880.6808550954, 1010307.5069280863 266883.6920039207, 1010305.7506980002 266886.6979034245, 1010305.3389534205 266887.40229834616))","BX","LP-02138","Yes","Fieldston Historic District","No","DESIGNATED","DESIGNATED",,"12/2/2003",,"01/10/2006","10/14/2003","12076.735483702754","4822599.617156923"
"POLYGON ((990486.0245895088 191271.8540546745, 990507.4569613338 191145.37071183324, 990596.311114341 190621.0013537556, 990599.6487060934 190601.27567142248, 990889.9417606741 190586.54341742396, 990898.5841318369 190530.96347609162, 990899.297713086 190526.37752725184, 990903.1592539251 190501.59083142877, 990905.701899752 190484.49768975377, 990908.2445455939 190467.40454809368, 990910.8761020005 190449.71560709178, 990913.3265564293 190433.22154559195, 990915.7776670009 190416.65136875212, 990918.7005614191 190397.03395392, 990921.5286397636 190377.93950392306, 990924.3599989265 190358.8450539261, 990927.1913580894 190339.75060392916, 990930.1601841748 190319.70602458715, 990932.9613596797 190300.85763709247, 990935.9987551719 190281.53287258744, 990938.8580014259 190263.359680593, 990941.863244757 190244.25866892934, 990945.0545113385 190223.95818458498, 990947.8704505861 190206.05992642045, 990950.5640147626 190188.00550058484, 990953.2608597577 190169.95107474923, 990955.9544239193 190151.89664892852, 990958.7408356667 190133.23854975402, 990961.3448330909 190115.78451642394, 990964.0383972526 190097.73009058833, 990966.7352422625 190079.67566475272, 990969.4288064241 190061.6212389171, 990972.3592467606 190042.64194616675, 990975.1013672501 190024.86278225482, 990977.9360072613 190006.48355391622, 990978.9366614223 189999.99997109175, 990980.7739280909 189988.10432559252, 990983.6085680872 189969.72837808728, 990986.4363183379 189951.40590816736, 990989.2811289281 189932.96992142498, 990992.1521861702 189913.96405392885, 990995.0816422552 189895.12550891936, 990997.9786180854 189876.20494309068, 991000.8788747638 189857.28109642863, 991003.7791314274 189838.36053058505, 991006.1971055865 189821.7299864292, 991008.6117989272 189805.09944225848, 991011.026492253 189788.46889808774, 991012.8742575943 189775.76223059, 991029.5153004229 189778.17790816724, 991131.1397690922 189792.9682329297, 991136.7191542536 189756.40925091505, 991237.0408040136 189771.00994350016, 991286.0741705 189778.0935907513, 991302.0790597498 189673.92844475806, 991302.4169855863 189673.37726475298, 991302.7713155895 189672.8359272629, 991303.145330593 189672.30771309137, 991303.5357497633 189671.79590308666, 991303.7978883386 189671.47503758967, 991304.1600923389 189671.04820117354, 991304.6341727525 189670.52556441724, 991305.0823345929 189670.06756009161, 991305.5222943425 189669.64466066658, 991305.9432252496 189669.26441209018, 991306.4366625845 189668.84840242565, 991306.955034256 189668.4189413339, 991307.494403258 189668.0610024184, 991308.0058851689 189667.68994016945, 991308.4917765856 189667.3746520877, 991308.8769464195 189667.1600855887, 991309.441249758 189666.8451255858, 991310.0153955966 189666.54985058308, 991310.6026647538 189666.27426059544, 991311.1964955926 189666.02163642645, 991311.7968880832 189665.78541642427, 991312.4071230888 189665.57216225564, 991313.0272005945 189665.38187392056, 991313.6505589187 189665.2079897523, 991314.2771980911 189665.06035225093, 991314.9136797637 189664.93239974976, 991315.5501614213 189664.82741308212, 991316.1899239272 189664.74211142957, 991317.4792914242 189664.6404055953, 991323.3651064187 189665.47439342737, 991336.1150809228 189667.3648095876, 991344.4693949223 189668.64170992374, 991339.9677635133 189698.27550892532, 991323.7847250104 189804.94294650853, 991402.3560901731 189816.59187333286, 991500.9543181807 189831.21061050892, 991550.0542855859 189837.91696192324, 991557.4591264278 189789.66312141716, 991559.9886489213 189773.1605297625, 991562.8921864182 189754.2694914192, 991565.79572393 189735.3784530908, 991568.7123847604 189715.26694475114, 991578.6500289291 189656.38910976052, 991579.4275864214 189651.38255809247, 991581.4321755916 189638.4429514259, 991584.2143222541 189620.50007392466, 991586.8196320087 189603.7136901766, 991589.7818964273 189584.60775725543, 991592.5640430897 189566.66159892082, 991594.5968474299 189553.54876425862, 991600.5233447552 189513.8303397596, 991602.921633929 189496.89139725268, 991606.3018765002 189472.96821676195, 991623.5987579226 189475.46919600666, 991723.951903671 189490.65125225484, 991748.0768554211 189330.5675829202, 991753.721201092 189293.11260533333, 991749.8829541802 189292.53189784288, 991763.6040553451 189201.48450775445, 991766.5508998334 189183.6489135027, 991776.4275205135 189185.06820200384, 991793.6778140962 189187.78670050204, 991810.9274515063 189190.52094700933, 991828.1774170101 189193.25552159548, 991845.4273825139 189195.97402009368, 991861.2400149256 189198.8024265021, 991868.8649996668 189200.1616757512, 991877.6389322579 189201.75091142952, 991877.9597977549 189201.99270883203, 991878.3662930131 189202.3109496683, 991878.7386675924 189202.62164458632, 991879.1956876665 189203.03010833263, 991879.4729180932 189203.28634142876, 991879.8961455971 189203.70956891775, 991880.4535591751 189204.32111625373, 991880.8482434303 189204.785682261, 991881.2491612583 189205.29716417193, 991881.6677955836 189205.87721550465, 991882.104146421 189206.53436642885, 991882.4125447571 189207.04617641866, 991882.7045389265 189207.56782892346, 991882.9768480957 189208.10260476172, 991883.2294722497 189208.6439422518, 991883.4624114186 189209.19512225688, 991883.6789464206 189209.75286392868, 991883.8757964224 189210.3171672523, 991884.052961424 189210.89131309092, 991884.2071605921 189211.4687397629, 991884.3449555933 189212.04944725335, 991884.4597847611 189212.63671642542, 991884.5549289286 189213.22726641595, 991884.630388096 189213.82109725475, 991884.6828814298 189214.41820892692, 991884.7156897634 189215.01532058418, 991884.7248760909 189215.84438717365, 991884.7028945088 189216.53992383182, 991884.6412148476 189217.13900400698, 991881.6467982531 189237.5910628438, 991878.8968037516 189256.63794074953, 991876.1425441802 189274.3094933331, 991873.5182055831 189291.46857975423, 991870.1064670086 189313.75888951123, 991920.5250013471 189321.43669566512, 992120.3704021722 189352.11314350367, 992169.8709593415 189359.66135676205, 992170.6796847582 189354.43203650415, 992182.8725737631 189356.21156050265, 992252.966265589 189366.64362625778, 992252.358655259 189370.5973585099, 992318.8158714175 189380.48775866628, 992329.8502981663 189308.70673425496, 992396.2376325876 189318.58696383238, 992447.8910725862 189326.36450733244, 992451.8700672537 189299.91672559083, 992459.7670330852 189245.93717475235, 992459.7604714185 189244.56906725466, 992459.8326497525 189243.66355726123, 992460.0590272546 189242.31513474882, 992460.2854047567 189241.4358714223, 992460.4199189246 189240.99952058494, 992463.1036405861 189225.8715980947, 992466.1472696811 189208.6167113334, 992471.6600539237 189172.6236730963, 992474.3687099218 189154.93112316728, 992476.8358965963 189138.82912126184, 992493.0648667514 189141.37373559177, 992593.7536417544 189157.47803409398, 992610.1725721806 189049.2561376691, 992639.6442980021 189053.96971091628, 992643.5950774997 189027.9300648421, 992614.1233516783 189023.21616350114, 992657.7689336687 188735.53826117516, 992760.7634783387 188752.01099725068, 992816.7105449289 188761.05100542307, 992817.7991254181 188753.91092783213, 992819.9041080922 188740.10485309362, 992822.7338268459 188721.74760633707, 992825.5461571664 188703.29423117638, 992828.3391305953 188684.78344142437, 992831.1475239247 188666.34187725186, 992833.9591980875 188647.90031309426, 992837.7803846747 188621.3104712516, 992853.3866526783 188623.49681858718, 993058.0493010879 188655.00364534557, 993073.4364094287 188657.473128587, 993068.0473125875 188696.5307932496, 993053.7156483382 188783.03226067126, 993035.040816918 188919.37713234127, 993007.1707939208 189098.58838808537, 992983.3092930913 189252.8334864229, 992980.6160570085 189271.0683580935, 992978.1911930889 189287.48236726224, 992975.6288622618 189304.8051672578, 992973.9457947612 189316.20934392512, 992973.0698122531 189322.1312480867, 992964.6151047498 189377.96775059402, 992961.5478536785 189397.015940845, 992958.7555364221 189414.47030225396, 992955.844453007 189433.2032044232, 992952.7201154232 189451.6759365052, 992949.6669719219 189470.2608730942, 992946.7201274186 189488.18275325, 992943.8703955859 189505.52983142436, 992940.858590588 189523.84672392905, 992937.8500664234 189542.16033558547, 992935.537078917 189559.54219058156, 992933.2240914255 189576.92404559255, 992930.9117600918 189594.29901084304, 992928.5981164277 189611.68447475135, 992926.0925440043 189630.512849167, 992923.8084278405 189647.67751300335, 992921.6591539234 189663.8300397545, 992918.5735301673 189681.70467592776, 992915.6047040969 189698.90313233435, 992912.8566780835 189714.8043472618, 992909.7021568418 189733.07662041485, 992906.9872672558 189748.78721892834, 992904.0542022586 189765.77865475416, 992901.1211372614 189782.7700905949, 992898.3183213472 189801.64767751098, 992895.7766597569 189818.78379808366, 992893.1027805954 189836.79229225218, 992891.8960900903 189844.94450692832, 992890.2189280838 189855.97532474995, 992881.9443383366 189914.0591980964, 992880.7268210948 189922.3541290015, 992879.3016270846 189932.07392583787, 992876.6277479231 189950.13819417357, 992873.9538687617 189968.20279058814, 992871.206170842 189986.790023759, 992868.6244830936 190004.22962142527, 992865.8915489167 190022.71711724997, 992863.1553339213 190041.20461308956, 992860.4676752537 190059.6888280958, 992857.4499647617 190078.921073094, 992854.3088949174 190099.26158358157, 992851.5083755851 190117.37900142372, 992848.394536674 190137.5485805124, 992845.5700672567 190155.8402105868, 992842.3417272568 190176.7456805855, 992839.387664929 190195.8611279279, 992836.464442417 190214.79252050817, 992833.553030923 190233.64878199995, 992830.5720657557 190252.95615808666, 992827.576008752 190272.3383371681, 992824.6042299271 190291.5853459239, 992821.6275298446 190310.9297954291, 992819.3926261663 190326.18829509616, 992817.2141528428 190341.0626091659, 992815.1272147596 190355.3115964234, 992812.8995289207 190370.52153976262, 992809.8408080041 190389.40470409393, 992807.1449472606 190406.0496839285, 992805.3208039254 190417.31606559455, 992804.0576830953 190425.11854341626, 992801.2788172513 190442.35210475326, 992792.4074439257 190506.57441724837, 992791.9756862521 190509.4261175841, 992789.6121739298 190525.01532524824, 992786.7834394276 190543.57565559447, 992783.9245212525 190562.3134790063, 992781.2296447605 190579.99618642032, 992779.1797800958 190593.42988659441, 992760.4275210053 190590.68284483254, 992666.7938500047 190576.40104925632, 992660.6084949225 190616.8757058382, 992654.506144926 190615.94493342936, 992578.2359562516 191115.0354706794, 992572.3130678385 191114.13192917407, 992568.3403067589 191140.12794017792, 992584.8488039225 191142.8320030123, 992571.9397090077 191225.05887266994, 992453.5564155877 191230.2835997492, 992389.130691424 191234.33870975673, 992240.4505425841 191242.4059508443, 992180.3479725122 191244.99518451095, 992170.010394752 191245.27044641972, 992112.5925305933 191248.429888919, 992076.172984004 191249.98926900327, 992004.0346768349 191253.03880359232, 991894.840341419 191258.43971142173, 991837.6783822626 191261.61227725446, 991802.3605395108 191263.3885204196, 991715.3082201779 191267.36849933863, 991717.5047380924 191310.68206100166, 991723.1572858393 191419.17298576236, 991705.9657191783 191416.48795175552, 991660.1744721681 191715.24227550626, 991663.731551677 191715.7977205962, 991664.7945416719 191739.07063992321, 991603.8966975957 191729.55851984024, 991604.5620505959 191744.13591851294, 991583.5594679266 191740.85574133694, 991583.5814495087 191741.34491358697, 991552.1904361695 191736.4420362562, 991504.4133007526 191729.13726083934, 991488.5612983406 191828.28076334298, 991488.476324752 191829.62590500712, 991488.2529000044 191830.95497058332, 991487.8923364282 191832.2538525015, 991487.3972586691 191833.50745892525, 991486.7768530846 191834.70201033354, 991486.0353847593 191835.82733617723, 991485.1790872514 191836.8699849993, 991484.5521200001 191837.51040367782, 991483.5288280845 191838.38933892548, 991482.4199064225 191839.15705391765, 991481.2388064265 191839.80370616913, 991479.9953705966 191840.32535867393, 991479.1394011676 191840.6006205827, 991477.8264116794 191840.89917641878, 991476.9346811771 191841.0208953321, 991475.5892114192 191841.089136675, 991474.6161162555 191841.10652509332, 991459.3431809247 191841.88834767044, 991368.4870634228 191846.540897429, 991350.6091464311 191847.4437827617, 991331.4638435096 191848.26431916654, 991313.1151269227 191849.05040684342, 990916.3022722602 191869.25541892648, 990880.0526728332 191871.0365833342, 990861.9900449216 191871.92732958496, 990754.9899308383 191877.23965492845, 990648.3651440889 191882.489972502, 990557.3026621789 191886.77080383897, 990466.9901787639 191891.17729109526, 990430.8649229258 191892.94303558767, 990429.6149254292 191892.7711199224, 990428.3652560115 191892.47420451045, 990427.1775943339 191892.03654134274, 990426.0522685051 191891.48962642252, 990424.989934668 191890.8180398345, 990423.9902647585 191890.05229334533, 990423.114938423 191889.17729508877, 990422.3026040941 191888.2242130041, 990421.5526055843 191887.17729908228, 990420.9899426699 191886.06804934144, 990420.4899436682 191884.91155558825, 990420.177608341 191883.6930540949, 990419.9276088476 191882.45847649872, 990420.019144088 191881.22160233557, 990420.4279359281 191879.55920408666, 990420.6444709301 191878.67797225714, 990420.9095622599 191877.5989061743, 990421.2835772634 191875.13139142096, 990423.760606423 191858.73050558567, 990426.6113225073 191839.8594803363, 990443.7041360885 191727.0509789288, 990460.4009530842 191617.2319728434, 990469.247720167 191559.2619444281, 990477.9025585055 191502.94676834345, 990488.6958440095 191432.71757808328, 990497.7516001761 191375.96080183983, 990500.7279721797 191357.720352754, 990503.859199509 191338.53108666837, 990487.1774743348 191335.86475342512, 990471.0525065958 191333.31784249842, 990464.9298154265 191332.35688641667, 990459.2769395858 191331.54619251192, 990455.4993880838 191330.90019641817, 990451.1887011677 191330.45597158372, 990445.3563637584 191330.0855655074, 990446.0197482556 191324.2292779982, 990454.3668444306 191268.2356235832, 990486.0245895088 191271.8540546745))","BK","LP-00973","Yes","Fort Greene Historic District","No","DESIGNATED","DESIGNATED",,"9/20/1977",,"09/26/1978",,"11813.924807839567","4498170.570158617"
"POLYGON ((987416.0218712538 207429.41918042302, 987437.9266830832 207417.16723641753, 987434.0556278378 207410.16692234576, 987564.9730169177 207337.67855025828, 987569.8129022568 207346.42984509468, 987587.3099145144 207336.74154426157, 987592.6337227523 207346.36750926077, 987599.6323964298 207342.49251700938, 987605.7665705085 207353.58337408304, 987616.6412206739 207347.56238876283, 987626.7081296742 207365.76379592717, 987683.4977142513 207334.31569609046, 987696.2972293347 207327.12246900797, 987704.4222130924 207341.81108792126, 987707.0622996688 207346.56271883845, 987710.249957338 207352.39079117775, 987716.5002729297 207363.60927267373, 987716.9376080036 207364.60927067697, 987717.3752711713 207365.64076466858, 987717.6249425858 207366.71884649992, 987717.7499423474 207367.81234826148, 987717.8126062602 207368.906178087, 987717.7499423474 207370.01542784274, 987717.5626067519 207371.09383775294, 987717.2499433458 207372.17191958427, 987716.8749440908 207373.1876655817, 987716.3749450892 207374.17191559076, 987715.7499463409 207375.09382975101, 987715.0622836798 207375.9530799985, 987714.3126132637 207376.73457451165, 987713.4376150072 207377.43765708804, 987712.4999528378 207378.04690784216, 987711.4999548346 207378.54690684378, 987661.0623916686 207406.48418691754, 987644.2500893474 207415.79683233798, 987463.7268283367 207515.7585746795, 987458.2271674275 207505.69068142772, 987416.0218712538 207429.41918042302))","MN","LP-01976","Yes","East 17th Street / Irving Place Historic District","No","DESIGNATED","DESIGNATED",,"10/21/1997; 12/9/1997",,"06/30/1998",,"798.5100693140945","26116.166944942015"
"POLYGON ((989793.6440845132 204251.67192700505, 989727.6524185836 204288.29488526285, 989683.407756418 204312.8486419171, 989639.8809405863 204337.01165133715, 989617.1818390042 204349.60184925795, 989595.7455301732 204361.49454200268, 989589.6166054308 204350.48800234497, 989567.8384337574 204362.57623276114, 989573.8817287534 204373.62870408595, 989508.9461630881 204409.66865825653, 989486.6492916793 204422.0416650027, 989464.3100975007 204434.44321501255, 989471.2192044258 204447.07901650667, 989450.4229861796 204458.61409842968, 989452.4010005891 204462.1281990111, 989411.2983925045 204484.92310091853, 989402.4634364247 204468.76499675214, 989376.2020060122 204483.33616183698, 989354.7889910936 204495.21966825426, 989361.8703417629 204508.2160333395, 989299.5902825892 204542.606056422, 989275.1060795933 204498.8991228342, 989252.4210855961 204511.48800842464, 989241.938823089 204517.41942700744, 989213.1167022586 204465.98088158667, 989210.2594245076 204461.1295133382, 989209.5996489227 204459.44644583762, 989209.2568018436 204457.86344376206, 989209.1567364186 204456.1360850036, 989209.3545706719 204454.31062933803, 989209.8785197586 204452.50092166662, 989210.9575858414 204450.42382608354, 989212.799117595 204448.31687492132, 989215.5868416727 204446.4878103435, 989220.4821730852 204443.782107085, 989321.3441760838 204388.17395058274, 989457.7415410876 204312.9939828366, 989590.9745423347 204238.85075841844, 989729.0014972538 204161.77971833944, 989797.8606115133 204123.46614667773, 989802.9088297635 204120.680719167, 989804.2506905943 204120.1590666771, 989805.6516064256 204119.824421674, 989807.0863148421 204119.68367391825, 989808.1680055857 204119.7095925063, 989809.2375572622 204119.8441066742, 989810.1857180893 204120.05998550355, 989811.6456889212 204120.57901333272, 989813.0187176764 204121.31687276065, 989814.3622189164 204122.3276975006, 989815.1332147568 204123.08557000756, 989816.1732389182 204124.42546233535, 989818.7332731783 204129.03142425418, 989852.5366832614 204190.84199617803, 989844.9271184206 204194.99389076233, 989781.8078220934 204230.02334825695, 989793.6440845132 204251.67192700505))","MN","LP-02492","Yes","East 10th Street Historic District","No","DESIGNATED","DESIGNATED",,"1/17/2012",,"01/17/2012","06/28/2011","1687.7866491790385","74564.49463789306"
"POLYGON ((986807.4948730916 195515.2651872486, 986807.3013039231 195513.90364141762, 986806.96665892 195512.57162308693, 986806.3137730956 195510.85902808607, 986805.6740105897 195509.64511975646, 986804.630705595 195508.13593642414, 986803.71863392 195507.10903559625, 986802.3472455889 195505.89512725174, 986801.2186389267 195505.11428892612, 986800.0112922639 195504.4515605867, 986798.7448905855 195503.91678474844, 986796.9863639176 195503.41481725872, 986795.62809892 195503.19828225672, 986794.2567105889 195503.12282308936, 986564.2155040056 195512.33737158775, 986563.4402430952 195479.99130767584, 986561.5695119202 195382.6791663319, 986562.8536300957 195382.63356275856, 986586.7236610949 195381.7857954204, 986586.5747112632 195377.59092192352, 986641.8560967594 195375.59486292303, 986641.3193524182 195347.67989251018, 986676.3484818339 195346.49748016894, 986676.2818809301 195342.3108087629, 986704.2821530104 195340.55129784346, 986704.2572186738 195338.970264256, 986727.0412938446 195338.09887492657, 986727.0668843389 195339.70681133866, 986759.462488845 195339.2130459249, 986811.8173710108 195337.3370654285, 986845.2605455965 195336.50701458752, 986842.9941459298 195260.77947574854, 986843.3323998451 195258.92547683418, 986843.9613355845 195257.14923366904, 986844.8648770899 195255.49536558986, 986846.0200585127 195254.00652341545, 986847.3973523378 195252.72010867298, 986848.9619817585 195251.6695858389, 986850.6735925078 195250.8808735013, 986852.4888775945 195250.37496900558, 986854.3615772575 195250.16401141882, 986858.9284972548 195249.96453675628, 986990.9518552572 195244.2512935847, 986988.899037838 195205.25235584378, 986975.1995901763 194941.31718817353, 986955.1130161732 194941.2072802484, 986954.584145844 194931.01045025885, 986954.0152493417 194920.82083809376, 986968.4361522645 194919.49210058153, 987084.3545555919 194914.11153392494, 987139.7481455952 194911.96914975345, 987251.6367013454 194906.971456334, 987251.8502835929 194914.2201295048, 987259.2006625831 195066.16503559053, 987229.9569546729 195067.56890417635, 987229.8116137534 195064.57219099998, 987189.7575599998 195066.49443125725, 987189.907494083 195069.57578992844, 987148.7546892613 195071.55052350461, 987135.8741375953 195072.02821284533, 987141.6083780974 195200.04272058606, 987143.5716287643 195237.10563859344, 987152.7107180953 195236.63713559508, 987337.8484711796 195227.4547392577, 987335.9659290016 195190.12804225087, 987333.5213800967 195139.75806425512, 987400.1259056777 195136.03103758395, 987402.7266222537 195188.14313809574, 987404.2942044288 195228.22245424986, 987486.7356405854 195223.6548780948, 987517.4409597516 195221.91603642702, 987515.8284301758 195181.8377045095, 987524.303478837 195161.64450342953, 987639.2235245854 194888.32779283822, 987685.2555847615 194886.09321725368, 987752.0261205137 194883.1814776659, 987752.1061728448 194893.06761275232, 987725.7217111737 194955.07634700835, 987727.8601583391 194988.24721242487, 987763.4486698359 195002.76424375176, 987766.5762882531 194995.4148489982, 987797.725176096 194992.5762720108, 987800.8915083408 195066.14994375408, 987775.1615729183 195068.00558309257, 987775.2029114217 195069.04593533278, 987775.5447742641 195069.03051541746, 987780.1408936679 195172.4233532548, 987781.7698274255 195208.3675070852, 987792.5585197508 195207.79861058295, 987917.9142401665 195202.80026100576, 987919.0743428469 195202.84783308208, 987920.2108235061 195203.08602158725, 987921.2921861708 195203.50859291852, 987922.2892314196 195204.10406416655, 987923.1740721762 195204.85603117943, 987923.922430262 195205.74382467568, 987924.513964504 195206.74283842742, 987924.9325988442 195207.82584150136, 987925.1665222645 195208.963306427, 987932.7334362566 195366.95774108171, 987975.5040200055 195365.0135192573, 988086.3302419186 195360.04764992, 988084.1245376766 195310.167500332, 988140.8540830016 195307.6255106777, 988246.3282815069 195302.31088875234, 988241.7823588401 195199.50367967784, 988241.3912835121 195189.133293584, 988465.037489757 195179.02242141962, 988507.5787432641 195177.21336992085, 988508.098427251 195187.77240392566, 988517.5242614299 195388.4905064255, 988519.292630583 195431.3217855841, 988522.3979393393 195504.2914559245, 988535.5284905136 195503.7465095073, 988635.5676605105 195499.11233241856, 988640.8917968422 195625.68130500615, 988642.42624259 195653.63269266486, 988537.4848514199 195657.99456058443, 988535.8903664201 195658.37185642123, 988534.0924697518 195659.17894142866, 988532.4979847521 195660.33379475772, 988531.1758089215 195661.79048475623, 988530.6344714165 195662.61397391558, 988530.0472022593 195663.78851225972, 988529.6272555888 195665.0319480896, 988529.3811930865 195666.32459641993, 988529.326075092 195667.52013209462, 988538.8463972509 195867.7776055932, 988540.2371425033 195899.8936830908, 988245.7121410072 195910.9258132577, 988000.9800189286 195921.3404905945, 988000.0482622534 195921.4586005956, 987998.8310730904 195921.7637180835, 987997.9518097639 195922.10164391994, 987997.1119164228 195922.5281522572, 987996.0686114281 195923.22368891537, 987995.5830480903 195923.6272314191, 987994.8100837618 195924.3808388412, 987994.1296389252 195925.26764808595, 987993.6375139207 195926.06817142665, 987993.2274097502 195926.9179072529, 987992.9058880955 195927.80373226106, 987992.67622976 195928.71580392122, 987992.5449964255 195929.64756058156, 987992.5089072585 195930.274199754, 987995.579767257 195992.40005975962, 987996.1965639293 196004.01847483218, 987950.5234269202 196006.15036034584, 987947.3390500844 196006.38067483902, 987948.378418088 196025.87735500932, 987798.2182853371 196035.30515767634, 987798.8721554279 196053.2926544994, 987741.9267312586 196056.9970434159, 987691.965545088 196060.034438923, 987687.1597804278 195951.91293600202, 987686.9685078412 195948.58748333156, 987519.6620839238 195952.9086689204, 987483.0853854269 195954.32106767595, 987473.2533840835 195954.4073535949, 987464.7973642498 195952.57927325368, 987457.7816302627 195949.9696984291, 987450.4679965973 195945.6111113429, 987444.629753679 195939.9762800932, 987439.599251926 195932.75450976193, 987436.6681554168 195926.98549242318, 987435.6760314256 195918.4074255824, 987430.6005822569 195847.859666422, 987424.1865530908 195722.90256725252, 987423.9864222556 195721.24246558547, 987423.4385230839 195719.22803391516, 987422.5691022575 195717.33171226084, 987421.1540788412 195715.22279259562, 987419.1340697557 195713.38815058768, 987416.8899797499 195712.02332392335, 987414.8361780941 195711.25560891628, 987411.8079689294 195710.78973059356, 987338.3632339239 195713.0797522515, 986905.4310289174 195732.84710116684, 986904.60983634 195733.24965941906, 986903.6203370094 195733.63482925296, 986902.2361534238 195734.39565449953, 986900.9881244302 195735.36448459327, 986899.9070898443 195736.51638516784, 986899.0202805847 195737.82379725575, 986898.3493501693 195739.25424058735, 986897.9110308439 195740.7719540894, 986897.8778944165 195740.93894851208, 986897.7722515911 195740.94518208504, 986811.8508355021 195744.97863858938, 986810.5591714233 195686.81011976302, 986807.4948730916 195515.2651872486))","BK","LP-02279","Yes","DUMBO Historic District","No","DESIGNATED","DESIGNATED",,"10/30/2007",,"12/18/2007","07/24/2007","7883.426120224871","1276663.3402359972"
"POLYGON ((972336.436544925 193943.69844850898, 972408.7986049205 193871.2481340915, 972144.5356820077 193603.04624266922, 972149.9808810949 193597.26574242115, 972139.7578044236 193587.13256059587, 972242.9846320897 193481.43231266737, 972697.722567752 193015.79807333648, 972946.706321761 193249.3366482556, 973182.6510598361 193470.64526075125, 972674.0188750029 193997.63895742595, 972812.7092144191 194138.84569600224, 973041.8130869269 193917.22146734595, 973177.1805983335 193777.55245533586, 973263.6194018424 193695.24192442, 973341.3597319275 193621.21451342106, 973435.6620367616 193713.84884259105, 973649.4211236686 193713.28125841916, 973685.9174417555 193958.04225184023, 973793.2912427634 194068.60403859615, 973330.0047677606 194518.2648846656, 973310.6301345974 194502.0483816713, 973172.66617167 194632.3479898423, 972936.7647405863 194405.8143221736, 972854.2275040895 194487.60615333915, 972676.081863001 194301.76991084218, 972336.436544925 193943.69844850898))","MN","LP-01902","Yes","Ellis Island Historic District","No","DESIGNATED","DESIGNATED",,"11/10/1992",,"11/16/1993",,"6437.427884310028","1203434.5913123984"
"POLYGON ((995623.0868219286 205557.98493117094, 995625.9759237617 205534.5620777607, 995627.1665381789 205534.7113556713, 995638.0444691777 205440.07112500072, 995643.9936042577 205396.68636925519, 995542.5013531744 205383.67064724863, 995540.3382997513 205383.3031939268, 995538.949194923 205382.79400858283, 995537.6624520868 205382.06369508803, 995536.5128480941 205381.1319384277, 995535.5318789184 205380.02432909608, 995534.7461193353 205378.77072267234, 995534.1765666753 205377.40523983538, 995533.8389689177 205375.96462592483, 995533.7425124198 205374.48825092614, 995556.7916789204 205172.93616059422, 995557.2887251675 205171.31739741564, 995558.0439730138 205169.80198051035, 995559.0364250839 205168.42993600667, 995560.2395066768 205167.23866541684, 995561.6213936806 205166.2599928379, 995563.1443565041 205165.52016492188, 995564.7680409253 205165.0391947627, 995566.4481556714 205164.83020567894, 995568.1400814205 205164.89811892807, 995892.1958637536 205205.44856275618, 995879.7388676703 205305.0320250094, 995866.2005089223 205413.25392141938, 995864.4311555028 205424.54261276126, 995719.6342010051 205406.2828067541, 995714.1246975958 205449.54387508333, 995701.6503130943 205550.67753109336, 995674.043084845 205547.22511017323, 995671.9620522559 205564.0971236676, 995623.0868219286 205557.98493117094))","BK","LP-02264","Yes","Eberhard Faber Pencil Company Historic District","No","DESIGNATED","DESIGNATED",,"7/24/2007","6/12/2007","10/30/2007","04/17/2007","1431.2803438320132","85992.04720298246"
"POLYGON ((981081.4374275953 195422.89037200809, 981082.6247611791 195422.99995183945, 981083.8124228418 195423.2499513328, 981084.588011846 195423.50913716853, 981093.5000675023 195426.48419684172, 981101.0623883456 195429.06227567792, 981118.9373525977 195435.17184349895, 981136.8123168349 195441.28141133487, 981154.7499449998 195447.39065109193, 981172.6249092519 195453.4998908341, 981190.499873504 195459.59371067584, 981208.3748377562 195465.70327851176, 981226.2501300871 195471.81219017506, 981244.1250943393 195477.92175801098, 981262.0000585914 195484.031325832, 981279.8750228435 195490.14056558907, 981297.7499870956 195496.24980534613, 981305.5626355112 195498.9062960893, 981315.6249513477 195502.35937316716, 981316.0800029188 195502.71665592492, 981316.4999495894 195503.04703584313, 981316.9415497631 195503.42531591654, 981317.3749478459 195503.79670625925, 981317.7489628345 195504.19467133284, 981318.1249463409 195504.59362067282, 981318.5025702566 195505.01848858595, 981318.8749448359 195505.43745100498, 981319.2112302631 195505.8810196668, 981319.5626075119 195506.34361717105, 981319.839181751 195506.80457425117, 981320.1249423474 195507.2812793404, 981320.4067659229 195507.76618650556, 981320.6876052618 195508.24978134036, 981320.9084053338 195508.7632317543, 981321.1249403358 195509.2655273378, 981321.3447561711 195509.7911168337, 981321.5626035035 195510.31244125962, 981321.7187711746 195510.84328009188, 981321.8752669245 195511.37510317564, 981322.0002666712 195511.92365850508, 981322.124938339 195512.4686049223, 981322.219098255 195513.01781642437, 981322.3126020133 195513.56243476272, 981322.3749378473 195514.1231291741, 981322.43760176 195514.68743251264, 981321.6872751713 195517.5312588364, 981317.8749468476 195533.0154798329, 981313.3122919202 195551.35927517712, 981308.7499650866 195569.68765059114, 981304.187638253 195588.0311178416, 981299.6249833405 195606.37491317093, 981295.9999905974 195620.73446451128, 981295.1249923408 195624.26562541723, 981294.8126570135 195625.2187075019, 981294.3749938458 195626.12520176172, 981293.8126590103 195626.9532840848, 981293.1249963343 195627.7029545009, 981292.3749978393 195628.3594492525, 981291.5626635104 195628.9063641727, 981290.6250013411 195629.31253133714, 981290.1312359273 195629.45885650814, 981289.6250033379 195629.6094467491, 981288.6250053346 195629.75019450486, 981287.6250073463 195629.76561442018, 981286.8946938366 195629.65308183432, 981283.8750148416 195629.18753159046, 981280.984928757 195628.31909500062, 981273.25725393 195625.9965930879, 981265.9373866767 195623.79679434, 981262.3750578463 195622.71871250868, 981247.9374226779 195618.40605708957, 981230.0001225919 195613.015647918, 981212.062494427 195607.62491066754, 981194.1248662621 195602.23450151086, 981176.187566176 195596.8437642604, 981158.1872740835 195591.46877500415, 981140.2499740124 195586.07836583257, 981122.3126739264 195580.68730050325, 981104.3750457615 195575.29689133167, 981086.3750817627 195569.90615409613, 981083.7241684198 195569.11252050102, 981083.6391948462 195569.0872580856, 981076.2501020133 195566.8749921769, 981068.0001185089 195564.39074517787, 981067.0624563396 195564.04691383243, 981066.1247941703 195563.6092506796, 981065.2497959286 195563.0780837536, 981064.4377896786 195562.45308500528, 981063.7501270026 195561.76575042307, 981063.0624643415 195560.98425592482, 981062.4998014271 195560.15617358685, 981062.0001305044 195559.2654273361, 981061.6248031706 195558.32809326053, 981061.3124678433 195557.35926316679, 981061.1251322627 195556.3595932573, 981061.0001325011 195555.3435191661, 981061.0001325011 195554.32810126245, 981061.6248031706 195545.0469518453, 981062.1248021722 195537.8438822627, 981063.3124638349 195520.48433692753, 981064.5001255125 195503.12511967123, 981065.6874590963 195485.78132234514, 981066.875120759 195468.42177700996, 981068.0624543428 195451.07830776274, 981069.0001165122 195437.15641959012, 981069.2497879267 195433.68759450316, 981069.4374515861 195432.49993284047, 981069.6874510944 195431.32801917195, 981070.0624503344 195430.1876015067, 981070.562449336 195429.1091915816, 981071.1874480844 195428.07802566886, 981071.9374465942 195427.10952366889, 981072.750109002 195426.21877741814, 981073.6251072586 195425.42186300457, 981074.624777168 195424.71878042817, 981075.6251032501 195424.12494958937, 981076.7497729212 195423.64069858193, 981077.87509875 195423.2656993419, 981079.0624323338 195423.01569983363, 981080.2500940114 195422.89037200809, 981081.4374275953 195422.89037200809))","MN","LP-00994","Yes","Fraunces Tavern Block Historic District","No","DESIGNATED","DESIGNATED",,"3/14/1978",,"11/14/1978",,"766.2156814424592","34407.36891094528"
"POLYGON ((995471.5083849281 199502.22538916767, 995471.9772160053 199501.91666275263, 995473.3725544214 199501.3661389202, 995474.8400711715 199501.05806867778, 995476.338755846 199501.0013102591, 995477.8256295025 199501.19750408828, 995479.2583694309 199501.6410727501, 995480.5959651768 199502.31889292598, 995481.800687179 199503.21226383746, 995482.8377585858 199504.29559500515, 995485.7317816764 199507.89073216915, 995522.2202257514 199484.15062217414, 995589.0412863344 199440.20451584458, 995578.7794958353 199424.10710708797, 995644.4338920861 199380.92871575058, 995646.0579045862 199383.47595475614, 995764.6226280928 199305.50104509294, 995782.4851251692 199333.52198642492, 995830.0890325904 199311.16048258543, 995845.0739107579 199304.06830517948, 995854.2175932527 199323.10041934252, 995865.4367309213 199346.6945322603, 995859.5666639209 199350.5724772513, 995778.0094123334 199402.98641441762, 995783.0799402595 199410.29545491934, 995827.900388673 199473.91245366633, 995812.0595410913 199483.61748676002, 995828.5007811785 199506.95372617245, 995668.3803665042 199559.24430400133, 995668.4049727619 199542.60555775464, 995655.7485020012 199523.78768201172, 995587.7637298405 199567.4851011783, 995552.128630504 199590.2304625064, 995578.4254939258 199622.83374375105, 995567.7303053439 199629.4626675099, 995502.7675087601 199669.73522475362, 995499.064432174 199659.3937100023, 995496.0135852545 199654.59286658466, 995426.2732391804 199544.84899158776, 995420.3861118406 199535.32834133506, 995471.5083849281 199502.22538916767))","BK","LP-02333","Yes","Fillmore Place Historic District","No","DESIGNATED","DESIGNATED",,"3/24/2009",,"05/12/2009","01/13/2009","1451.3012857347571","64177.00973854438"
"POLYGON ((1052433.4689358473 220688.00749258697, 1052474.7267273366 220600.83804750443, 1052461.7100210935 220597.94960184395, 1052575.8968005925 220356.83951975405, 1052589.297692418 220328.2634614259, 1052529.295843929 220299.66509342194, 1052534.4247706681 220286.7389381677, 1052635.739200592 220035.29127833247, 1052640.134533003 220025.1190545857, 1052815.0334614217 220136.85964475572, 1052842.1889189184 220156.97115309536, 1052897.8699099272 220195.01996150613, 1052904.2081518471 220199.65217009187, 1052925.5099465102 220212.99006992579, 1052947.520073086 220226.3200957626, 1052968.6417500079 220233.15866476297, 1052982.6299110055 220237.99986241758, 1052995.8667611778 220242.8837109208, 1053008.2801221758 220249.59006233513, 1053034.2587447613 220269.3298522532, 1053045.7633149177 220277.2668442577, 1053047.9831267595 220278.79833725095, 1053042.7177173346 220288.80586317182, 1052999.746346593 220378.95791384578, 1052998.4336851686 220381.55567766726, 1053043.3975060135 220402.85320726037, 1053051.3932249248 220406.64027316868, 1053048.2245960832 220413.27707092464, 1053094.311446175 220443.14151249826, 1053099.1024470925 220446.245837003, 1053142.8333307505 220354.6528443396, 1053147.563964337 220344.25489924848, 1053173.0412755907 220360.12035308778, 1053199.8571668416 220374.91658334434, 1053192.894910425 220387.579287678, 1053110.7159409225 220559.69869409502, 1053105.3603085876 220570.51986667514, 1053110.3750623465 220572.8594289273, 1053129.3750243336 220582.01557858288, 1053132.2500185966 220583.34365992248, 1053135.2500125915 220584.57823750377, 1053138.1250068396 220585.7032352537, 1053141.1250008345 220586.73440116644, 1053144.1249948442 220587.6563153416, 1053147.2499885857 220588.48439767957, 1053150.2499825954 220589.20322825015, 1053153.374976337 220589.81247900426, 1053156.4999700934 220590.32822600007, 1053159.6249638349 220590.71864517033, 1053162.7499575913 220591.01588867605, 1053165.8749513477 220591.20322425663, 1053169.124944836 220591.28130808473, 1053172.2499385923 220591.25014017522, 1053175.3749323338 220591.10939241946, 1053178.4999260902 220590.8593929261, 1053181.6249198467 220590.49981358647, 1053184.7499135882 220590.03131058812, 1053187.8749073446 220589.46864767373, 1053190.999901086 220588.7970610857, 1053193.9998950958 220588.01556658745, 1053197.1248888373 220587.12514841557, 1053215.9998510927 220581.25016017258, 1053234.0001431704 220575.68750725687, 1053252.1251069307 220570.12518242002, 1053270.1250709295 220564.5625295043, 1053287.0000371784 220559.29679200053, 1053342.1249269247 220554.90605275333, 1053342.2991391718 220554.32108017802, 1053346.37524651 220540.60916534066, 1053351.9999071807 220523.37494784594, 1053357.749895677 220506.12498234212, 1053363.3752125055 220488.8907648325, 1053367.1248769164 220477.50003959239, 1053369.000201255 220471.6562192589, 1053374.6248619258 220454.4216736704, 1053380.3748504221 220437.1717081666, 1053381.7498476803 220432.75012908876, 1053386.0001672506 220419.93749067187, 1053391.6248279214 220402.70327317715, 1053397.3748164177 220385.45297959447, 1053403.2501327544 220367.2968479246, 1053409.1251210123 220349.12496826053, 1053415.1247809231 220330.95308858156, 1053418.419393763 220320.7720065862, 1053420.4298884273 220314.55810825527, 1053421.0000972599 220312.79695692658, 1053426.8750855029 220294.62507726252, 1053432.8750735074 220276.45319758356, 1053436.0000672638 220266.90630067885, 1053438.6250620037 220258.59398134053, 1053439.1250610054 220257.5313194245, 1053439.625060007 220256.51557342708, 1053440.2500587553 220255.5470714271, 1053440.8750575036 220254.65632517636, 1053441.7500557601 220253.8436627537, 1053442.6250540018 220253.12483216822, 1053443.625052005 220252.50016149879, 1053444.6250500083 220251.9686665088, 1053445.6250480115 220251.54707942903, 1053446.7497176677 220251.2498359233, 1053447.8750435114 220251.0470804274, 1053449.0000412613 220250.98441649973, 1053450.1250390112 220251.01558442414, 1053457.7500237525 220251.7032470852, 1053467.1250050068 220252.5467493385, 1053483.874971509 220254.0309983343, 1053488.805407837 220254.472598508, 1053490.776532501 220254.64943541586, 1053500.6249380112 220255.53132341802, 1053517.3749045134 220257.0313204229, 1053534.1248710006 220258.51556941867, 1053544.7498497516 220259.65631517768, 1053551.0001653433 220260.31248183548, 1053562.500142336 220261.5313114226, 1053567.7501318455 220262.09397433698, 1053584.6250980943 220263.89055867493, 1053601.5000643432 220265.68747109175, 1053618.2500308454 220267.46896359324, 1053634.499998346 220269.37512776256, 1053650.624966085 220271.28129191697, 1053666.8749335855 220273.18745608628, 1053682.9999013394 220275.09394833446, 1053682.8749015927 220277.28127992153, 1053700.8748655915 220278.48436149955, 1053718.8751576692 220279.68744309247, 1053736.874793589 220280.87510475516, 1053754.8750856668 220282.07818633318, 1053772.8750496805 220283.2812679261, 1053790.250014931 220285.03126442432, 1053807.6249801666 220286.79700891674, 1053823.7893179208 220288.4295515865, 1053827.4720533341 220253.5628234297, 1053848.2170905918 220052.2955094278, 1054095.8675139248 220077.41192901134, 1054075.1224766672 220278.6789149195, 1054071.4518803358 220314.5275965035, 1054101.375048846 220317.875030756, 1054101.966911167 220317.90455825627, 1054102.6250463426 220317.9373665899, 1054103.1913181692 220318.0476025939, 1054103.7500440925 220318.15619817376, 1054104.6250423342 220318.4219456762, 1054105.5000405908 220318.78119692206, 1054106.3750388473 220319.2342800051, 1054107.1250373423 220319.76544691622, 1054107.8750358373 220320.3596058339, 1054108.5000345856 220321.0311924219, 1054143.12496534 220322.01544241607, 1054143.6833631694 220322.0912296772, 1054143.948782593 220322.1273188442, 1054167.1249173433 220325.29693192244, 1054186.249879092 220327.6092632562, 1054205.249841094 220329.93734258413, 1054215.7501481771 220332.18733808398, 1054221.374808833 220333.51541942358, 1054224.6251304299 220334.24999800324, 1054227.7501241714 220335.0626604259, 1054326.8929705024 220372.5386353433, 1054328.1964455843 220371.82636642456, 1054330.3650764227 220370.9503839165, 1054332.8237329274 220370.35491266847, 1054335.545512259 220370.13017559052, 1054338.0668326765 220370.36377091706, 1054346.0907667577 220371.29093442857, 1054358.5891013443 220372.7348291725, 1054372.7006216794 220374.36540333927, 1054387.9955385923 220376.13213208318, 1054409.707109347 220377.66296891868, 1054425.0266325027 220378.48219300807, 1054441.5364420116 220379.3653933406, 1054457.865149513 220380.23907925189, 1054482.882487923 220381.57700309157, 1054506.0546856672 220382.9828401655, 1054526.9965729266 220384.50219409168, 1054545.7245538384 220385.86144334078, 1054560.4650099277 220386.9309950024, 1054583.2208699286 220388.58191034198, 1054593.6959145963 220389.55434933305, 1054601.0088920891 220390.53138150275, 1054611.3048032522 220392.13833367825, 1054623.383847341 220394.31746317446, 1054634.1699150056 220396.5372750014, 1054643.1515243351 220398.6124020964, 1054654.2443499267 220401.47296066582, 1054664.4280565977 220404.35418850183, 1054674.7702275068 220407.52511392534, 1054683.7830047607 220410.52510792017, 1054690.6714424193 220412.9975439161, 1054701.3403843343 220417.62581551075, 1054709.1914185137 220422.61629109085, 1054717.8121361732 220428.09593892097, 1054723.791783005 220431.89678433537, 1054730.137898922 220435.9305689186, 1054735.200552836 220439.14873833954, 1054740.3731146753 220442.43678951263, 1054744.8855728358 220445.3048940003, 1054751.1217808425 220449.26912492514, 1054756.2943426669 220452.55684800446, 1054763.7041047513 220457.2671404183, 1054769.0197109282 220461.52795867622, 1054780.0173923373 220470.65458083153, 1054791.6358074248 220480.29662191868, 1054803.0255484283 220489.74935892224, 1054818.8775508404 220505.23817308247, 1054827.7584385872 220514.4464880079, 1054834.1098038405 220521.48420359194, 1054839.564517334 220529.47270467877, 1054840.8775068372 220531.85819858313, 1054865.1081014276 220562.42145767808, 1054862.7567281723 220549.53696900606, 1054860.9906555861 220542.19183933735, 1054858.2632988393 220532.69284258783, 1054851.3742050081 220518.79195176065, 1054835.7200368345 220494.58694767952, 1054864.377459839 220527.4461339265, 1054979.5173214227 220687.84902833402, 1055046.7881842554 220762.2143651694, 1055101.224427089 220822.39206634462, 1055110.3520335108 220832.4822692573, 1055128.4812623411 220841.94419258833, 1055054.9912518412 220921.12808933854, 1055020.8098897636 220898.12780725956, 1054992.998593673 220907.02838000655, 1054932.2044239193 221042.95199267566, 1054930.193929255 221065.99000434577, 1054927.1995126754 221100.30686484277, 1054952.7877160907 221122.93017917871, 1055030.790512845 221170.50095017254, 1055068.3878785968 221162.13154433668, 1055087.511856094 221183.12297217548, 1055082.212326005 221251.48569634557, 1055014.366989255 221245.21996083856, 1055016.4516307563 221219.14947491884, 1054939.0807225108 221210.66655226052, 1054912.4459332526 221240.93650484085, 1054904.093915835 221357.8886987567, 1055004.5356440842 221368.18657842278, 1055006.3693018407 221345.25388149917, 1055061.6191913337 221350.91824024916, 1055077.7047890872 221352.56718708575, 1055080.7740086764 221374.85716874897, 1055048.0394940972 221484.46062408388, 1055088.3586391807 221525.8201214224, 1055088.0121831745 221583.5194810927, 1055098.0974648446 221611.76122251153, 1055087.9298342615 221622.7759642601, 1055084.8524125963 221624.4081788361, 1055082.368821755 221625.72510534525, 1055055.902011171 221639.7618226707, 1055033.8617009223 221661.5117791742, 1055034.1274484247 221665.2374935001, 1055037.4499483407 221711.80662609637, 1055050.7137013376 221728.0880895853, 1055089.4636238366 221745.96699084342, 1055111.1548534185 221766.47187109292, 1055106.8513843417 221769.01287651062, 1055082.4160657525 221783.4491993338, 1055078.9957970083 221785.46986459196, 1055079.0722404271 221788.3927590102, 1055079.5712551773 221807.489505589, 1055082.3661970943 221914.48830734193, 1055070.4643180072 221928.90068009496, 1055002.5566454232 222011.1344394982, 1054905.36687918 222076.00143575668, 1054902.876726672 222094.88295967877, 1054895.500101 222150.81526251137, 1054896.99583292 222155.53211659193, 1054925.8704470843 222246.57064841688, 1054919.6099609286 222253.8465525061, 1054900.200222835 222276.405890584, 1054912.1631254256 222281.52956800163, 1054922.9731431752 222286.15980808437, 1054908.7392477542 222300.25754892826, 1054896.3721465021 222312.50654017925, 1054901.56340909 222564.26128600538, 1054937.554478839 222619.03348617256, 1054949.8703990877 222644.93533726037, 1054949.4068173468 222646.96190801263, 1054949.7181684226 222650.38512951136, 1054950.6512374282 222653.4969999194, 1054951.9934263378 222656.44909375906, 1054960.9212300032 222673.72464975715, 1054966.8336197585 222682.74923799932, 1054968.0786960125 222685.23906242847, 1054969.012093097 222687.7282306701, 1054972.124291584 222698.3085900843, 1054973.369039759 222706.71047617495, 1054973.369039759 222711.69012500346, 1054972.5908260942 222717.7586824149, 1054960.769327417 222756.9147720933, 1054959.4346844256 222767.30648358166, 1054959.5813376755 222772.89013384283, 1054957.4635597616 222806.42254708707, 1054953.1213768423 222835.55044159293, 1054951.1827324182 222842.62063741684, 1054948.427816674 222848.76727867126, 1054945.7916670889 222853.6685155928, 1054949.0961224288 223004.83422376215, 1054972.7463375926 223024.43917141855, 1054996.0861859173 223047.7790197581, 1054994.5297585875 223069.56309692562, 1054996.3968808353 223109.39536634088, 1055018.0254465044 223120.286748752, 1055039.8085394204 223101.14866366982, 1055043.7967204303 223092.00399692357, 1055038.1523747593 223142.29064175487, 1054873.7927953452 223276.006581679, 1053433.6673947573 224447.63284733891, 1053313.7742618471 224507.5874518454, 1053309.1062921733 224509.14256684482, 1053304.549214676 224510.21507126093, 1053298.525932759 224511.63239125907, 1053288.0341558456 224512.7672315091, 1053278.609634012 224513.18881858885, 1053269.585045755 224512.87779559195, 1053260.249106422 224512.2550934255, 1053250.9131670892 224511.0100171715, 1053228.196020931 224507.27610075474, 1053209.2505207509 224503.13208016753, 1053197.6993627548 224499.80761174858, 1053186.80765225 224496.38439024985, 1053174.9982926697 224491.76333650947, 1053057.1097489297 224437.1909390837, 1053038.3683165908 224428.85532583296, 1053014.4060941786 224417.0302182585, 1052956.835671261 224386.22188092768, 1052950.3002512604 224382.17628534138, 1052932.0194479227 224365.99521534145, 1052910.6359605044 224352.94406034052, 1052910.492588088 224352.63500583172, 1052878.9171919227 224317.17772766948, 1052872.1448957622 224309.51468525827, 1052862.1691939235 224295.98354433477, 1052855.132462591 224284.44354116917, 1052851.31652534 224276.58102409542, 1052833.1042914242 224250.92621976137, 1052812.9960639179 224222.00239308178, 1052786.8970347643 224196.1002139151, 1052765.8340847641 224178.17997416854, 1052726.677338928 224137.32736559212, 1052699.9789015055 224083.3084447533, 1052689.0209181756 224073.2523625046, 1052655.2398177534 224017.5405316651, 1052651.9025540948 223980.82702241838, 1052652.7237466723 223943.86613833904, 1052631.6217547506 223858.6829097569, 1052595.314740762 223774.930780679, 1052563.793150261 223728.01256741583, 1052533.921818927 223674.04712417722, 1052480.3490914255 223584.7224996686, 1052453.3242110908 223555.6467704177, 1052443.4174067527 223542.63006417453, 1052436.5201108456 223530.12844875455, 1052428.4023449272 223509.83354184031, 1052422.8278810084 223497.45364533365, 1052412.598898843 223477.6551285088, 1052407.112689346 223468.8237813413, 1052399.3243190944 223462.40450283885, 1052398.6766825914 223461.78803426027, 1052397.742957428 223460.79164516926, 1052391.6009093374 223449.93733617663, 1052377.704283595 223417.47611500323, 1052369.7187352628 223396.22484517097, 1052356.9431702644 223362.37517534196, 1052345.1393880844 223329.6892170906, 1052342.6144587547 223277.46589633822, 1052343.3283680975 223239.6556045115, 1052340.1525214165 223206.77476476133, 1052319.942588091 223150.84967975318, 1052303.797607258 223112.90684226155, 1052293.6270239204 223067.94630225003, 1052301.4091605842 223010.91885726154, 1052300.2969580889 222980.92219808698, 1052287.7382561713 222930.7641619295, 1052290.7907435 222920.90722624958, 1052286.2136529237 222890.93779800832, 1052285.59160693 222881.91255359352, 1052282.479736507 222866.04217851162, 1052276.255667597 222839.27976484597, 1052274.6221406758 222834.8447343409, 1052271.2766749263 222831.9664592594, 1052268.1648045033 222830.56587150693, 1052253.538193345 222827.45432917774, 1052248.559856847 222825.89790183306, 1052245.4545480907 222824.3851095885, 1052241.5096740872 222822.46385358274, 1052236.4227420092 222819.9855120927, 1052233.3105435073 222819.0514588356, 1052225.5310315043 222818.1183898449, 1052221.2682447582 222818.5747537613, 1052216.817466259 222819.05014650524, 1052207.481855005 222819.0514588356, 1052202.8135572523 222817.92842958868, 1052201.3273397535 222814.95468226075, 1052204.0583054274 222811.89399284124, 1052214.0172750056 222805.981603086, 1052224.5976344198 222797.26803784072, 1052226.7757796794 222795.71226666868, 1052229.2659321725 222794.46751850843, 1052232.6533925831 222793.10695692897, 1052238.9125664234 222790.7332740128, 1052243.1133454293 222788.55447259545, 1052245.680597514 222785.9875485897, 1052247.314452514 222782.95376200974, 1052248.092666179 222780.15258650482, 1052247.9371546805 222776.72903692722, 1052247.625475511 222773.92851759493, 1052245.758681342 222768.01579976082, 1052242.9581620097 222761.7920589149, 1052236.7344211787 222751.52305059135, 1052232.065795347 222744.05423350632, 1052226.7761077583 222737.2084466666, 1052221.174741 222730.04999642074, 1052214.95067209 222723.51588875055, 1052209.611115843 222718.32921934128, 1052204.355877012 222713.2527859211, 1052204.0586335063 222712.93454508483, 1052204.0300902575 222712.93815401196, 1052203.5481358469 222712.47293183208, 1052198.0005747527 222707.45325684547, 1052193.602617681 222704.08088825643, 1052191.2998007536 222702.3541856706, 1052188.8559080064 222701.07367642224, 1052183.0245548338 222698.21082125604, 1052178.6036319286 222696.38142858446, 1052173.6535105854 222694.33287625015, 1052169.0918399245 222692.44541284442, 1052163.4461819232 222689.91359375417, 1052159.869417429 222688.19443708658, 1052156.6404212564 222685.55041350424, 1052156.1348448396 222684.3046810925, 1052155.9120762497 222681.77187775075, 1052156.6259855926 222678.47431217134, 1052157.5751306713 222676.86539150774, 1052158.624341175 222674.96874175966, 1052160.8028145134 222672.16855050623, 1052163.655171007 222670.24959108233, 1052165.7329227626 222669.7410619259, 1052167.755556509 222669.24598416686, 1052169.3221544176 222668.8624547571, 1052171.6948530972 222667.1892297566, 1052173.2506242543 222665.32243558764, 1052175.895960167 222659.56555734575, 1052176.3628227562 222657.23124441504, 1052176.7906434238 222650.5406410098, 1052179.2410978377 222648.5183353424, 1052184.7647088468 222648.82870216668, 1052187.2158194184 222648.08985850215, 1052185.6981059164 222637.0035945922, 1052182.897586584 222624.24541801214, 1052177.2958917618 222597.17066900432, 1052173.5616472512 222584.7231873423, 1052170.76079984 222578.18776734173, 1052166.09315826 222570.0969042629, 1052163.0879149288 222563.9099087566, 1052160.4133795947 222558.27081242204, 1052157.5150914192 222551.31380534172, 1052156.1348448396 222548.00246025622, 1052153.5288789272 222539.348934263, 1052152.0889211744 222534.30990234017, 1052149.2890579998 222525.5963370949, 1052147.7332868427 222519.06157325208, 1052147.1102565974 222509.10325983167, 1052147.8638640046 222501.81751325727, 1052148.0439817607 222499.61213709414, 1052150.844829172 222481.40744908154, 1052152.0889211744 222473.47144134343, 1052151.233607918 222468.7650859207, 1052146.6437220871 222464.29166966677, 1052143.9983861744 222463.2021049261, 1052138.5528590083 222461.87960100174, 1052134.3517519236 222459.93505108356, 1052132.0374520868 222456.58958533406, 1052133.5217010975 222454.02200517058, 1052135.6289803386 222452.5387404263, 1052138.1634240896 222450.7542951703, 1052144.9321113378 222448.10928733647, 1052147.4212795943 222446.2428212613, 1052148.9773788452 222444.37504284084, 1052150.533806175 222441.88489033282, 1052151.7703522593 222435.70150375366, 1052131.7690799236 222352.40409816802, 1052124.3931104243 222328.61116676033, 1052121.2812400013 222319.58625042439, 1052117.5469955057 222312.11841759086, 1052111.9456287622 222303.40452425182, 1052102.2986664176 222291.57941667736, 1052091.7179789245 222280.99807301164, 1052089.5398336798 222278.50857667625, 1052087.4647065848 222275.08601133525, 1052087.017200917 222273.11062158644, 1052086.5831466764 222271.19527108967, 1052086.7386581749 222267.9285453409, 1052087.9840625077 222262.63820159435, 1052090.4725745916 222255.79208667576, 1052095.1408723444 222245.2110710889, 1052099.8088420033 222237.74225400388, 1052102.2983383387 222234.31936058402, 1052108.8337583393 222228.09594783187, 1052111.6346057504 222224.9840774238, 1052123.7707363367 222207.8686260879, 1052138.708042428 222185.4615186751, 1052142.9150550067 222178.5412569195, 1052148.3553328365 222169.59179975092, 1052153.9566995949 222157.76603600383, 1052155.8234937638 222152.16466926038, 1052159.2473714203 222139.4055084288, 1052160.8028145134 222134.4268438369, 1052188.810632512 222065.03032909334, 1052192.5445489287 222057.5615120083, 1052199.0793127567 222047.9142215848, 1052211.2167556733 222032.3548694998, 1052223.3525581807 222018.66263967752, 1052233.3105435073 222012.1278758347, 1052235.697021678 222009.845400095, 1052241.7130857557 222000.3021120876, 1052257.5837889165 221968.56070575118, 1052264.119208917 221957.66833908856, 1052267.541774258 221953.31204858422, 1052278.808484003 221942.22217576206, 1052343.0255471766 221806.9065015018, 1052351.253549084 221769.3964059204, 1052355.2981604189 221754.1480768323, 1052360.1797123402 221742.2071558386, 1052377.704283595 221708.4024334252, 1052380.816482097 221668.25881291926, 1052383.617657587 221648.03116308153, 1052386.1068258435 221632.15980376303, 1052393.2642918378 221603.84161892533, 1052398.7606719285 221574.22061517835, 1052400.4214297533 221567.74293783307, 1052409.446674168 221545.33681467175, 1052413.9069670886 221538.5146498382, 1052426.2507744282 221522.93134766817, 1052435.8980648369 221507.99404159188, 1052439.9430042505 221500.83624750376, 1052441.032569006 221496.47995699942, 1052441.1884085834 221491.81165926158, 1052439.9430042505 221475.63026116788, 1052441.3439200968 221469.9501544237, 1052443.3662257642 221467.53939808905, 1052447.7228443474 221464.1155204177, 1052450.2126687616 221460.38160400093, 1052451.4574169219 221456.95805442333, 1052453.9465851784 221447.62277124822, 1052454.5692873448 221443.26582458615, 1052453.0135161728 221417.43713608384, 1052453.3242110908 221412.768838346, 1052454.258264333 221408.7232427597, 1052462.3491274267 221387.5621958375, 1052471.9960897565 221357.37656067312, 1052474.174563095 221352.0858888328, 1052490.3569454253 221323.4556967616, 1052495.3352819234 221313.18701650202, 1052497.2033884227 221307.89700083435, 1052498.758831501 221302.9176800847, 1052499.3815336674 221297.93868742883, 1052498.758831501 221262.46205234528, 1052500.003907755 221212.3604465127, 1052500.314930752 221204.8922855854, 1052500.9376329184 221199.9126367569, 1052501.870701924 221195.24433900416, 1052503.7378241718 221190.57669742405, 1052505.9162975103 221186.53110183775, 1052523.6544510126 221159.45733709633, 1052527.3886955082 221152.6115502566, 1052531.1232680976 221143.2752828449, 1052537.9690549225 221104.37641049922, 1052542.0146505088 221087.88267709315, 1052549.1737569273 221066.5339665115, 1052551.965418011 221060.7098311782, 1052555.0848343372 221055.20754559338, 1052558.507727757 221050.22822484374, 1052578.7360337526 221026.578009665, 1052587.759965837 221012.88545174897, 1052603.1844756752 220967.06369300187, 1052608.921668917 220946.6014635861, 1052608.921668917 220934.4646768421, 1052608.119505167 220930.45484234393, 1052604.253371179 220915.48144708574, 1052593.9840347618 220892.45294983685, 1052586.5158738345 220877.51597183943, 1052576.8078880012 220860.73090042174, 1052573.4450338334 220855.4218559265, 1052566.287567839 220845.77390934527, 1052558.507727757 220836.43862617016, 1052544.5041468441 220822.12369416654, 1052539.3840783387 220818.2490300089, 1052532.9900622517 220813.41045700014, 1052526.0205880105 220806.4272032529, 1052519.2975043356 220798.4734790027, 1052515.8749390095 220793.8048531711, 1052513.4628703445 220788.5151655823, 1052513.229275003 220786.1808526665, 1052516.341145426 220778.09031766653, 1052516.4969850034 220775.75600475073, 1052515.252236843 220769.8432869166, 1052512.7627405077 220764.24126400054, 1052509.6508700848 220758.64022533596, 1052505.2939234227 220752.10546150804, 1052499.8480681777 220746.03756025434, 1052494.4146800935 220741.43914425373, 1052490.6676403433 220738.72327041626, 1052487.5554418415 220737.16815541685, 1052479.42586492 220735.37878891826, 1052476.6640594304 220736.2344302535, 1052469.8550179303 220740.8748409152, 1052466.395051092 220742.56315775216, 1052463.67195943 220742.7695221752, 1052461.1047073454 220741.83612509072, 1052458.9262340069 220740.90174375474, 1052454.5794579238 220737.90240591764, 1052453.3242110908 220736.85680434108, 1052451.1467220038 220734.52281950414, 1052449.590294674 220731.87715551257, 1052447.7228443474 220726.58746792376, 1052447.2589345127 220722.68950983882, 1052445.9548032582 220712.455278337, 1052445.5446990877 220710.40508559346, 1052444.6106458455 220707.60489434004, 1052438.0765381753 220695.15675650537, 1052433.4689358473 220688.00749258697))","QN","LP-01957","Yes","Douglaston Historic District","No","DESIGNATED","DESIGNATED",,"1/14/1997",,"06/24/1997","11/19/1996","15174.277201416888","9583149.361540211"
"POLYGON ((1054410.0371611714 219847.50261192024, 1054345.101923585 219776.74717600644, 1054339.4316593409 219769.58610108495, 1054338.511057511 219769.54443450272, 1054332.4470932633 219763.0319803357, 1054328.114752844 219757.13468241692, 1054324.9982892573 219751.35811917484, 1054324.86639975 219751.11304092407, 1054324.6403503418 219750.6944065839, 1054321.6072199196 219741.57533033192, 1054320.3982328475 219729.70757192373, 1054326.811277762 219644.50597067177, 1054488.5773584247 219661.04169875383, 1054490.1866071671 219661.20410001278, 1054490.1859510094 219661.2634830922, 1054538.276734084 219666.5902440846, 1054518.5047920048 219877.6426435113, 1054476.4704272598 219872.09967559576, 1054469.4920947552 219871.81096225977, 1054459.1016955972 219870.50847142935, 1054452.271000594 219869.06162391603, 1054445.551853925 219867.15874059498, 1054438.9737830907 219864.81294475496, 1054432.5695964247 219862.03079809248, 1054429.4396814257 219860.47896392643, 1054424.6040611714 219857.80114775896, 1054417.5095871687 219853.38711458445, 1054410.0371611714 219847.50261192024))","QN","LP-02255","Yes","Douglaston Hill Historic District Amendment","No","DESIGNATED","DESIGNATED","AMENDMENT KNOWN AS BOTH LP-2155A AND LP-02255","3/13/2007",,"01/30/2007","04/03/2007","775.928907898294","37996.905762317154"
"POLYGON ((994646.4663998336 170358.8778360933, 994648.9785339236 170341.2240000069, 994684.0414559245 170094.81996525824, 994736.9734366685 169722.8462997526, 994743.0170597583 169690.37261141837, 994743.6069535911 169687.20463874936, 994751.5619901717 169644.46062976122, 994782.6698675901 169423.97124134004, 994791.4549550116 169361.7023370117, 994847.8885691762 168964.70542758703, 994848.0883719176 168964.73462700844, 994912.3457893431 168974.0859862566, 994928.5360456705 168860.80012358725, 994931.9507370144 168843.61905558407, 995204.2822133452 168883.6534243375, 995267.304068923 168893.37256500125, 995480.5483930856 168924.06804166734, 995529.0620755851 168931.16448417306, 995696.1595104188 168955.97906708717, 995790.8791372627 168969.72411833704, 995901.6745193452 168985.1843892485, 995899.6728829294 169000.47208833694, 995883.3819050044 169112.90132541955, 995900.4835768342 169115.35079558194, 995897.6915876716 169134.61945784092, 995879.392411679 169131.99938434362, 995863.6818131804 169240.42567667365, 995881.5000190139 169242.9768526703, 995815.6225260943 169697.6229249984, 995846.0427408367 169701.978559345, 995822.9624064267 169863.1655729264, 995803.8325234205 169860.46610325575, 995801.5792470872 169877.41587249935, 995778.403112337 170037.1143720001, 995748.6574369222 170032.86930175126, 995706.9488589168 170319.6475995928, 995733.711928755 170323.4671457559, 995712.5633490086 170469.19487267733, 995687.6224540025 170465.6351685077, 995654.3190429211 170695.11896151304, 995694.2274276763 170700.81448817253, 995654.489646256 170974.63546283543, 995651.8285623342 170994.10294358432, 995642.4125706702 170988.17907091975, 995642.4168357551 170988.15085574985, 995509.0063414276 170903.490263924, 995462.1658839285 170875.24556975067, 995260.9195672572 170747.61787225306, 995217.9472122639 170719.2583489269, 995019.8691963404 170594.8055138439, 994957.8164989203 170555.97127392888, 994646.4663998336 170358.8778360933))","BK","LP-02208","Yes","Fiske Terrace-Midwood Park Historic District","No","DESIGNATED","DESIGNATED",,"10/16/2007",,"03/18/2008","09/19/2006","6025.505247407298","1881087.726030084"
"POLYGON ((1000646.1486261785 186498.44857525826, 1000635.8786335886 186348.75202424824, 1000634.9839503467 186336.66871508956, 1000713.9762464166 186331.62935508788, 1000760.7025309205 186327.00338009, 1000917.6717051715 186314.69270917773, 1000963.5941855013 186312.2015724182, 1001044.415218085 186307.10873484612, 1001045.1494685858 186317.63167966902, 1001050.0979495049 186387.6512246728, 1001054.8308796734 186451.76789434254, 1001056.1501027644 186469.6444990039, 1000646.1486261785 186498.44857525826))","BK","LP-02309","Yes","Alice and Agate Courts Historic District","No","DESIGNATED","DESIGNATED",,"9/16/2008",,"02/10/2009","05/13/2008","1146.6659966846512","66981.05451633997"
"POLYGON ((1001079.5637698472 186097.35456116498, 1000631.9222766757 186128.09826609492, 1000631.6207680851 186123.77248734236, 1000610.780258596 186125.20391492546, 1000608.1811824292 186091.10194900632, 1000527.1797040105 186096.66460192204, 1000510.031444341 186098.32339125872, 1000504.6193816811 186029.50331892073, 1000502.2801475078 185975.63531641662, 1000485.649603337 185746.9185822606, 1000481.9619466811 185692.40097475052, 1000465.2001691759 185463.48410975933, 1000463.6883611679 185435.5678270012, 1000446.5292747617 185436.84702391922, 1000425.7579908371 185145.44209492207, 1000442.4344666749 185144.22949892282, 1000437.906916678 185074.7447297573, 1000419.5801816732 184807.5503822565, 1000415.9581416696 184765.0898372531, 1000395.2921725065 184490.27739475667, 1000392.3289238364 184441.40610142052, 1000348.8651000112 184444.41462558508, 999635.4022880942 184493.83381809294, 999590.6097267568 184497.02016341686, 999580.5362560898 184333.5939810872, 999516.5055442601 183443.2361817509, 999566.6297878474 183440.58231566846, 999750.3531736732 183427.48227626085, 999787.3547400832 183424.87663842738, 999788.1864313334 183408.86387516558, 999842.3631602526 183419.9278294295, 999840.8421659172 183399.28384183347, 999908.7406521738 183394.5036676675, 999910.3403865099 183416.21884733438, 999922.1392474174 183415.3878122568, 999929.6087206751 183516.77802942693, 999931.0076680034 183542.7523869276, 1000285.5286125094 183517.9532239288, 1000327.3392244279 183515.4102500081, 1000325.5875875056 183484.63636142015, 1000316.5823561698 183361.68286716938, 1000331.0445975959 183360.63004775345, 1000414.6717269272 183354.73996767402, 1000416.5116182566 183379.95415608585, 1000935.2441765964 183343.48408466578, 1000942.7536760122 183445.2263352573, 1000944.3071505874 183470.63999833167, 1001052.892563343 183463.19939641654, 1001054.3820616752 183463.44873975217, 1001056.1701158434 183464.0491322577, 1001057.8269366771 183464.9480805844, 1001059.3033116758 183466.12261892855, 1001060.3203700036 183467.2348214239, 1001061.3603941798 183468.80962142348, 1001062.1149858385 183470.53862059116, 1001062.6038300097 183472.74662141502, 1001069.7166766673 183570.23658391833, 1001054.2692010105 183571.26446901262, 1000953.5459772497 183578.37567526102, 1000954.8117227554 183597.02163533866, 1000904.5887260884 183600.57182508707, 1000906.0477126688 183622.06259575486, 1000895.7219459265 183622.7925811708, 1000834.3956250101 183630.08160859346, 1000834.1229877621 183627.14755934477, 1000832.1046190858 183597.41828808188, 1000723.1412543356 183605.2949127555, 1000722.4939459264 183613.38052651286, 1000692.833900258 183607.4858532548, 1000692.1252402514 183596.98193725944, 1000672.8103182614 183598.34577967227, 1000672.7263289243 183597.11120209098, 1000652.1965143383 183598.56067425013, 1000651.7467120886 183591.56626567245, 1000632.040058583 183592.95766708255, 1000631.9121060967 183590.96160808206, 1000615.670668751 183592.10825933516, 1000615.1575464308 183584.12435142696, 1000599.112631008 183585.25755125284, 1000598.7274611741 183579.26937425137, 1000582.5923228413 183580.40847958624, 1000582.4000660032 183577.41471917927, 1000549.9860888422 183579.70342850685, 1000551.7419908345 183607.01702217758, 1000532.8594826758 183608.35035283864, 1000533.4874341786 183618.12461151183, 1000432.8767430037 183625.228271842, 1000431.1700535119 183598.67550341785, 1000350.3178530037 183604.38382533193, 1000299.9774025083 183607.42318934202, 1000301.2247753441 183625.20727451146, 1000288.2464548349 183626.04126234353, 999785.0686554164 183661.97754217684, 999794.9314965904 183802.1012776792, 999798.7635099292 183874.77993808687, 999949.2523821741 183863.6880967617, 999950.9092030078 183888.30714200437, 999968.7605452538 184136.68787883222, 999971.4360648394 184180.7205991745, 1000327.8992626667 184156.26428325474, 1000386.8187642545 184151.36534291506, 1000465.4623077512 184146.08221700788, 1000462.254637003 184098.33428101242, 1000454.1165299267 183994.62976400554, 1000473.9977237582 183993.15470133722, 1000474.8080895841 184002.76983958483, 1000534.7994394302 183998.7655825019, 1000524.7984751761 183869.84326817095, 1000613.834058255 183863.9006947577, 1000628.3674937636 183862.89380700886, 1000629.0115213394 183873.33768375218, 1000665.7181408405 183870.49746634066, 1000760.7140138447 183863.85640349984, 1000766.3084908426 183944.91135950387, 1000977.993106842 183929.66795167327, 1000986.9806216806 184059.91112950444, 1000990.9724115878 184108.89692392945, 1001093.8111166805 184102.43040142953, 1001151.7604758441 184097.8011455834, 1001238.3413394243 184092.26539550722, 1001239.4722426683 184108.17907759547, 1001257.9164315015 184366.74155259132, 1001258.9010095894 184382.5906022489, 1001169.6377366781 184388.19098475575, 1001128.2106541693 184390.90981133282, 1001130.4219358414 184443.63706809282, 1001149.477015838 184713.459363088, 1001149.3753100038 184714.87012141943, 1001148.9783291668 184716.59583975375, 1001148.4501150101 184717.90817308426, 1001147.744735837 184719.13520476222, 1001146.6390950084 184720.51315476, 1001145.310357511 184721.68113142252, 1001143.8044550121 184722.60632641613, 1001142.4954025 184723.14766392112, 1001140.0741475075 184723.64963142574, 1000998.9999545962 184730.48459149897, 1001001.8772454262 184777.57701700926, 1001010.7512434274 184907.2158653438, 1001046.436539501 184904.8543215096, 1001047.9250535965 184926.60657459497, 1001125.9668922573 184921.4412305951, 1001125.987561509 184922.04129500687, 1001133.2145811766 185025.097847417, 1001133.9029000103 185036.94526466727, 1001170.594427675 185034.47578142583, 1001174.1301817596 185087.1069097519, 1001160.9796175063 185087.98617309332, 1000885.5507064164 185105.35884176195, 1000886.2154032588 185114.0238506794, 1000895.6625628471 185243.27752916515, 1000968.3825617582 185238.12530849874, 1000977.6978318393 185365.57518483698, 1000983.0813512504 185430.9119964242, 1000991.0557447523 185539.98559717834, 1000999.0547445118 185649.25276708603, 1001000.3352537602 185665.77537183464, 1000955.2667743415 185669.08540458977, 1000958.5426864177 185717.38616099954, 1000965.6440501809 185829.93449233472, 1000965.0482508391 185829.97615891695, 1000971.7733030021 185936.5592790842, 1000975.1929155886 185986.25767050683, 1001071.3341275007 185979.2140494287, 1001072.3912120014 185994.44794283807, 1001079.5637698472 186097.35456116498))","BK","LP-02489","Yes","Crown Heights North III Historic District","No","DESIGNATED","DESIGNATED","<Null>","1/17/2012",,"03/24/2015","06/28/2011","13229.705555476463","2062252.7847911294"
"POLYGON ((998275.1176070869 185573.6905822605, 998273.9558640122 185557.65288467705, 998266.5126374215 185455.81417758763, 998367.1571211666 185448.64424441755, 998365.7683444172 185429.64264200628, 998465.6004938334 185423.69514733553, 998565.347669676 185416.58853425086, 998555.4953271747 185281.78335766494, 998552.057998091 185223.95702975988, 998501.4872330874 185227.6427179277, 998500.3455030918 185209.72674325109, 998489.491522178 185053.07613791525, 998439.3695751727 185056.64765308797, 998439.7406374216 185062.00722242892, 998390.0993325114 185065.5449450016, 998391.8253789246 185090.45106317103, 998342.2762654275 185093.9822240919, 998339.1660354286 185049.08992542326, 998305.4584256709 185051.4921515882, 998308.5689837635 185096.38445025682, 998275.5615038425 185098.7364796698, 998273.8357855082 185073.82970534265, 998240.7321771681 185076.18862450123, 998241.0146569312 185080.26309141517, 998175.2221375853 185084.95173034072, 998167.7392129302 184976.94899359345, 998164.1923040003 184928.70597983897, 998129.250444755 184931.10000392795, 998126.3994005919 184931.0671955943, 998123.613973096 184930.45367975533, 998121.4256572574 184929.51864226162, 998119.8114872575 184928.51470725238, 998118.3449547589 184927.2975180894, 998117.0621489286 184925.89332142472, 998115.9794739187 184924.32836392522, 998114.9394497573 184922.1892605871, 998095.9270205945 184648.9122480899, 998091.5799164176 184597.78046059608, 998079.6806620061 184442.9205340892, 998072.2787739187 184328.44044809043, 998072.3115822524 184327.16748476028, 998072.4067264199 184326.32431058586, 998072.6560697556 184325.07431308925, 998073.1842839271 184323.46342392266, 998073.9290330857 184321.93783642352, 998074.8739130944 184320.5270780921, 998076.0058005899 184319.26067642868, 998077.2984489202 184318.1615972519, 998078.7288922518 184317.24952559173, 998080.2708839178 184316.53758475184, 998082.311562255 184315.96015809476, 998110.7645893395 184314.12518800795, 998107.070371002 184266.70041409135, 998099.7659236789 184162.351213336, 998181.5036210865 184156.49426966906, 998177.624691844 184101.0832912624, 998151.7625388354 184102.93630592525, 998150.2343266755 184081.1020320058, 998148.9587386698 184062.88684533536, 998144.494836837 183999.12384951115, 998143.4430016726 183985.06679101288, 998160.8698040843 183983.79054683447, 998156.7792610973 183933.40875783563, 998149.8714665025 183834.69635683298, 998145.719900012 183775.37003192306, 998046.6049407572 183782.31785267591, 998033.3562795967 183783.16693234444, 998026.4291280955 183678.73046141863, 998022.4888472557 183623.1104939282, 998008.4796889275 183427.7762389183, 998007.5410425067 183415.6033630073, 998015.3103839308 183415.04004392028, 998728.6094822586 183364.35116891563, 998782.4938889295 183360.65038892627, 998888.675435096 183352.4292767495, 998889.477598846 183362.85707741976, 998893.866697669 183423.27296708524, 998898.9162282497 183492.7816863358, 999399.6986912638 183457.7122026682, 999399.2597157508 183451.6685795933, 999501.3792621791 183444.51669099927, 999516.5055442601 183443.2361817509, 999523.3847955912 183540.3285072595, 999527.4792755842 183592.5692164153, 999543.7194005847 183833.7006239295, 999548.7784455866 183902.47017142177, 999567.84992975 184166.42961725593, 999572.108451426 184219.99906392395, 999580.7550876737 184337.22684784234, 999589.9397805929 184489.55889225006, 999595.1202164292 184547.24906559289, 999605.1608787626 184683.93776859343, 999590.4437165856 184685.10968226194, 999457.2284318358 184694.35244591534, 999457.0529072583 184691.959077999, 999387.2282437533 184696.803228423, 999396.7105082572 184825.90106734633, 999398.9972490966 184858.2769868374, 999149.7726819217 184875.92065234482, 999152.3622436672 184908.35529875755, 999160.1417556703 185012.92267492414, 999358.4021859169 184998.90170559287, 999369.6488825977 185150.07167883217, 999372.4303730875 185187.45710276067, 999181.2585113347 185200.5794518441, 999183.8556190133 185236.92386734486, 999202.0632597506 185491.71404017508, 999204.4379269183 185524.82125742733, 998928.115316838 185544.36452542245, 998938.8862926811 185699.12504267693, 998587.0018258393 185723.7079987526, 998586.3148193359 185714.16930392385, 998511.6079477519 185719.51181292534, 998512.2946261764 185729.0505077541, 998487.3780093342 185730.83232833445, 998486.0942192525 185713.00198341906, 998386.8952706754 185720.0961293429, 998379.4746818393 185617.02514125407, 998376.5340709239 185566.49866750836, 998275.1176070869 185573.6905822605))","BK","LP-02361","Yes","Crown Heights North II Historic District","No","DESIGNATED","DESIGNATED",,"10/27/2009",,"06/28/2011","06/23/2009","9159.115159432004","2771796.8393166983"
"POLYGON ((998017.0551310927 185744.95270691812, 998057.260103181 185742.12266008556, 998058.621649012 185760.78797708452, 998120.6454750896 185756.42217217386, 998173.355999589 185752.01502875984, 998170.1863865107 185707.94556309283, 998184.2247442603 185706.8694497496, 998284.5434412509 185699.72477900982, 998286.5267050117 185727.27360841632, 998486.0942192525 185713.00198341906, 998486.9370653331 185724.70701250434, 998487.3780093342 185730.83232833445, 998512.2946261764 185729.0505077541, 998511.9002700001 185723.57512500882, 998511.607619673 185719.51181292534, 998586.3148193359 185714.16930392385, 998586.7478893399 185720.1811029166, 998587.0018258393 185723.7079987526, 998938.8862926811 185699.12504267693, 998929.8557989299 185571.08560058475, 998928.115316838 185544.3641973436, 999204.4379269183 185524.82125742733, 999202.0632597506 185491.71404017508, 999194.0002837628 185378.88322909176, 999181.2585113347 185200.5794518441, 999250.8666398376 185195.58864817023, 999251.2714946717 185195.7733590901, 999282.5749097615 185193.62474134564, 999369.3723083436 185187.66281101108, 999372.4303730875 185187.45710276067, 999358.4021859169 184998.90170559287, 999160.1417556703 185012.923003003, 999155.3543636799 184948.56912909448, 999155.1030518413 184945.30404375494, 999152.3622436672 184908.35529875755, 999149.7726819217 184875.95838192105, 999159.8238429278 184875.24545684457, 999231.625208512 184870.1513069272, 999364.587541014 184860.71825492382, 999525.171865508 184849.3255611658, 999590.0175363421 184844.61953383684, 999632.8527525067 184839.54506891966, 999655.4645839185 185168.02866391838, 999747.0654505938 185161.11660425365, 999896.4152175039 185149.84694175422, 1000087.9469866753 185135.8869959265, 1000299.1089659184 185120.03204075992, 1000423.2780089229 185110.65016976, 1000427.9089051783 185175.61887183785, 1000435.0732609183 185276.12851333618, 1000440.0033691674 185345.29110467434, 1000443.8051988333 185398.6292525828, 1000446.5292747617 185436.84702391922, 1000394.7111369222 185440.4756255895, 1000312.9921402633 185446.19707083702, 1000315.0170705914 185477.91387091577, 1000323.5859510899 185595.36475150287, 1000302.0846817642 185596.89165133238, 1000309.5187220126 185698.96493799984, 1000310.8943754286 185714.4330829233, 1000411.6500794291 185707.46885800362, 1000415.1818965077 185755.18693841994, 1000423.0785342604 185866.59878909588, 1000392.2058925927 185868.81630434096, 1000399.864669919 185976.88006459177, 1000401.6635508388 186009.89049725235, 1000214.4985708445 186023.2795780897, 1000223.7849695832 186153.85083925724, 1000223.2469129264 186153.88397566974, 1000223.8210587502 186154.35575950146, 999931.6766299307 186175.53353866935, 999932.7579925954 186190.74085733294, 999863.4792597592 186195.7628289163, 999862.3483565003 186179.8642386794, 999760.3183768392 186187.26087741554, 999728.07303451 186189.5974869281, 999705.7899425924 185870.13388700783, 999673.362842083 185872.47968283296, 999570.9322726727 185879.8897730112, 999572.7206549197 185904.26406808197, 999547.7380933464 185906.0714791715, 999550.0264745951 185937.2475979179, 999500.6144999266 185940.8214096725, 999499.9776901752 185932.1452459246, 999399.1301228404 185939.4398507625, 999399.2456081808 185941.01399458945, 999398.8492835015 185941.1255429238, 999363.2486329228 185943.74003900588, 999363.761427179 185950.72066809237, 999251.254762426 185958.85877516866, 999250.7721518427 185952.27676734328, 999175.5685620904 185957.71671709418, 999176.0515007526 185964.29872491956, 999101.2964009196 185969.70586633682, 999100.8065725118 185963.02805817127, 999100.7698271722 185962.5257625878, 999091.4394652545 185834.68677942455, 999069.2498770952 185836.52568650246, 998970.2494189292 185843.82225984335, 998957.7999687642 185844.7402370125, 998955.2737270892 185845.80585166812, 998953.3629697561 185847.17756809294, 998951.7770149261 185848.91411317885, 998950.0240656734 185852.40590408444, 998949.553594172 185855.1073422581, 998956.4233310968 185951.28333100677, 998922.5615221709 185953.29973116517, 998925.7458990067 185999.1142720878, 998932.9801365137 186088.1895532608, 998935.237349838 186135.67371025681, 998942.3551177531 186238.08557891846, 998942.8429776728 186245.10492183268, 998943.1585938334 186249.63444033265, 998675.9294695109 186267.07239758968, 998675.1797990948 186267.12128201127, 998675.2549301684 186268.19673916698, 998676.7263839245 186289.32136884332, 998596.7626330853 186294.50442934036, 998596.1527261734 186285.74526050687, 998527.6417083442 186290.18586842716, 998518.6968443394 186160.84032659233, 998526.114480421 186160.32523575425, 998519.8274195045 186077.54587376118, 998517.9976987541 186053.45897966623, 998513.5288756788 185994.6172338426, 998386.6679089218 186003.5627540052, 998386.6492081732 186003.30684900284, 998326.5387640893 186007.42954416573, 998326.5656669289 186007.8002783358, 998204.8611859232 186016.38261026144, 998204.8510153443 186016.24087825418, 998196.9166480005 186016.95577183366, 998151.9147695005 186021.2156058401, 998151.7517120838 186018.7123299986, 997962.3498599231 186032.55908708274, 997814.1332928389 186042.880588755, 997814.3593422621 186046.06070050597, 997727.1574169248 186052.38811567426, 997726.9018400013 186048.95505167544, 997659.3691666722 186053.6581262499, 997658.2428565919 186061.28770416975, 997539.480298847 186069.5577007532, 997540.1597594172 186079.11870525777, 997547.4494430125 186181.6788675934, 997549.5767353475 186211.68865008652, 997380.3543047607 186224.49308642745, 997338.8940858394 186236.87462334335, 997360.704081595 186096.27615125477, 997390.629874751 185903.35855808854, 997382.5462295115 185783.1721186787, 997416.1997055113 185781.18426175416, 997491.5174682587 185775.93722499907, 997512.9606668353 185774.37325175107, 997513.4006265849 185780.4067042619, 997693.8933758438 185767.70167717338, 997694.5547918379 185776.76891624928, 998017.716219008 185754.0202740878, 998017.0551310927 185744.95270691812))","BK","LP-02204","Yes","Crown Heights North Historic District","No","DESIGNATED","DESIGNATED",,"9/19/2006",,"04/24/2007","06/20/2006","11084.084314960433","1854973.1964729393"
"POLYGON ((984946.8571901768 190360.3926230073, 985066.312988013 190316.92026901245, 985111.2981342524 190440.0269781649, 985095.0189673454 190445.7526885122, 984990.8564460129 190482.794937253, 984986.1179384291 190469.56268025935, 984946.8571901768 190360.3926230073))","BK","LP-01554","Yes","Cobble Hill Historic District Extension","Yes","DESIGNATED","DESIGNATED",,"11/12/1985",,"06/07/1988",,"516.0684871180565","16638.35120910259"
"POLYGON ((985003.8603570014 190997.86083625257, 984971.6169831753 190910.63824167848, 984970.5297150016 190907.6973026693, 985225.7687058449 190814.70240992308, 985246.6295565069 190807.01607358456, 985207.3012230843 190699.78597308695, 985326.1172584295 190656.3506925106, 985317.9410936683 190634.05611766875, 985283.139654085 190538.8276335895, 985249.7765318453 190550.93948601186, 985214.0416951776 190452.9088421762, 985203.4613357633 190423.96500241756, 985187.453493759 190429.78356033564, 985116.9234510958 190455.41999199986, 985111.1235939264 190439.5483045876, 985066.312988013 190316.92026901245, 985041.5620532632 190325.8972851783, 984946.8571901768 190360.3926230073, 984950.6898596734 190371.05172242224, 984763.4195649177 190439.26287208498, 984762.9740277529 190438.0243575126, 984746.4989950955 190392.21244125068, 984744.859890759 190392.80167892575, 984650.2311430126 190427.27667558193, 984626.137687251 190436.0243615061, 984598.8549334258 190362.21643824875, 984508.0204694271 190114.85505634546, 984422.2706409246 189879.90441074967, 984334.235055834 189641.21099050343, 984072.0974567533 188930.39253026247, 984287.222026512 188853.69156816602, 984504.9761841744 188773.36856609583, 984758.73289451 188681.30280533433, 985019.1224655956 188584.5736680925, 985295.1235540062 188483.27793891728, 985553.5876040012 188388.5304250121, 985572.7893372625 188383.04848058522, 985664.1487345845 188632.86753475666, 985675.8783699274 188664.36189433932, 985753.7351695895 188876.93528808653, 985788.6379869282 188974.42721909285, 985800.8889466673 189005.31265600026, 985843.683808595 189123.9049385041, 985888.0511739254 189244.56250558794, 985933.6327756792 189369.7860084176, 985972.9857153445 189480.21492141485, 986023.7664536685 189615.48269550502, 986086.3499899209 189785.85965134203, 986116.9139051735 189869.5058095008, 986189.5856758356 190065.0956414193, 986209.3792714179 190119.11128142476, 986278.4962591678 190309.91733025014, 986295.8725367635 190356.2981429994, 986367.7365662605 190549.24559175968, 985813.8370835036 190749.3505064994, 985294.7246046811 190938.1526223421, 985018.9295525849 191038.89389067888, 985003.8603570014 190997.86083625257))","BK","LP-00320","Yes","Cobble Hill Historic District","No","DESIGNATED","DESIGNATED","BOUNDARIES DIFFER FROM TIME OF PUBLIC HEARING","7/12/1966; 9/13/1966",,"12/30/1969",,"8669.823795813958","3387649.41052796"
"POLYGON ((994723.7152610868 188930.55755616724, 994722.7618509233 188936.83116567135, 994705.0164795965 188933.8577464223, 994605.1616924256 188919.13927191496, 994523.0785232633 189459.27631500363, 994624.1941346675 189474.18015658855, 994641.1757280082 189476.6437343359, 994626.458893925 189574.16158391535, 994619.886072427 189616.95743009448, 994660.7107939273 189623.19035725296, 994802.2052615881 189645.22607433796, 994799.9375495911 189659.9776852578, 994784.8348895013 189761.8662610054, 994647.9421186745 189740.81610625982, 994600.0511383414 189733.74066108465, 994584.3887680918 189841.05081392825, 994575.8881289214 189893.6556955874, 994543.3685089201 190104.2917572558, 994543.0496119261 190105.40264742076, 994542.6358988434 190106.45612300932, 994542.1342594177 190107.45119975507, 994541.4652975053 190108.50237876177, 994540.6454172581 190109.53190425038, 994539.7340017557 190110.4443040043, 994538.7963395864 190111.20873817801, 994537.7267879248 190111.90591526031, 994536.5988374203 190112.48301383853, 994535.3652440906 190112.95348533988, 994534.1346035004 190113.29108308256, 994533.0220729262 190113.4475788325, 994531.9610514194 190113.51417975128, 994530.7143347561 190113.47480975091, 994529.8908455968 190113.37310391665, 994048.789445594 190039.75120392442, 993998.4470265955 190031.69774234295, 993985.525464505 190029.63672283292, 993975.9149194211 190089.35904434323, 993975.8220718354 190090.13496142626, 993972.3844146729 190097.10377950966, 993969.2594209164 190104.16642941535, 993966.3217627555 190111.33833108842, 993963.6344321668 190118.6037365049, 993961.1971010864 190125.96330183744, 993959.0717772543 190133.40095101297, 993957.1344451755 190140.91635592282, 993955.509448424 190148.47900484502, 993954.1344511807 190156.10398958623, 993892.9072114229 190554.0349522531, 993881.470226422 190612.16147641838, 993825.8217156678 190965.90092642605, 993776.9494380951 191310.16861058772, 993777.1233222634 191311.5728072524, 993770.7775344253 191373.21769708395, 993755.8474461734 191467.75753425062, 993744.1732569188 191465.8008452505, 993642.1905212551 191449.6620980054, 993645.8230599165 191425.6588651687, 993544.5046930015 191409.62510459125, 993486.4414889216 191400.17171141505, 993483.1409705877 191420.7395836711, 993465.8175144196 191417.9489068389, 993262.6922645122 191387.53951883316, 993249.8428807557 191385.87843292952, 993263.8303855956 191292.753947258, 993270.3484171778 191247.54275159538, 993236.359968096 191241.99945558608, 993020.4712922573 191210.91027891636, 993019.1228697598 191210.46736642718, 993018.2501680851 191210.09335142374, 993017.4102747589 191209.66356225312, 993016.5999089181 191209.17471808195, 993015.4516172558 191208.33810558915, 993015.0907255858 191208.03298808634, 993014.398469761 191207.389944762, 993013.7521455884 191206.6976889223, 993013.3617264181 191206.2285297513, 993012.6104155928 191205.18850558996, 993012.1215714216 191204.37813974917, 993011.8984747529 191203.9614739269, 993011.4949322641 191203.10517641902, 993011.1537255943 191202.22263225913, 993010.871573925 191201.32040308416, 993010.7534639239 191200.86108642817, 993010.5697372556 191199.9326105863, 993010.4483464211 191198.99429225922, 993010.392572254 191198.04941225052, 993010.402414754 191197.10125142336, 993010.5402097553 191195.69049309194, 993022.3574433476 191124.14306400716, 992817.8919730037 191095.04666550457, 992829.0848640054 191021.72200900316, 992864.1254763454 191027.07107967138, 992884.4945300967 190897.8938445896, 992899.7556544244 190797.91897892952, 992894.6595360041 190797.13551592827, 992905.8589886725 190723.7675524205, 992900.9751401693 190723.01656967402, 992904.9580718428 190699.33748316765, 992911.4101586789 190657.07116350532, 992906.6647613347 190656.34150616825, 992915.4672371745 190598.6759390831, 992911.7887668461 190598.1103234291, 992918.7008265108 190552.83055834472, 992915.7424990833 190500.08066384494, 992912.7723606676 190445.2320202589, 992858.0011447519 190449.01875808835, 992856.90206559 190448.87768225372, 992856.3541664183 190448.77597641945, 992855.8128289282 190448.65786641836, 992855.2747722566 190448.5200714171, 992854.7432772517 190448.365872249, 992854.2183439285 190448.19198809564, 992853.6966914237 190447.9984189272, 992853.184881419 190447.78844559193, 992852.6796330959 190447.56206808984, 992852.1809464246 190447.31600558758, 992851.6921022534 190447.0535389185, 992851.2131005973 190446.77794891596, 992850.7406605929 190446.48267392814, 992850.281343922 190446.1709947586, 992849.8351505846 190445.84619225562, 992849.3987997621 190445.50170475245, 992848.9722914249 190445.14737474918, 992848.5621872544 190444.776640594, 992848.1619255841 190444.3895022571, 992847.9677002579 190444.19035567343, 992847.5467693359 190443.7382568419, 992847.0464422554 190443.15590892732, 992846.7052355856 190442.71955808997, 992846.3771522641 190442.27336475253, 992846.086798504 190441.80387750268, 992845.7701980919 190441.34488892555, 992845.4900149256 190440.87015233934, 992845.2078632563 190440.3918068409, 992844.9575356692 190439.89869758487, 992844.9827980846 190439.87835642695, 992844.7531397641 190439.37310808897, 992844.5431664288 190438.86129808426, 992844.3495972604 190438.34292642772, 992844.1757130921 190437.8147122562, 992844.0182330906 190437.2832172513, 992843.8804380894 190436.74516059458, 992843.7623280883 190436.2038230896, 992843.660622254 190435.65920475125, 992923.2405155897 189920.8406805843, 992932.1653665006 189856.90150400996, 993004.6707989275 189384.3850605935, 993011.7573989183 189328.55840058625, 993052.5539052635 189065.9365505129, 993068.23694475 189068.46180792153, 993252.0121677518 189096.2878677547, 993329.3847164214 189108.0667155832, 993403.2920489311 188620.98763725162, 993410.6181497574 188569.30466975272, 993440.8129712641 188371.9618885815, 993457.3824919164 188374.40610942245, 993580.2615112513 188393.23087492585, 993581.8911011666 188382.52715617418, 993661.126507014 188394.66591142118, 993703.7274716794 188401.18492725492, 993708.5965564251 188369.3214739263, 993722.032553181 188371.24601075053, 993817.1629403383 188385.85031226277, 993812.028436169 188418.72787117958, 993807.8985231668 188418.0940141678, 993792.4300501794 188517.14663758874, 993920.414702341 188536.7948922515, 993934.827075094 188539.14429700375, 993938.4067923427 188515.97144308686, 993996.0687505007 188524.25357875228, 994117.2040069252 188541.6272316724, 994120.9395637512 188517.39302816987, 994119.9497363418 188517.2512961775, 994127.602936253 188467.60277342796, 994140.9841430932 188469.52206091583, 994148.1704804301 188422.9040439278, 994134.7216884196 188420.97491392493, 994165.9565340877 188218.34736642241, 994267.7417635918 188232.94576242566, 994314.8227061778 188239.9933205098, 994331.3964919299 188132.54602883756, 994347.2429169267 188135.04897658527, 994424.5285235047 188146.8704752624, 994431.2473420948 188170.84221209586, 994445.9576145113 188173.0922075957, 994434.4802752584 188248.32663717866, 994534.9735125899 188263.6983255893, 994583.4507778436 188271.24949158728, 994602.8657652587 188147.13261383772, 994618.8844339997 188149.7100365013, 994719.2717004269 188165.3783122599, 994728.5033092499 188103.84792350233, 994829.6336844265 188119.6316845864, 994845.8774183393 188122.38397566974, 994837.9784840047 188181.50459234416, 994882.3455212563 188188.25392267108, 995089.5025872588 188219.12426775694, 995132.2013207525 188225.84407058358, 995142.4184919298 188158.50463834405, 995153.9584950954 188160.3481385857, 995257.9566466808 188175.71687425673, 995233.9291356802 188333.98624275625, 995129.3535574228 188322.42196142673, 995088.0219471753 188317.4416564256, 995012.898409754 188813.09683309495, 995012.7606147528 188813.82845892012, 995012.4587780833 188814.9012914151, 995012.0453930944 188815.93803475797, 995011.5303022563 188816.9255655855, 995010.9102247506 188817.85404142737, 995010.1982839257 188818.71361975372, 995009.2665272504 188819.61027149856, 995008.5283397585 188820.18671391904, 995007.5867405832 188820.78710642457, 995006.5893672556 188821.28251226246, 995005.5460622609 188821.67293141782, 995004.134319678 188822.05678892136, 995002.9902930856 188822.14865225554, 995002.2488247603 188822.16833725572, 995001.1333414167 188822.10272058845, 995000.2061779201 188821.97181533277, 994999.4056545943 188821.85370533168, 994855.6677530855 188800.71168725193, 994847.5227562636 188847.5176960081, 994832.8600559235 188943.81343516707, 994773.340489924 188937.10708375275, 994723.7152610868 188930.55755616724))","BK","LP-02017","Yes","Clinton Hill Historic District","No","DESIGNATED","DESIGNATED","SMALLER AREA PREVIOUSLY HEARD AS LP-0541","10/9/1979",,"11/10/1981",,"12342.6605737914","4061364.4959124303"
"POLYGON ((1008406.4365832508 241504.5278673321, 1008401.4031287581 241492.7119460851, 1008248.8578301668 241134.58110067248, 1008242.9939967543 241137.03582017124, 1008222.9300605059 241089.9322398454, 1008217.5836145133 241077.37977150083, 1008319.7500768453 241036.4375961721, 1008365.4376495034 241016.7030555904, 1008443.0756175965 240980.94164417684, 1008448.4821028411 240993.25887675583, 1008622.133658424 241400.38535909355, 1008626.5440826714 241410.72523342073, 1008495.2635053396 241465.30419249833, 1008406.4365832508 241504.5278673321))","BX","LP-01898","Yes","Clay Avenue Historic District","No","DESIGNATED","DESIGNATED","PREVIOUSLY HEARD AS LP-1391 (SAME BOUNDARIES)","6/2/1992",,"04/05/1994",,"1425.2008377504114","111618.00497687874"
"POLYGON ((984467.123241514 210750.11496683955, 983853.2655453384 211090.60903650522, 983767.631858334 211137.6811208427, 983525.6621979177 211271.733674258, 983575.0804061741 211361.3742430061, 983584.6213975847 211378.57532408834, 983118.5826315135 211636.9727731794, 983116.0281746686 211637.81791584194, 983113.893664509 211638.1243456751, 983111.8159127533 211638.0980990082, 983109.0045666695 211637.549215585, 983106.0193364173 211636.2280240059, 983104.2155342549 211634.950467512, 983102.5646189302 211633.31005084515, 983101.29592067 211631.54430633783, 982999.1494714171 211445.0164641738, 982986.7567796707 211422.91578659415, 983748.1046664268 211001.30704975128, 983648.9391823411 210823.178797096, 983744.8126782626 210769.83408750594, 983769.2880230099 210813.3589348346, 983781.8086672574 210806.4416258335, 983794.7180902511 210829.39761666954, 984288.6459081769 210556.5346453339, 984337.3157583475 210643.07909166813, 984350.9115316719 210667.31559175253, 984404.9888513386 210637.35338133574, 984418.4284570068 210662.05772826076, 984467.123241514 210750.11496683955))","MN","LP-01088","Yes","Chelsea Historic District Extension","Yes","DESIGNATED","DESIGNATED","BOUNDARIES DIFFER FROM TIME OF PUBLIC HEARING","7/12/1979",,"02/03/1981",,"4145.375761101398","372044.0690611945"
"POLYGON ((982649.5294357538 210876.40014733374, 982691.3446408361 210853.5271615833, 982781.149907425 210803.85895383358, 982788.9169522524 210817.9379939288, 982963.1095172614 210721.8919261694, 982957.1403690875 210711.07337825, 982979.305351004 210698.8148725927, 982975.2390861809 210691.44448050857, 982997.6304455847 210679.0596627593, 983004.631415844 210692.05471549928, 983026.01555942 210680.03505450487, 983029.5129277557 210686.37428067625, 983076.3701175004 210660.53837433457, 983067.6283370852 210644.65946908295, 983152.3775114268 210597.78784367442, 983154.5989636779 210601.81441041827, 983285.285382092 210529.5376520902, 983283.2466722578 210525.84179334342, 983304.371630013 210514.1938507557, 983305.6665749252 210516.54489591718, 983398.0157996714 210465.62537834048, 983438.8415054232 210443.32063291967, 983412.8943788409 210396.4414615929, 983455.2620762587 210372.91526192427, 983510.6681334227 210342.40055917203, 983541.996810928 210398.6501185894, 983561.2680978477 210388.0362946689, 983562.2310224175 210389.7662780881, 983663.823010847 210333.8133060038, 983650.8063045889 210310.19589917362, 983803.5274558365 210226.08320650458, 983816.8384528458 210249.53886824846, 983969.7052730918 210165.3464513421, 984015.6956666708 210247.92010508478, 984028.9436716735 210271.88757683337, 983918.0318200141 210333.35825441778, 983931.7732623369 210357.97598734498, 983977.3453496695 210439.0135549158, 983759.5495254248 210559.32893109322, 983752.4819542617 210546.76104283333, 983657.0343105048 210599.49289275706, 983618.5294662565 210531.0225572586, 983604.7588245124 210506.68631984293, 983504.3092222512 210562.26265226305, 983622.4553114176 210775.60540142655, 983840.658287093 210654.7647638321, 983853.8731556684 210678.90054233372, 983904.4245637506 210768.7920948416, 983794.7180902511 210829.39761666954, 983781.8086672574 210806.4416258335, 983769.287694931 210813.35860675573, 983744.8116940111 210769.83474367857, 983688.8396930844 210800.7549574226, 983648.9391823411 210823.178797096, 983748.1046664268 211001.30704975128, 982960.7932489216 211437.2937105894, 982834.8781464249 211211.34928059578, 982716.5712964237 210997.4192622602, 982649.5294357538 210876.40014733374))","MN","LP-00666","Yes","Chelsea Historic District","No","DESIGNATED","DESIGNATED","PREVIOUSLY HEARD AS LP-00252 (SIMILAR BOUNDARIES AS SECOND HEARING)","4/12/1966; 12/27/1966; 3/31/1970",,"09/15/1970",,"5419.744071194172","722824.0685362983"
"POLYGON ((982844.5093607605 204049.68282967806, 982881.8249029219 204045.05258959532, 982870.8373920918 203943.34380351007, 982868.090022251 203913.57384991646, 983119.4248214215 203882.61984358728, 983122.427440092 203911.27004875243, 983133.4083892554 204012.97161699831, 983117.9028428346 204014.94897525012, 983128.8391726762 204116.2391270101, 983132.5675116777 204147.2183957547, 983295.3791939169 204126.93431559205, 983375.7002275139 204384.2136566788, 983553.4167355895 204361.21206225455, 983640.5589497536 204497.7964347601, 983520.3127991706 204575.26675225794, 983489.6635822505 204594.10201641917, 983461.5219062567 204612.9362963438, 983409.1890056729 204473.46774326265, 983345.1218765974 204480.55467133224, 983322.294822514 204483.36995442212, 983324.5343193412 204501.39321233332, 983195.8141043335 204517.86988542974, 983198.7071431726 204541.6952970922, 983172.4447285086 204545.05716700852, 983176.5506914258 204578.90946149826, 983078.5256250054 204591.21127417684, 983074.247418344 204556.02630516887, 982900.0177799165 204578.19194325805, 982887.6280409247 204476.29647774994, 982885.8957609236 204462.4185527563, 982893.5384621769 204461.3732792586, 982887.9305337518 204413.8353165835, 982875.8373820931 204312.0901132524, 982875.562776342 204312.12390583754, 982863.3771051764 204211.90560233593, 982855.5070421696 204151.09305992723, 982844.5093607605 204049.68282967806))","MN","LP-00224","Yes","Charlton-King-Vandam Historic District","No","DESIGNATED","DESIGNATED",,"3/8/1966",,"08/16/1966",,"3008.5692837965253","296225.41446329386"
"POLYGON ((1010677.0698372573 197052.7128997594, 1010433.0716375858 196737.75388400257, 1010425.6976365894 196728.19911308587, 1010508.9596091807 196663.5502922535, 1010546.5579591691 196634.17042975128, 1010715.3305875063 196503.61950975657, 1010751.839700833 196474.87940976024, 1010923.3524811715 196341.92757591605, 1010924.6802344173 196341.63098858297, 1010926.0371870846 196341.53486017883, 1010927.3931555003 196341.6414872557, 1010928.7186121792 196341.94824516773, 1010929.9833734185 196342.44857224822, 1010931.1602083445 196343.13098558784, 1011002.7112463415 196436.63670408726, 1011175.6643125117 196656.8213030845, 1011177.317852512 196659.70515559614, 1011178.3516430855 196663.84228642285, 1011178.0626016706 196668.09752725065, 1011176.4543371797 196672.09719116986, 1011088.1480833441 196868.30053892732, 1011051.9116072506 196949.9604805857, 1011039.1196380854 196976.63037475944, 1011020.1065527499 197018.7628364265, 1010957.2694080919 197157.61098392308, 1010956.0092400014 197158.82161141932, 1010954.5558308363 197159.79929976165, 1010952.9580650032 197160.51452142, 1010951.9475683421 197160.803234756, 1010950.911153093 197160.9902422577, 1010949.5131900012 197161.06570142508, 1010948.1188358366 197160.95087225735, 1010946.750728339 197160.64247392118, 1010945.4383950084 197160.15034891665, 1010880.1005991697 197077.27649892867, 1010858.9461139292 197049.80575333536, 1010831.8985958397 197071.10853224993, 1010659.7896880955 197204.2185022533, 1010656.9776858389 197204.88123059273, 1010653.5646349192 197204.80773992836, 1010649.7795375139 197203.47375309467, 1010647.1220625043 197201.51509559155, 1010585.8019751757 197123.36662983894, 1010595.8455902636 197115.4991915077, 1010677.0698372573 197052.7128997594))","QN","LP-02319","Yes","Ridgewood North Historic District","No","DESIGNATED","DESIGNATED",,"12/16/2008",,"09/15/2009","10/28/2008","2628.7617760163344","353621.7264251571"
"POLYGON ((986206.1738972515 186652.8485289216, 986289.3659880906 186605.13930675387, 986302.8764597625 186631.271144256, 986340.6319616735 186704.50787442923, 986359.4698505104 186695.1502815932, 986395.9907748401 186765.9926595837, 986422.2088982612 186817.33474850655, 986515.5794464201 186998.78090792894, 986527.7073749304 187022.970164001, 986425.0707691759 187075.36704084277, 986476.30819951 187174.60339091718, 986454.0434802622 187185.97574350238, 985894.8986011744 187471.56539542973, 985870.3107238412 187484.4649759233, 985819.0650914311 187385.18302226067, 985802.8820529282 187353.56661567092, 985745.3943070024 187241.89590725303, 985732.8523373455 187215.6246343404, 985667.4551584274 187091.60618159175, 985601.2571280897 186960.75080025196, 985623.0362839997 186946.7278624177, 985853.9524888396 186800.4673281759, 985854.1545881778 186800.33937567472, 986006.5909630954 186703.88057908416, 986006.8065138459 186703.74442450702, 986059.2758970857 186670.54271925986, 986158.9056190848 186607.46672992408, 986177.2651624233 186595.8437216729, 986206.1738972515 186652.8485289216))","BK","LP-00696","Yes","Carroll Gardens Historic District","No","DESIGNATED","DESIGNATED","PREVIOUSLY HEARD AS LP-00458 (SAME BOUNDARIES AS SECOND HEARING)","12/13/1966; 1/31/1967; 5/26/1970",,"09/25/1973",,"2839.356274568368","474878.06498156965"
"POLYGON ((999391.1537608355 221697.82043358684, 999548.2502314299 221611.4826797545, 999588.7481819242 221685.04158775508, 999643.5718911737 221784.6201287508, 999683.0888725072 221856.3936072588, 999558.6150400937 221926.84130100906, 999514.7867156714 221847.6636378318, 999483.6955705136 221864.89982384443, 999391.1537608355 221697.82043358684))","MN","LP-00454","Yes","Henderson Place Historic District","No","DESIGNATED","DESIGNATED",,"11/22/1966; 12/27/1966",,"02/11/1969",,"918.9050270077244","46994.24581858565"
"POLYGON ((994176.0628130883 222099.34981425107, 994164.824974671 222078.58870092034, 994064.8150040954 221897.6910968423, 994061.222819671 221891.9683392495, 994038.4836919308 221848.11344009638, 993932.8306879997 221658.2844234258, 993910.4390005022 221615.89605675638, 993804.7863246799 221427.2350167483, 993782.4208838344 221384.53497092426, 993675.9283146709 221194.35490508378, 993654.110773012 221154.65682175756, 993548.2481238395 220962.5771534294, 993525.6431821734 220922.79704925418, 993418.3435280025 220728.97853925824, 993378.8393419236 220659.80544926226, 993274.8464396745 220470.0650150925, 993249.4954405129 220424.75342592597, 993146.9562755078 220240.76757341623, 993123.442543 220198.35952176154, 993020.273458004 220013.2581859231, 992993.6029076725 219965.03551334143, 992904.6204740852 219802.58373850584, 992895.8239037544 219786.5010935068, 992894.7684596777 219784.59722591937, 992868.8794038445 219739.56450758874, 992867.6362960935 219737.6977134198, 992815.4274110049 219643.27204924822, 992806.5813000947 219627.27339358628, 992798.0340730846 219611.82099667192, 992788.9274640083 219595.35285376012, 992778.3740074188 219576.270870924, 992767.1932555139 219556.17904758453, 992743.4826730043 219512.89829425514, 992742.8593146801 219512.26509341598, 992742.0062980056 219511.2381925881, 992741.5010496676 219510.5098475963, 992652.3591675907 219350.5055744201, 992641.2256596684 219330.36257009208, 992615.1856855005 219281.10085758567, 992607.2769086808 219266.75114876032, 992599.2014655024 219252.76922133565, 992591.5417039245 219239.22462899983, 992565.6309945881 219192.56625775993, 992519.0185550004 219107.8088813424, 992516.1734163463 219102.63992841542, 992490.1534552574 219055.17906533182, 992489.4283910841 219054.0373353362, 992488.5688127577 219051.83589617908, 992445.0144379288 218973.26945225894, 992436.1683270037 218957.31246317923, 992427.341573 218941.39057900012, 992418.899988845 218926.16357533634, 992410.486619845 218910.987752676, 992402.5699690133 218896.70333242416, 992394.3288437575 218881.8398450911, 992389.7140235901 218873.4143370092, 992366.7619697601 218828.3002540022, 992363.3623702526 218822.57519984245, 992359.11270684 218815.4029700905, 992350.1753887534 218800.21566450596, 992341.2377425879 218785.04377883673, 992332.3004245013 218769.85647325218, 992323.300114423 218754.68458758295, 992314.3624682575 218739.49695391953, 992305.4251501709 218724.3250682503, 992296.4251681715 218709.13743458688, 992288.6751836687 218693.4970459193, 992280.8628633469 218677.85632917285, 992273.0502149165 218662.2156124264, 992267.8002254218 218651.59063367546, 992265.9875650108 218647.88755708933, 992265.7697176784 218647.42036642134, 992265.5502299219 218646.94989492, 992265.393734172 218646.46465967596, 992265.2378945947 218645.98139292002, 992265.0807426721 218645.48697133362, 992264.9252311736 218644.9968148321, 992264.830415085 218644.4925507605, 992264.737895593 218643.9971449226, 992237.9252851754 218601.51264983416, 992237.1752866805 218600.54381975532, 992236.4876240045 218599.49723392725, 992234.9252911806 218596.684575513, 992227.5503059179 218583.46576991677, 992218.4249960929 218567.09080266953, 992209.3003424257 218550.71583542228, 992200.1750325859 218534.34054009616, 992190.9877150059 218517.96557283401, 992181.8627332598 218501.59060558677, 992172.7377515137 218485.2313863337, 992163.6127697527 218468.85641908646, 992154.4877880067 218452.4814518392, 992145.3628062606 218436.10648459196, 992138.1564558446 218420.66622675955, 992135.9609221667 218416.73283566535, 992112.4737644196 218371.122034505, 992069.5699788332 218292.93157409132, 992059.2845663428 218274.16980059445, 992041.1340120882 218241.06192716956, 992016.995280847 218197.03445617855, 992012.4936494231 218188.81268784404, 991984.9346494228 218142.7005753368, 991898.3665810972 217981.39249899983, 991886.4899644256 217959.16091617942, 991860.4729560912 217912.17938284576, 991848.5175994188 217892.37955367565, 991779.0909010023 217764.71018959582, 991777.353043586 217761.51432983577, 991768.3471560925 217744.95694825053, 991759.6949424297 217729.02883049846, 991759.3717803359 217728.4336873442, 991759.1575419307 217728.03933116794, 991758.9311644286 217727.58657617867, 991758.7375952601 217727.11413617432, 991758.5768344253 217726.63185366988, 991758.4488819242 217726.14300949872, 991758.35701859 217725.641042009, 991758.2815594226 217724.88316950202, 991758.2749977559 217724.37464034557, 991758.3045252562 217723.86611117423, 991758.3668610901 217723.3641436696, 991758.5276219249 217722.61939451098, 991758.6785402596 217722.13055033982, 991758.9639727622 217721.42517116666, 991759.4528169185 217720.53606534004, 991760.233655259 217719.5321303457, 991760.9718427509 217718.83659367263, 991762.0184285939 217718.11809116602, 991885.143510431 217649.7156689167, 991890.6526857615 217659.77634434402, 991939.202457428 217749.21514183283, 992102.6004245877 217658.77175317705, 992152.7591169178 217748.78994584084, 992158.2928985059 217758.9720120877, 992082.8790073395 217800.4791469276, 992102.0899269283 217835.7933807522, 992153.0317541808 217929.63899359107, 992192.846307084 217907.6009799242, 992242.7208792567 217997.91707225144, 992264.7047591805 218037.84940709174, 992398.083429426 217963.9673370123, 992463.9126940966 217927.19641317427, 992539.1969923377 217884.97471283376, 992544.9391068369 217895.12954817712, 992594.3845460117 217984.13002634048, 992873.1398940086 217829.12279042602, 992883.6815395951 217823.3767389208, 992894.1296814233 217842.3353624195, 992997.2055907547 217785.6189404279, 993042.5654081702 217760.5320483446, 993042.7612739205 217760.8686618358, 993072.3711228371 217744.49238225818, 993061.7681256682 217725.39399525523, 993282.3569233418 217603.39522349834, 993332.1288054287 217693.39405925572, 993337.8377835006 217703.51116500795, 993333.2419921756 217706.08268217742, 993354.7406368405 217744.62361559272, 993404.485288009 217834.65197883546, 993338.1511030942 217871.45243017375, 993325.423438251 217848.43804050982, 993235.355376929 217891.31164242327, 993272.5619954169 217959.11400026083, 993272.5866016746 217959.10907900333, 993300.6921885014 218009.45477883518, 993321.4523175955 218045.62235742807, 993394.5811083466 218005.4478970915, 993400.0528821796 218015.5292417556, 993450.1039631665 218105.6448751688, 993520.8279030919 218066.40315575898, 993570.7277376801 218156.24680808187, 993577.1338928342 218167.7503940016, 993568.2792517543 218172.64966242015, 993589.1519134194 218209.82576917112, 993638.9651340097 218299.5135819167, 993656.3233669996 218289.87121275067, 993669.140926674 218312.94859442115, 993726.9800498337 218417.13539391756, 993735.9970921725 218412.11309425533, 993751.3973238468 218403.550119251, 993766.7975555062 218394.99042509496, 993780.6767928451 218387.2732489258, 993797.014358595 218378.1846844256, 993797.9854852557 218377.64465925097, 993798.6150771677 218377.3198567629, 993799.9405338466 218376.8047659248, 993801.3184838444 218376.4734017551, 993802.3781930059 218376.34873008728, 993803.4444638342 218376.33560675383, 993804.8552221805 218376.48652508855, 993805.8952463418 218376.72274509072, 993806.9024621695 218377.0672325939, 993807.5523952544 218377.35266508162, 993808.4871046692 218377.86119425297, 993809.3663680106 218378.46486759186, 993810.4326388389 218379.40318591893, 993811.3643955141 218380.4760184288, 993812.1390002519 218381.66696092486, 993913.6410938352 218564.68824842572, 993938.1357955039 218609.43553425372, 994012.4761980027 218742.50613425672, 994021.9840530008 218759.54514217377, 994031.2901367545 218776.1914343387, 994038.1270653456 218787.71634566784, 994040.3964177519 218791.54146926105, 994040.9669546783 218793.1654817611, 994041.2458255142 218794.4253217578, 994041.3934630007 218795.70812758803, 994041.3869013339 218797.42728425562, 994041.2717440873 218798.41481508315, 994041.0260096788 218799.62380217016, 994040.6683988422 218800.78685759008, 994040.1644628346 218801.97878433764, 994039.6080335081 218803.00240433216, 994038.9758169204 218803.9479404986, 994038.4482589215 218804.61460584402, 994037.6697171777 218805.45548342168, 994037.0365163386 218806.0394717604, 994036.363945514 218806.5775284171, 994035.2911130041 218807.29275009036, 993899.1125795841 218882.85657534003, 993918.6483016759 218919.57697433233, 994018.5746110082 219100.1635554284, 994039.0233890116 219137.7369710952, 994145.3207485974 219078.06189358234, 994161.9509646744 219068.72464191914, 994176.4555288404 219060.96678341925, 994177.525080502 219060.46481592953, 994178.6405638456 219060.080958426, 994179.788855508 219059.8119300902, 994180.9601130038 219059.66429258883, 994182.5349130034 219059.65445008874, 994183.7061705142 219059.79224509, 994184.8577430099 219060.05143092573, 994185.976507172 219060.42544592917, 994187.3971080035 219061.10457842052, 994188.069678843 219061.51468259096, 994188.709441334 219061.9707184285, 994189.0211205035 219062.21678091586, 994189.8905413449 219063.01074258983, 994190.6779413372 219063.89328674972, 994191.3669163436 219064.85129009187, 994293.2761613429 219249.85748176277, 994312.3935771734 219284.19763617218, 994365.7825780064 219253.9847700894, 994651.9309558421 219096.15142433345, 994658.6517429203 219108.68486383557, 994708.251709342 219198.34938266873, 994680.5578670949 219213.5872130841, 994730.3159696758 219303.53946100175, 994750.21192725 219339.00494125485, 994763.2417568415 219331.9340892583, 994769.7227150053 219344.09384183586, 994819.1258314252 219433.6648569256, 994808.1786748469 219439.71176083386, 994832.4148468375 219484.39211767912, 994858.527983591 219531.01341550052, 994864.5099270046 219541.77126801014, 994842.8593797535 219553.72826509178, 994863.7970019281 219591.55627341568, 994913.7995265871 219682.12138099968, 994782.6081879288 219754.83317783475, 994781.5448698401 219752.90765675902, 994675.113980338 219811.89671200514, 994666.5457560122 219816.62308050692, 994667.9401101768 219819.131277591, 994559.6066654176 219878.45530591905, 994368.7684644163 219984.22674791515, 994420.5150800943 220077.34335958958, 994442.3654300869 220117.26749233902, 994440.2909591794 220118.41840867698, 994463.4913720936 220159.88453309238, 994514.2425829172 220251.50278817117, 994688.9338345975 220154.6345435828, 994740.010176003 220246.60712866485, 994761.129556343 220283.49025700986, 994817.7836425006 220252.25081817806, 994830.12613751 220245.45063492656, 994833.717337668 220243.54053375125, 994834.5667454302 220243.47622942924, 994835.4036860019 220243.41290934384, 994836.2724506706 220243.46277800202, 994837.6763192564 220243.59630791843, 994838.7583380938 220243.78429967165, 994839.6267746687 220244.0490629226, 994840.8406830132 220244.4857418388, 994841.9164682627 220244.96605584025, 994842.9968466759 220245.60647450387, 994843.760624677 220246.15667025745, 994844.6831950098 220246.8856714219, 994845.6635080129 220247.88173241913, 994846.4410655051 220248.83940766752, 994846.8888992518 220249.4247083366, 994898.7198323458 220341.35136175156, 994891.2040993422 220345.44026434422, 994806.0549914241 220392.41129900515, 994822.6701156795 220422.16681692004, 994889.5833676755 220385.1435970068, 994929.3365690112 220457.61851766706, 994869.2592613399 220490.78019675612, 994889.4783810079 220527.22238108516, 994940.9389080107 220619.74680234492, 994911.0682328343 220636.30516816676, 994962.0025141686 220727.8850375116, 994968.040887922 220738.8351468444, 994998.4263258427 220721.8804563433, 995018.7937391698 220758.3190317601, 995069.8221804202 220849.9303970933, 994965.7525066733 220907.92273516953, 995017.4784530848 221000.78672267497, 995022.7343480885 221010.3119660914, 994842.4843805134 221110.38525675237, 994832.9463418424 221115.64476066828, 994852.9991232604 221151.9183101654, 994955.1613205075 221336.87528933585, 994974.7406776696 221372.63506034017, 994984.8623765856 221367.09176434577, 995075.8927063346 221316.99048659205, 995080.0380392522 221324.58955276012, 995132.1294705123 221418.76226466894, 995288.698055014 221332.704365924, 995329.3150997609 221310.32416133583, 995366.0204069167 221290.13883425295, 995418.7437266707 221385.455900833, 995437.4336499274 221419.524074167, 995415.5442580134 221431.64478483796, 995420.1840125024 221440.15132950246, 995471.9686858356 221533.7767984271, 995372.3888325095 221588.7612685114, 995308.8095633388 221623.86749750376, 995360.3435810059 221717.0182298422, 995369.5866727531 221733.56347234547, 995309.2334470004 221766.8580251783, 995233.1984940916 221809.18405599892, 995115.4985982627 221874.25577625632, 994892.6949100047 221996.5294818431, 994884.6827869266 221981.53279267251, 994832.9515911788 221887.82267825305, 994781.2495948374 221916.38069200516, 994730.0636735857 221823.65810842812, 994710.3662064224 221787.62963716686, 994716.5112072527 221784.25037883222, 994711.4456005841 221774.90853400528, 994658.2980690897 221678.61115442216, 994631.5389362574 221693.33225359023, 994581.6361489296 221602.94168633223, 994561.9859257638 221566.86072175205, 994500.4867049307 221600.96268767118, 994442.724025175 221632.6857213378, 994462.5307440907 221669.02357517183, 994549.7995984256 221826.06230309606, 994472.6754088402 221868.48413425684, 994449.7000610977 221827.04392842948, 994432.1456342638 221836.84771458805, 994419.374990508 221814.69027858973, 994255.2463817596 221906.351512596, 994264.8956406713 221923.75600533187, 994255.4199378341 221929.04634909332, 994296.5179527551 222003.17316934466, 994309.3151712567 222026.02023650706, 994176.0628130883 222099.34981425107))","MN","LP-01051","Yes","Upper East Side Historic District","No","DESIGNATED","DESIGNATED","SMALLER AREAS PREVIOUSLY HEARD AS LP-00395","6/19/1979",,"05/19/1981",,"17554.28902298884","6478393.622814122"
"POLYGON ((994287.0028799176 217304.57692350447, 994177.8416809291 217364.74117325246, 994195.1956488341 217396.17286892235, 994097.2893485874 217450.4657393396, 994047.2166140974 217359.7756320089, 994033.8560765088 217335.68873792887, 994038.445306167 217333.16741751134, 994025.3472352624 217309.65729391575, 993975.6606548429 217219.6640355885, 993950.7850484252 217233.45797125995, 993901.1316044182 217143.52475216985, 993887.2323540002 217118.38602292538, 993892.3727636784 217115.4450839162, 993878.7018592507 217090.8729545921, 993827.8469740897 216999.45154950023, 994198.4272696674 216794.59828467667, 994249.2824829221 216886.02362675965, 994262.8274033368 216910.524890095, 994245.6492880881 216919.84934650362, 994259.4514258355 216944.82337792218, 994309.1045417637 217034.75659701228, 994308.3656980842 217035.16637308896, 994358.0519504249 217125.1596314162, 994371.0476593375 217148.66056866944, 994372.2441792637 217148.08707900345, 994385.4495334178 217172.21235883236, 994423.5649427623 217241.24076409638, 994435.5232521743 217262.90213808417, 994304.2000240088 217335.7254832536, 994287.0028799176 217304.57692350447))","MN","LP-00536","Yes","Treadwell Farm Historic District","No","DESIGNATED","DESIGNATED",,"12/27/1966",,"12/13/1967",,"1992.6638259824183","205586.14099520605"
"POLYGON ((995257.066228509 223685.931614846, 995259.6954883337 223690.82464967668, 995311.8072607517 223784.73259833455, 995267.4313652515 223809.24829733372, 995319.6573106796 223903.3619542569, 995326.1832162589 223915.12571024895, 995322.6166223437 223917.08666433394, 995234.9196192622 223965.3221321702, 995228.6857078373 223968.6685821712, 995227.7906965017 223969.08229525387, 995226.8691104203 223969.4330163449, 995225.9258708358 223969.71943308413, 995224.9645866752 223969.93990509212, 995223.9908353388 223970.09344808757, 995223.5003507584 223970.1449571699, 995221.5298822522 223970.18137441576, 995220.547600761 223970.09738509357, 995220.0594127625 223970.03012800217, 995219.0909107625 223969.84508900344, 995218.1375005841 223969.59377717972, 995217.2037754208 223969.2771767527, 995215.849775508 223968.6833459288, 995214.5640169233 223967.9530324191, 995213.3609353453 223967.09345409274, 995212.2533260137 223966.11445342004, 995211.2526718378 223965.02587291598, 995210.1037240028 223963.42482624948, 995209.6145517528 223962.56885683537, 995208.9948023409 223961.22601175308, 995208.6601573378 223960.2985201776, 995208.2799087614 223958.86971725523, 995207.1867350936 223956.9110597521, 995199.2120135128 223942.61712509394, 995190.1434620917 223926.36420483887, 995181.0752387643 223910.11161267757, 995172.0073435009 223893.85902050138, 995160.2225901783 223872.73799975216, 995151.6901269257 223857.44505134225, 995136.9759175032 223831.0727287531, 995135.7347782552 223828.84799566865, 995126.6662268341 223812.59540350735, 995117.5980035067 223796.34281134605, 995110.7568098456 223784.08102484047, 995108.8001208454 223780.57381400466, 995108.149531588 223779.4911390096, 995107.5166588426 223778.22211267054, 995106.9106889218 223776.1856994182, 995081.8073926717 223728.4302175045, 995081.1804254204 223727.4659805894, 995080.3274087608 223725.9485951662, 995071.2381880879 223709.7868820876, 995062.0764610022 223693.55430300534, 995052.9144058377 223677.32139584422, 995043.7530068457 223661.08881676197, 995034.5909516811 223644.85623767972, 995025.4292245954 223628.6233305037, 995016.2674975097 223612.39075142145, 995007.1054423451 223596.1581723392, 994999.999813512 223583.5689586699, 994997.9437152594 223579.92559325695, 994988.7816600949 223563.69268609583, 994982.3656624258 223552.35937541723, 994978.8991339207 223546.2353719175, 994953.9064017534 223501.5697788447, 994953.007125333 223499.96118625998, 994952.4598823339 223497.66000975668, 994951.5471545011 223496.02976366878, 994943.2407406718 223481.19350725412, 994934.0215990096 223464.72733284533, 994924.8027854264 223448.26083034277, 994915.5836437643 223431.7943278402, 994906.3645020872 223415.3281534165, 994897.1453604251 223398.86165092885, 994887.9265468419 223382.39547650516, 994878.7074051797 223365.9289740026, 994869.4882635027 223349.4627995938, 994860.2691218406 223332.99629709125, 994852.7835725099 223318.79980316758, 994849.9633681774 223313.451388672, 994848.8826616704 223311.77783559263, 994848.2967048436 223309.87429608405, 994826.6845433414 223271.86584192514, 994815.0654720962 223250.86785241961, 994805.7908843458 223234.1162455082, 994796.5166246742 223217.36463858187, 994777.9671210945 223183.86109666526, 994768.692533344 223167.1088335961, 994759.4182736725 223150.35689859092, 994756.02851668 223144.23486359417, 994750.143685922 223133.6052916795, 994740.8690981716 223116.85368475318, 994731.5945104212 223100.10207784176, 994721.6548977643 223082.20742858946, 994697.3550775945 223037.28002500534, 994695.4600682557 223034.58974167705, 994686.4236690104 223018.30696584284, 994677.3872697502 223002.02419000864, 994668.350870505 222985.7417422533, 994659.3144712597 222969.45863834023, 994650.2784000933 222953.1761905849, 994636.7534927577 222928.80648867786, 994632.205273509 222920.6106389165, 994623.1692023426 222904.32819117606, 994614.1324750036 222888.04541534185, 994607.3778953403 222875.87385176122, 994605.0964038372 222871.76263950765, 994598.4999603331 222859.87650842965, 994596.060004592 222855.48019175231, 994594.4707689285 222853.7154315114, 994593.1216902584 222851.29778541625, 994592.4540406764 222849.01891858876, 994568.3441807628 222805.94813859463, 994566.3956938386 222802.63744966686, 994557.4380345941 222786.3582827598, 994548.4564252645 222770.1161892563, 994539.4744878411 222753.87409575284, 994530.4928785115 222737.63298650086, 994521.5109410882 222721.39056491852, 994518.0939531773 222715.21209958196, 994512.5290036798 222705.14912758768, 994503.5473943353 222688.90736217797, 994494.5654569268 222672.6652686745, 994485.5838475972 222656.42383134365, 994476.601582095 222640.18173784018, 994465.6455672532 222620.54299758375, 994464.7567895055 222618.60041616857, 994464.2154520005 222616.5338192582, 994442.924484089 222578.02077291906, 994441.8585413396 222575.99781109393, 994439.8792145848 222572.27767416835, 994432.6387435049 222559.49456325173, 994423.5678955019 222543.47884725034, 994407.8566408455 222515.73972950876, 994405.4255433381 222511.44774334133, 994398.9416324198 222499.99993158877, 994396.3543672562 222495.4323554188, 994387.2831911743 222479.4166394174, 994378.2123431712 222463.40092341602, 994369.1411670893 222447.3855355084, 994360.0699910074 222431.37014758587, 994350.9233557582 222414.8334352523, 994347.3915386796 222408.4476212561, 994341.7767205089 222398.29672291875, 994332.6297571808 222381.7600105852, 994331.7859268337 222380.40633875132, 994331.189799428 222378.92668291926, 994296.4884252548 222313.55181367695, 994286.9480900019 222296.58334366977, 994283.2853676677 222290.08762174845, 994277.9668087512 222280.65653826296, 994268.9848713428 222264.73006092012, 994260.0035900921 222248.8032554984, 994251.0216526687 222232.8764500916, 994242.0400433391 222216.94997274876, 994233.4016091675 222201.50315324962, 994224.7631750107 222186.05666184425, 994216.1250689179 222170.60984234512, 994207.4866347611 222155.16335092485, 994198.8482005894 222139.7165314257, 994189.4417233467 222122.92850725353, 994176.1326948404 222099.36457800865, 994309.3853810877 222026.03500024974, 994296.5878345072 222003.18793308735, 994282.9864837527 221978.65582992136, 994255.4898195863 221929.061112836, 994264.9655224234 221923.77076908946, 994255.3162635118 221906.36660441756, 994419.445200339 221814.7050423324, 994432.215516001 221836.86247834563, 994449.7702709287 221827.05869217217, 994468.8076344281 221861.39687809348, 994472.7452905923 221868.4992260933, 994540.8396425843 221831.0386710912, 994549.8698082566 221826.07706683874, 994593.2689996809 221904.28622800112, 994642.8423913419 221993.62069500983, 994633.8010708392 221998.70959559083, 994578.896653086 222028.97397075593, 994594.1243129224 222056.43881084025, 994631.9277150035 222035.82402266562, 994668.0585482568 222100.9905590117, 994704.2143158466 222164.94942058623, 994581.3261101693 222233.2314362526, 994587.2795103341 222243.87774042785, 994641.0769749284 222340.768622756, 994641.5454779267 222341.6452614218, 994714.7451346666 222301.31430533528, 994728.1351997554 222325.43007075787, 994770.0045385957 222302.36121925712, 994807.133729428 222369.2331327498, 994827.4437281787 222406.71632550657, 994744.7168595046 222451.96426650882, 994750.5213098377 222462.78806374967, 994801.936561346 222555.43354775012, 994853.5260250866 222526.84535034, 994905.0800558478 222619.74149000645, 994925.1387427598 222656.07540683448, 994894.9796823412 222672.86146250367, 994899.1115638465 222680.32306174934, 994951.5809470862 222774.8940668404, 994980.7334478348 222758.7166057527, 995031.9613637626 222851.02449201047, 995051.8878330886 222887.1615588367, 995054.6598091722 222885.64023642242, 995060.4721335024 222896.27210491896, 995111.7554955035 222988.6981011778, 994956.0238515884 223074.90626208484, 995005.7097758353 223164.45332708955, 995026.9124893397 223203.52838017046, 994954.5825815052 223244.34424342215, 994961.0769910961 223255.8914644271, 995061.4439163357 223436.56006634235, 995067.5561088473 223447.6433775127, 995103.8700125962 223427.44000583887, 995120.6098085046 223418.1267042607, 995137.3499325067 223408.81340266764, 995154.0900565088 223399.4997730106, 995170.8298524171 223390.18647141755, 995187.5699764192 223380.87316983938, 995204.3097723424 223371.55986826122, 995210.0085798353 223368.37713183463, 995210.7024760842 223367.98966541886, 995215.9393422604 223365.0651305914, 995210.3497865051 223354.6786684245, 995160.4063168466 223264.3737309277, 995235.2283456773 223222.58608484268, 995285.3735865951 223312.96156024933, 995290.9365675896 223323.1767629236, 995350.9092166722 223289.68142308295, 995353.1706950963 223288.44914208353, 995370.4560935944 223319.16955308616, 995371.8343716711 223319.18267641962, 995373.3012322634 223319.38215108216, 995374.6033950001 223319.71745225787, 995375.7356105894 223320.1472414285, 995377.3199250102 223320.99599300325, 995378.7831766754 223322.09605641663, 995379.6493166685 223322.94251142442, 995381.0961641669 223324.88148392737, 995381.6998375058 223325.96284659207, 995387.0065854192 223335.593404755, 995393.5485670865 223347.4667405933, 995401.58168751 223362.04774817824, 995402.9179709256 223364.47359633446, 995407.0583825856 223371.9890012592, 995411.6029929221 223380.23570391536, 995402.0741405934 223385.5952732563, 995338.833125338 223420.90491391718, 995338.921051681 223421.063706249, 995358.4000153393 223456.16501399875, 995349.8478670865 223460.93928267062, 995212.8773405105 223537.405993253, 995195.1739638448 223547.27998925745, 995244.6299016774 223636.40087400377, 995268.2568229288 223679.75282141566, 995257.066228509 223685.931614846))","MN","LP-00955","Yes","Metropolitan Museum Historic District","No","DESIGNATED","DESIGNATED","SMALLER AREA PREVIOUSLY HEARD AS LP-0449","3/8/1977",,"09/20/1977",,"6896.694326028006","701818.8110613542"
"POLYGON ((996740.4080780894 226373.5210559219, 996734.7860420942 226376.6355510056, 996786.3545085043 226468.795799762, 996805.9191019237 226503.760296762, 996858.9436021745 226474.456221506, 996915.1019544303 226574.86415717006, 996906.5813021809 226579.58363592625, 996849.1089761704 226611.41985833645, 996860.10370484 226631.13897900283, 996860.127654925 226631.1422598362, 996976.8623295873 226840.08606767654, 996844.7710583359 226912.08789217472, 996842.8179782629 226908.59577317536, 996836.7838695943 226897.80576850474, 996802.5572320074 226836.59722951055, 996769.7216677517 226777.24826684594, 996640.3935143352 226543.91933716834, 996496.8081715852 226285.32963125408, 996362.9787148386 226044.36784283817, 996236.5406475067 225816.65176284313, 996106.7390698344 225581.16601334512, 995947.6389943361 225294.6380430907, 995845.2254852504 225111.28047017753, 995717.9675376713 224878.24123808742, 995544.3419006765 224567.09684725106, 995408.4136948436 224321.5730600953, 995355.97219868 224225.4413625896, 995250.4458349198 224036.88957433403, 995249.619393006 224034.49259750545, 995250.1492475867 224028.813146919, 995217.0643400103 223969.22173067927, 995217.999377504 223969.54718934, 995218.612893343 223969.72927558422, 995219.659479171 223969.96090242267, 995221.0374291688 223970.14922225475, 995223.0085538477 223970.17973400652, 995224.9645866752 223969.93990509212, 995226.3983108401 223969.58491891623, 995227.3333483338 223969.26667809486, 995229.3773075044 223968.29751992226, 995253.027850762 223955.42779500782, 995273.1649495959 223944.33398517966, 995322.4545491785 223917.17918384075, 995352.6572446674 223969.26995892823, 995471.9827934206 223903.4085420817, 995480.6084323376 223919.55417908728, 995530.1798555106 224009.28398650885, 995596.1308390945 223972.76568683982, 995646.8420237601 224064.5604507625, 995652.2596638352 224074.20872542262, 995578.6794304252 224114.90615059435, 995599.7853593379 224152.70725609362, 995649.2262053341 224242.20051541924, 995628.7134510875 224253.56860291958, 995678.2218822539 224343.18489350379, 995699.9272194207 224382.53848934174, 995770.7394137532 224343.33712416887, 995775.5976717621 224352.2675525099, 995825.8606945872 224443.1515570879, 995881.746409595 224412.23232759535, 995899.6348252594 224444.51146250963, 995918.6229762584 224478.7758296728, 995996.0581888407 224435.8638420105, 996009.3445795923 224459.77029025555, 996036.2100114226 224507.86304183304, 996090.4349685907 224605.18240100145, 996132.4073255956 224682.44143283367, 996137.8298869282 224692.99292092025, 996138.2478650957 224696.20387250185, 996137.9808052629 224698.40170276165, 996154.9683040977 224728.55321726203, 996224.6794507504 224687.78919117153, 996267.0340248346 224664.48444776237, 996358.8612690121 224613.79163575172, 996351.7126612514 224600.67847301066, 996433.9470768422 224555.00599217415, 996496.1746426672 224666.28234441578, 996513.7546600103 224656.5244899243, 996564.7158441693 224747.2077075094, 996579.268964678 224773.14531967044, 996567.8414940834 224779.502262339, 996576.2246794254 224794.26273150742, 996600.9943149239 224780.54425500333, 996600.993986845 224780.4861842543, 996696.0016708374 224727.92985892296, 996818.899390921 224659.24725350738, 996898.3510036767 224614.96551792324, 996945.4650826752 224589.88125050068, 996929.409012422 224560.50565308332, 996924.486450091 224551.4397263378, 996875.2985563427 224461.14495941997, 996874.6807754189 224460.66727009416, 997023.6224066764 224378.42038734257, 997033.6604443341 224396.71497017145, 997033.9448925853 224396.64836925268, 997035.0259271711 224399.20348225534, 997072.7692900002 224468.1593810916, 997094.7846659273 224507.41816084087, 997167.9695589244 224467.5107603371, 997172.2146291733 224465.21712975204, 997174.1752551794 224464.47631758451, 997175.6595041752 224464.19350975752, 997177.4052355886 224464.1410164237, 997178.8911250085 224464.32802392542, 997180.2096919268 224464.6869470924, 997181.610935837 224465.2827464193, 997183.1296335906 224466.2443586737, 997184.4685416669 224467.4612197578, 997185.570901677 224468.88838225603, 997186.7208337635 224470.9303729236, 997214.3388887644 224521.31609892845, 997241.2794516683 224570.46954391897, 997284.9348761737 224648.48447975516, 997312.8081800044 224696.9784772545, 997361.7194995135 224786.68892775476, 997361.9301290065 224787.1088744253, 997354.3130182624 224791.31063766778, 997259.7029712498 224843.8515430838, 997310.6917144209 224935.5603491664, 997331.8842573464 224973.79091575742, 997423.326331675 224922.47999475896, 997425.6721275002 224921.46621724963, 997427.7488950044 224921.0003389269, 997430.2410160005 224920.9166776687, 997432.2882560045 224921.22245134413, 997434.4257189184 224921.93537642062, 997436.2971062511 224922.95309092104, 997437.6504500061 224923.9891780913, 997439.1268250048 224925.52460809052, 997440.3177675009 224927.2896964252, 997441.55857867 224929.52722474933, 997469.8551100045 224980.70494392514, 997531.9855631739 225093.23359026015, 997564.6252616793 225152.8033530116, 997576.457915172 225174.25869067013, 997621.8823650032 225256.93339408934, 997645.308171168 225298.89426817, 997651.6326335967 225310.20100408792, 997660.3015795052 225325.6855531782, 997664.821583584 225333.74721683562, 997666.8140336722 225337.64648725092, 997667.3284683377 225339.60842558742, 997667.4889010936 225342.19306609035, 997667.1677075028 225344.44765475392, 997666.3304388374 225346.78590467572, 997664.8383158445 225349.13924641907, 997662.1395023465 225351.5785460025, 997637.2812843472 225365.53947608173, 997658.3366884291 225402.64274834096, 997672.2195346802 225427.56494258344, 997670.4567429274 225428.5580508411, 997706.635148257 225493.62944300473, 997692.5705438405 225501.41486050189, 997493.47382918 225611.62920700014, 997486.2090799212 225615.65052442253, 997436.1612797529 225525.63298791647, 997415.1921615899 225487.72820809484, 997309.9623851776 225546.73268325627, 997302.5460614264 225550.8422550857, 997300.908597514 225551.35668975115, 997299.4446896762 225551.60931392014, 997297.6310450137 225551.6749305874, 997296.4099188447 225551.56141375005, 997295.180262506 225551.32060058415, 997293.6087433398 225550.80879059434, 997291.4775140136 225549.688714087, 997290.1146558374 225548.6434405893, 997288.956521675 225547.4656214267, 997287.8705658466 225545.97841967642, 997238.4385780841 225455.4868027568, 997250.2653260976 225449.0442303419, 997404.995987758 225363.3459109217, 997333.8744108379 225235.3553532511, 997180.4705181718 225320.0612205863, 997175.6470370144 225322.22427400947, 997172.0309025049 225322.50642567873, 997168.972837761 225321.89487834275, 997166.1995493472 225320.5536736697, 997162.7474565059 225317.17277492583, 997157.4026509225 225307.6252218336, 997147.9174336791 225290.4792587608, 997132.3508637547 225262.33725467324, 997112.036928013 225225.6230892539, 997069.946461007 225248.93078541756, 996942.9227649271 225319.2705397606, 996902.7332127541 225341.52541650832, 996872.3507275879 225358.35018600523, 996808.0641107559 225393.8287895918, 996779.2331316769 225409.74017508328, 996774.3410810977 225400.94130817056, 996771.9952852577 225402.2359250039, 996773.8725780845 225405.63125942647, 996763.7167585045 225411.23623508215, 996761.839137584 225407.8405725956, 996735.2263299227 225422.5282072574, 996734.826724425 225421.8464500904, 996730.7512732595 225420.83070409298, 996727.0593515038 225414.5334725827, 996727.0600076765 225414.4534202516, 996726.9638792574 225414.2897066772, 996727.1302175075 225414.19751524925, 996727.9343497604 225410.26084333658, 996721.8949917555 225399.9609951675, 996718.7955885082 225401.67096550763, 996711.774277091 225388.97151583433, 996713.570861429 225387.7579355836, 996711.0472444296 225386.56075949967, 996710.0816951692 225387.21298916638, 996706.7568986714 225381.19889359176, 996564.3661073446 225459.7069386691, 996589.464810431 225505.03001075983, 996641.1648382545 225599.31099016964, 996670.5955536664 225652.49657933414, 996714.0695480853 225730.67490066588, 996765.3073065132 225823.29085716605, 996770.9103136808 225833.4223985821, 996772.095022589 225838.27015791833, 996771.705915764 225840.82658325136, 996789.0533220023 225872.67560091615, 996845.286149174 225838.05559141934, 996866.3303984255 225826.17930284142, 996935.231507346 225788.09538950026, 996937.4546000063 225792.12458091974, 996991.3111195862 225889.75693158805, 997039.6122040898 225977.3174519986, 997048.3530002534 225993.16289275885, 996963.5697052628 226041.61916066706, 996898.3060562611 226078.27820809186, 996893.5685329288 226081.5432934165, 996863.7168865949 226098.00093767047, 996951.5497161746 226256.56131608784, 996766.4697057605 226359.08473308384, 996740.4080780894 226373.5210559219))","MN","LP-01834","Yes","Expanded Carnegie Hill Historic District","Yes","DESIGNATED","DESIGNATED","INCORPORATES LP-00861, LP-00396 AND PART OF LP-00712","3/12/1991",,"12/21/1993",,"12482.20390181577","2182901.6147431666"
"POLYGON ((986433.840764761 193293.87527309358, 986206.6725839227 193376.59787666798, 986197.6765389293 193379.5083039254, 986191.0623789281 193380.830479756, 986185.8291216791 193380.33179308474, 986189.0663199276 193387.94988809526, 986196.8825772554 193406.34552058578, 986271.7879392505 193610.6774609983, 986359.7779207528 193846.67272391915, 986447.2429689169 194083.98524142802, 986533.7552630901 194320.17571392655, 986619.8210358471 194557.0748464167, 986645.4479530901 194626.87424750626, 986659.3682008386 194669.96504059434, 986476.9705997556 194850.08279058337, 986447.8335189223 194881.7657980919, 986353.1129078418 194863.8134061694, 986217.4074705839 194837.16943058372, 986157.1024730951 194823.19308058918, 986110.4227764308 194806.9559083432, 986053.9990047514 194785.85063558817, 986027.6142150015 194774.8893714249, 985987.034571752 194755.42943659425, 985867.760532096 194696.4590820819, 985838.8550780863 194683.16055224836, 985794.0165850967 194668.43387566507, 985766.5107345879 194659.7573838383, 985732.7562089264 194649.39093475044, 985720.8533455878 194640.62454809248, 985700.4924939275 194624.26303225756, 985687.4577430934 194613.4198780954, 985662.4636985958 194592.6351427585, 985561.7752516717 194509.21470592916, 985493.0860845894 194451.79815408587, 985477.4781761765 194438.74207784235, 985452.5435147583 194417.83627974987, 985442.7371039242 194407.13387334347, 985415.2269883454 194378.27566334605, 985391.7070222497 194351.35675391555, 985346.1903810054 194294.87261492014, 985334.6628450006 194277.61379116774, 985314.797727257 194248.03675058484, 985274.050761506 194176.5651087612, 985259.1876022518 194145.74692891538, 985247.5764050037 194119.91430342197, 985228.1453415006 194069.8186030835, 985199.1496645957 193990.09599350393, 985165.546385333 193897.71002341807, 985143.9604705125 193838.36302925646, 985130.6452084184 193801.75516283512, 985115.9946471751 193761.47670008242, 985105.1826609224 193731.44821684062, 985076.061656177 193650.20526908338, 985039.366847679 193547.83113001287, 985009.3157266676 193463.9927150011, 984995.3659514189 193425.2821625024, 984905.3405409306 193178.14781425893, 984852.9643333405 193034.36463725567, 984695.4121550024 192601.86681458354, 984654.0231301785 192488.20299991965, 984616.884096846 192385.4686253369, 984555.6926181763 192211.39351417124, 984541.1391695887 192169.99235025048, 984515.9430257529 192097.9593578428, 984505.7704739273 192068.0148639232, 984505.0447535962 192055.53129309416, 984504.455844 192045.36300633848, 984503.9036797583 192035.8167655915, 984499.7688455135 192007.5153129995, 984498.6313805878 191999.72759892046, 984488.9053501785 191954.88221617043, 984479.5730197579 191911.32554475963, 984475.1143672615 191882.12940892577, 984471.63274692 191853.33747175336, 984456.2764784247 191764.63095626235, 984451.5547030866 191716.68354558945, 984450.5474872589 191687.3430530876, 984451.4890864193 191643.32083141804, 984455.0980030894 191594.33470892906, 984457.7718822509 191569.826883927, 984462.1091439277 191540.56513142586, 984467.6734372526 191511.51007142663, 984476.9745997638 191473.1800955832, 984486.8630314171 191440.11585725844, 984500.1274405867 191402.9833855927, 984517.6503714174 191362.3108947575, 984528.588669762 191340.270256415, 984552.9619805962 191297.52755975723, 984586.4359950125 191249.16479559243, 984624.1583605111 191207.67800192535, 984672.4400880933 191163.7220530957, 984722.7680714279 191144.58790500462, 984809.8344983459 191111.4842966795, 984822.757044673 191107.3858796656, 984838.5165275931 191102.38753008842, 984866.9311689287 191093.18741725385, 984999.9984880835 191045.8089030832, 985018.3944486678 191039.09041258693, 985294.7255889177 190938.15131001174, 985813.8387239277 190749.3495222628, 986262.4999000877 190587.26421651244, 986276.2954761684 190627.78152392805, 986312.5155480951 190728.5785664171, 986302.7675360888 190732.1435199231, 986330.3901842535 190809.0183661729, 986333.8465421796 190818.8736614287, 986327.6887460947 190821.12332883477, 986378.292319417 190960.05612184107, 986377.7260475904 190960.25395609438, 986385.3933550864 190981.31756225228, 986405.518971011 190973.80773475766, 986431.2325022519 191042.30825392902, 986457.7180135846 191032.67310258746, 986471.9738905877 191072.7727599293, 986497.309469834 191141.73653276265, 986439.9385215938 191162.58294776082, 986464.2859138399 191229.02638442814, 986476.0614808351 191224.86005416512, 986493.9193847626 191273.5945367515, 986497.203170836 191282.86321900785, 986382.2063535899 191323.53735025227, 986394.9274567515 191358.4634615034, 986448.7728215009 191504.69282783568, 986459.4138763398 191501.00549925864, 986481.6398817599 191623.07841783762, 986182.2008480877 191682.169178918, 986158.219596833 191687.0221875906, 986205.6584783345 191818.43202975392, 986229.9874979258 191814.35231350362, 986280.2324761748 191804.94550816715, 986303.3462750912 191796.69650892913, 986345.862266168 191915.8209425956, 986275.3505961746 191941.45310917497, 986252.9119927585 191949.5899039209, 986440.7367483377 192464.62496308982, 986486.8718266785 192592.02825158834, 986463.2573725879 192600.63486167789, 986436.3279645145 192610.37434349954, 986436.4972555041 192610.8448150009, 986414.3050426692 192618.8707175851, 986414.4474308342 192619.26605801284, 986367.3592704237 192636.29555150867, 986381.5649506748 192675.84796583652, 986416.6022821665 192770.15716041625, 986404.9172661752 192775.55544358492, 986412.9621975869 192797.95467700064, 986417.4999181777 192796.01931342483, 986433.477904588 192840.5064291656, 986444.0133165866 192836.67868092656, 986452.060872674 192859.08611641824, 986441.1521018445 192863.04903501272, 986456.1025312543 192904.67559216917, 986446.3702672571 192908.21167433262, 986482.7629110068 193015.53429433703, 986481.5617979169 193015.97031709552, 986521.3868495077 193120.86216767132, 986419.2630380094 193157.96773651242, 986388.6098840833 193169.12125749886, 986433.840764761 193293.87527309358))","BK","LP-00099","Yes","Brooklyn Heights Historic District","No","DESIGNATED","DESIGNATED",,"11/17/1965",,"11/23/1965",,"12032.89557800296","5998785.917725794"
"POLYGON ((990808.2470421791 189108.75437825918, 990959.6096003354 189131.9318253398, 991107.4774148464 189154.05350024998, 991107.7448027581 189152.2582282573, 991108.7687508464 189145.38324201107, 991109.0230154246 189143.66047641635, 991110.2500470877 189135.2654800862, 991113.062377423 189116.48434966803, 991115.8750358373 189097.68747125566, 991118.6876942515 189078.9060127586, 991121.437688753 189060.12488234043, 991124.2500190884 189041.34375192225, 991126.8126780093 189024.24995408952, 991127.0623494238 189022.54687350988, 991127.1246852577 189021.98585100472, 991127.1876772642 189021.42187575996, 991127.3438449204 189020.87463276088, 991127.5000125915 189020.3283739984, 991127.7178599238 189019.8067215085, 991127.9373476803 189019.2811320126, 991128.2172027528 189018.79130358994, 991128.5000105947 189018.29688200355, 991128.8451542556 189017.8497044295, 991129.1873451769 189017.4061357528, 991129.6030267626 189017.00685833395, 991130.0000075847 189016.6249693334, 991130.476384595 189016.2837626785, 991130.9373416752 189015.95305466652, 991131.4399653375 189015.6859948337, 991131.9373396784 189015.4218877554, 991132.4753963351 189015.22405350208, 991133.0000015944 189015.03114050627, 991133.5620083362 189014.89695441723, 991134.1249993443 189014.7968890071, 991134.5400247574 189014.748988837, 991134.9701420069 189014.72011750937, 991143.3749808371 189015.81263500452, 991153.8749598414 189017.17188425362, 991172.7499220967 189019.60921533406, 991191.625212431 189022.06262250245, 991210.4998465925 189024.49995358288, 991229.3751369268 189026.9376127571, 991232.633004427 189027.36116833985, 991234.2183030844 189027.56851699948, 991235.2665293366 189027.7049996704, 991216.8581015915 189150.27660492063, 991215.529692173 189159.1197630912, 991226.4027019292 189160.55939275026, 991213.0707075894 189250.18585392833, 991212.1100795865 189256.64351817966, 991248.1539707631 189324.26346167922, 991257.2510654181 189341.52819092572, 991253.6250884235 189343.4999717623, 991237.1251214296 189352.54686966538, 991220.562490508 189361.59376758337, 991204.062523514 189370.65641351044, 991187.4998925924 189379.70298333466, 991170.9999255836 189388.7502093464, 991154.4999585897 189397.79677917063, 991137.9376557618 189406.84367708862, 991121.4098016769 189415.90008942783, 991104.8747297525 189424.95322091877, 991104.0627235025 189425.81247116625, 991103.1250613332 189426.57821767032, 991102.1250633448 189427.23438434303, 991101.0624014288 189427.79671917856, 991099.9374036789 189428.23438234627, 991098.7500700951 189428.56246566772, 991097.5624084175 189428.7655492574, 991096.3747467548 189428.84396117926, 991095.1877412498 189428.812465176, 991094.0000795871 189428.64054951072, 991092.8124179244 189428.34396217763, 991091.6874201745 189427.93746691942, 991080.8124419302 189424.48438984156, 991080.3199888468 189424.33806467056, 991079.8124439269 189424.1874744296, 991079.3301614225 189424.0217923373, 991078.8124459237 189423.84397117794, 991077.8751118332 189423.4220560044, 991077.0001135916 189422.9374769181, 991076.5299701691 189422.6635273397, 991076.0627795011 189422.3905620128, 991075.2501170933 189421.78131125867, 991074.8462465107 189421.44732242823, 991074.4374546707 189421.10939659178, 991074.070001334 189420.75703509152, 991073.6874561757 189420.3905660063, 991073.3465775847 189420.0113016665, 991073.0001215935 189419.625147596, 991072.6828650087 189419.2127468437, 991072.3747947514 189418.81248517334, 991072.060819 189418.38039942086, 991071.7501240969 189417.9529068321, 991071.4994684309 189417.50671350956, 991071.2501250952 189417.06248867512, 991071.0007817596 189416.59496992826, 991070.7501260936 189416.12482650578, 991070.5637747496 189415.65107417107, 991070.3751268387 189415.17174442112, 991070.2186310887 189414.67141734064, 991070.0624634176 189414.17207451165, 991069.937463671 189413.67207551003, 991069.8124639243 189413.1720765084, 991069.7176478356 189412.65862609446, 991069.6251283437 189412.15633051097, 991069.5614801794 189411.6323814243, 991069.500128597 189411.12516458333, 991069.4686325938 189410.5989189297, 991069.4374646693 189410.0782506764, 991069.4374646693 189409.56119133532, 991069.4374646693 189409.04675666988, 991069.4998005033 189408.52444800735, 991069.5624644309 189408.0001708418, 991069.6251283437 189407.49262592196, 991069.6874641776 189406.98442484438, 991069.8141043335 189406.46966208518, 991069.9548520893 189405.96900692582, 991070.1001930088 189405.46966408193, 991070.1435000002 189405.17274866998, 991019.6104645878 189397.66784241796, 990921.0824464262 189382.65868608654, 990930.7333457619 189319.8513970077, 990780.4567434192 189296.47283484042, 990779.625052169 189301.53122366965, 990776.7500579208 189319.0157687515, 990773.8750636727 189336.4999857545, 990771.0433764309 189353.99338908494, 990768.1815055013 189371.48154309392, 990765.3124167621 189388.9687128365, 990762.812421754 189406.1563425064, 990760.3124267608 189423.34364408255, 990757.8750956804 189440.53127375245, 990755.3531190902 189457.7097170949, 990752.8747775853 189474.8904570043, 990750.3698613346 189492.0800551772, 990748.3163877577 189505.773269251, 990746.4837142527 189517.91596150398, 990746.3268904239 189518.9572980106, 990746.2501189262 189519.46877992153, 990744.1874590069 189533.15641659498, 990743.9997953475 189534.359498173, 990743.6251241714 189535.51566383243, 990743.1251251698 189536.64066158235, 990742.5624622554 189537.70332349837, 990741.8751276731 189538.70299342275, 990741.0624652505 189539.624907583, 990740.1874670088 189540.45331799984, 990739.1874690056 189541.18756850064, 990738.1248070896 189541.81256724894, 990737.0624732524 189542.32798616588, 990736.4400991797 189542.5540355891, 990735.8748115897 189542.7344814241, 990735.2514532506 189542.89163333178, 990734.6874780059 189543.00022892654, 990734.29016909 189543.0697825849, 990716.3125147521 189540.1875705123, 990698.3125507534 189537.29682825506, 990680.3125867546 189534.40608601272, 990662.3126227558 189531.51567183435, 990644.4373304248 189529.06226466596, 990626.5623661727 189526.59376567602, 990608.6874019206 189524.12493859231, 990590.8124376684 189521.6718595028, 990572.9374734163 189519.2030324191, 990555.0625091791 189516.73453342915, 990553.8751755953 189516.6092055887, 990510.1308405101 189523.15512426198, 990509.0626011789 189523.28110826015, 990508.4156208336 189523.30571450293, 990507.8126036674 189523.29685625434, 990507.3700192571 189523.28012400866, 990504.8749455065 189522.89036101103, 990489.1249770075 189520.46877792478, 990470.8750135005 189517.6406995952, 990452.6250500083 189514.82804116607, 990434.3750865012 189512.0157108456, 990416.1251230091 189509.18763250113, 990397.875159502 189506.37497408688, 990379.6251960099 189503.5626437515, 990361.3752325028 189500.74998533726, 990343.1252690107 189497.9219070077, 990326.624973923 189495.3749960959, 990324.5626420975 189495.06266075373, 990323.6249799281 189494.87499709427, 990323.0737999231 189494.69127042592, 990322.4999821782 189494.49999783933, 990321.6873197556 189494.10957866907, 990321.1781344265 189493.774933666, 990321.1446699202 189493.7532801777, 990320.6876498461 189493.4530839175, 990319.9373232573 189492.89074908197, 990319.535093084 189492.45735099912, 990319.1249889284 189492.0157508403, 990318.562326014 189491.29692025483, 990318.2545838356 189490.78117325902, 990317.9376553446 189490.250006333, 990317.7201360911 189489.6991544217, 990317.4999921769 189489.1404284984, 990317.2499926686 189488.2657583356, 990317.1568170041 189487.66766242683, 990317.062657088 189487.06267675757, 990317.062657088 189486.15618251264, 990317.1233525127 189485.56530442834, 990317.1541923434 189485.26478008926, 990317.7499916703 189479.46885992587, 990319.5626520962 189463.8750590831, 990321.812647596 189444.48434983194, 990323.9999791682 189425.0778925866, 990326.1873107553 189405.6875114292, 990328.4373062551 189386.29680217803, 990330.624965921 189366.89034491777, 990332.3221410066 189351.845755592, 990332.3788994253 189351.34510041773, 990332.8122975081 189347.49996376038, 990334.9999571741 189328.1092545092, 990337.2499526739 189308.7188733369, 990339.437284261 189289.31241609156, 990341.6249439269 189269.9217068404, 990343.6876038462 189251.1251565069, 990345.6872717589 189232.32827809453, 990347.6875958443 189213.5310715884, 990349.6875918359 189194.7187732607, 990351.6875878423 189175.92189483345, 990353.6875838339 189157.12501642108, 990355.7499156743 189138.3281380087, 990357.7499116808 189119.53125959635, 990359.7499076724 189100.73438116908, 990361.7499036789 189081.93750275671, 990363.7498996705 189063.14062434435, 990365.749895677 189044.34374591708, 990367.7498916686 189025.54686750472, 990369.8125515878 189006.74998909235, 990371.8125475943 188987.93769074976, 990373.8125435859 188969.14048425853, 990375.8125395924 188950.34360584617, 990377.812535584 188931.5467274189, 990379.3125325888 188920.18749816716, 990380.8125295937 188908.4217736721, 990381.0625290871 188907.18752416968, 990381.3751925081 188905.999862507, 990381.8751915097 188904.85944484174, 990382.4375263453 188903.76561500132, 990383.1251890063 188902.73444908857, 990383.9375233352 188901.78136700392, 990384.8125215918 188900.92178867757, 990385.812519595 188900.1560421735, 990386.875181511 188899.50020359457, 990387.9998511672 188898.96870858967, 990389.1251770109 188898.5471215099, 990390.3751745075 188898.23445808887, 990391.5625080913 188898.0625424236, 990392.8125055879 188898.03104642034, 990394.0625030845 188898.1094583422, 990404.874817431 188899.82828691602, 990409.2498086691 188900.5313695073, 990415.5627881736 188901.5310394168, 990434.9374213368 188904.78136099875, 990454.2500467598 188908.04677441716, 990473.6250080019 188911.29676792026, 990492.4373063445 188914.1094263345, 990499.3368988335 188915.14092034101, 990500.2683274299 188915.28002767265, 990511.2499327511 188916.92175666988, 990530.0625591725 188919.73441508412, 990548.9375214279 188922.5624934286, 990567.7501478344 188925.37482374907, 990582.2501188368 188927.0936523378, 990595.9997632504 188928.76556500793, 990641.6250000894 188934.82821692526, 990646.6876540035 188935.73438309133, 990660.2499628365 188938.10937833786, 990678.8749255836 188941.40628775954, 990697.4998883456 188944.68744917214, 990716.1251791716 188947.9689386785, 990734.7501419187 188951.2501000911, 990753.3751046807 188954.54700951278, 990770.0000714213 188956.78125700355, 990786.6877020895 188959.0312525034, 990803.375004679 188961.28124800324, 990814.9373175055 188962.84358084202, 990820.0626353472 188963.5312435031, 990821.1873050034 188963.95315867662, 990822.2499669194 188964.48432558775, 990823.2499649227 188965.12474425137, 990824.187627092 188965.87507084012, 990825.0626253337 188966.7031531781, 990825.8126238436 188967.62506733835, 990826.4999584258 188968.6093173325, 990827.0622932613 188969.67197924852, 990827.499956429 188970.78122900426, 990827.8126198351 188971.92197474837, 990828.0626193434 188973.09356033802, 990828.1249551773 188974.28122200072, 990828.1249551773 188975.48430359364, 990827.937291503 188976.67163717747, 990827.5626203418 188979.34354783595, 990825.1249611676 188995.62501133978, 990822.374966681 189014.2030581683, 990819.5626363456 189032.76568509638, 990816.8123137504 189051.3437319249, 990814.0623192638 189069.90635883808, 990811.2499889284 189088.4844056666, 990808.499994427 189107.04703259468, 990808.2470421791 189108.75437825918))","BK","LP-01003","Yes","Brooklyn Academy of Music Historic District","No","DESIGNATED","DESIGNATED",,"7/11/1978",,"09/26/1978",,"3339.5278812997094","376906.86352424347"
"POLYGON ((986559.2033749223 192129.5537828356, 986553.1777964234 192113.09974750876, 986519.932456091 192021.7698776722, 986574.5399584174 192001.88966809213, 986539.6558418423 191906.05980725586, 986534.7486994267 191892.57164525986, 986645.5040553361 191852.33452101052, 986630.7957514226 191812.24372191727, 986594.2945120931 191714.7934575081, 986509.73890692 191745.59129616618, 986493.9725342542 191659.3398282528, 986486.0158572644 191622.21194975078, 986481.6398817599 191623.07841783762, 986479.35182859 191610.1949134171, 986459.4138763398 191501.00549925864, 986473.990290761 191495.96548308432, 986475.4371382594 191500.06029117107, 986500.3324296772 191491.2102432549, 986497.1185253412 191482.48289850354, 986559.8700402528 191460.13681459427, 986507.7759843469 191318.6636723429, 986503.3271743357 191306.44420859218, 986602.6560439169 191271.50727058947, 986646.7563494295 191255.05192291737, 986649.7294405848 191263.1837964207, 986695.3277745843 191387.0165540129, 986707.3648240119 191382.5956310928, 986757.272860676 191364.95032517612, 986765.4815056771 191387.30001801252, 986974.6178984195 191313.3582367599, 987009.7943372577 191301.06856317818, 987015.9596792608 191316.9553424269, 987003.8392966688 191321.191882506, 987048.60397093 191510.8532485962, 987014.7506921738 191517.38965283334, 987028.09220092 191723.51883375645, 986782.6747127622 191740.9049538374, 986788.9155139178 191758.69789725542, 986877.2060197592 191999.95397642255, 986877.8884330839 192003.82864059508, 986877.5931580961 192007.26039224863, 986877.0551014245 192009.15671391785, 986876.2578589171 192010.9611722529, 986874.9225597531 192013.03137809038, 986873.6102264225 192014.5044722557, 986872.0206626803 192015.84797351062, 986869.9980289191 192017.0602414161, 986869.0990805924 192017.46706475317, 986559.2033749223 192129.5537828356))","BK","LP-02449","Yes","Borough Hall Skyscraper Historic District","No","DESIGNATED","DESIGNATED",,"12/14/2010",,"09/13/2011","10/26/2010","3163.761892806709","299027.73516664"
"POLYGON ((987818.3347149193 189285.73597967625, 987617.1979780942 189388.38209983706, 987497.9455919266 189157.111236915, 987409.5861885846 189202.42545075715, 987396.8414634168 189177.85266526043, 987349.404878512 189086.2435965091, 987347.9711543471 189086.97456617653, 987344.4764106721 189088.75671483576, 987344.1483273357 189088.12285783887, 987341.8195918351 189083.6235230118, 987341.8241850138 189083.61728942394, 987297.9433672577 188998.88386309147, 987284.2655730844 188972.05747316778, 987380.7735821754 188922.43880601227, 987500.0102203339 188859.21485109627, 987937.3351330906 188636.0604417622, 987973.7402440012 188619.34820483625, 987979.6529618353 188616.6339714229, 988099.7780496776 188849.57084150612, 988162.1522687525 188970.99579550326, 988182.7942878455 188960.3366960883, 988273.216023013 188914.03003017604, 988270.7786919177 188909.12715284526, 988738.7413386703 188669.47507308424, 988760.3876208365 188658.31006917357, 988820.0886169225 188773.8925151676, 988939.4719083458 189005.2175118327, 988994.6384646744 189112.08245559037, 988852.4599432498 189184.63053883612, 988850.6243170053 189181.0767401755, 988814.5052947551 189199.5074775964, 988816.3405929208 189203.0616043359, 988614.9410613477 189305.8287872523, 988619.7314060926 189315.10534350574, 988531.918589592 189359.9133247584, 988527.6748316735 189351.69516533613, 988413.9158728421 189409.7426214218, 988393.7062675953 189420.02278459072, 988338.1935833395 189312.2283807546, 988026.0436170846 189471.7546365112, 988013.1502701789 189446.66249509156, 987990.5384387523 189403.10287092626, 987991.1352223456 189402.7984095961, 987966.7064654231 189355.76372675598, 987921.3637083471 189378.89786684513, 987916.0169342607 189368.60293991864, 987872.8201702535 189390.641937837, 987832.2087029219 189312.4485246688, 987818.3347149193 189285.73597967625))","BK","LP-00767","Yes","Boerum Hill Historic District","No","DESIGNATED","DESIGNATED","PREVIOUSLY HEARD AS LP-00457 (SAME BOUNDARIES AS SECOND HEARING)","12/13/1966; 01/31/1967; 6/23/1970",,"11/20/1973",,"4758.607931077949","829301.5402658419"
"POLYGON ((1005416.1541780084 233398.72222858667, 1005643.4575291723 233272.4514837563, 1005692.4187173396 233360.96147733927, 1005706.9813522547 233387.6841929257, 1005714.7707067579 233401.81408591568, 1005720.6443826705 233398.54407933354, 1005731.5157520026 233392.4912699163, 1005757.9372870922 233377.78066942096, 1005779.7899336666 233365.61402708292, 1005786.1019289196 233376.98998859525, 1005799.079921335 233400.38003367186, 1005803.1212518364 233407.2957022488, 1005813.2298274189 233425.5200752616, 1005833.3180418462 233461.73555400968, 1005835.2783397585 233465.24243675172, 1005649.9394715875 233567.80817650259, 1005573.9324057549 233609.8707564175, 1005572.3015035093 233610.77298559248, 1005525.9384072572 233526.3742042482, 1005525.4758097529 233525.5697439164, 1005500.3685765117 233481.89036934078, 1005450.4546343386 233509.5510751754, 1005444.4119955003 233498.73285533488, 1005405.4708004296 233428.3077993393, 1005413.0695385039 233424.08700725436, 1005421.7525920123 233419.26319800317, 1005420.7765440941 233417.4981096685, 1005411.7483469248 233401.16973026097, 1005416.1541780084 233398.72222858667))","BX","LP-01900","Yes","Bertine Block Historic District","No","DESIGNATED","DESIGNATED",,"6/2/1992",,"04/05/1994",,"1238.6316726388945","73705.83271903987"
"POLYGON ((999911.0054114163 187551.89659959078, 999919.0076920092 187499.96494492888, 999935.4610711783 187405.19151242077, 999942.908562839 187370.01769825816, 999954.4308495075 187281.11695742607, 1000067.3125135005 187298.04277658463, 1000068.7541116774 187288.24916100502, 1000739.8469295949 187388.7378051728, 1000759.8885561675 187255.9480445087, 1000838.6019814163 187267.88043533266, 1000833.7939201742 187301.88430434465, 1000821.8844951689 187381.88184775412, 1000860.2508882582 187387.74600926042, 1000857.2902642637 187407.4543031752, 1001451.1417668462 187498.22282242775, 1001490.9805979282 187503.08928251266, 1001557.7934564203 187511.27233700454, 1001755.3823000938 187541.3060695827, 1001740.564416334 187636.69236175716, 1001734.2514368445 187676.92194008827, 1002316.3729760051 187765.2393487543, 1002357.6642320007 187498.15064409375, 1002395.0650758445 187247.2531800121, 1002409.410519585 187150.97975049913, 1002414.9088681787 187106.2980813384, 1002427.9701937586 187061.61641217768, 1002433.8789745867 187038.55838742852, 1002446.3822304308 186965.5798588395, 1003249.1152050048 187087.82797391713, 1003269.2362277508 186953.5759458393, 1003377.8157350123 186969.97387892008, 1003361.8672760874 187073.47924934328, 1003357.29051359 187104.29841342568, 1003381.8501757532 187108.04020383954, 1003377.3013003469 187139.7451929152, 1003362.3521832526 187239.05470559, 1003359.3046171665 187259.2994157523, 1003356.0598729998 187280.85645926, 1003353.380744502 187298.65596434474, 1003350.1504360139 187320.11425475776, 1003346.8774766773 187341.85929000378, 1003337.2249369174 187406.70135192573, 1003327.5448381752 187468.5486691743, 1003321.359483093 187508.06827516854, 1003305.3782158345 187610.17601059377, 1003300.3834751695 187641.65527833998, 1003167.7062470913 187621.52342884243, 1003106.4261859208 188021.8589142561, 1003073.9183769226 188017.12893684208, 1002418.5794645101 187918.15964658558, 1002402.8852701783 188019.25229217112, 1002398.3252399266 188050.94186134636, 1002146.8506772518 188012.52855233848, 1002152.1728450954 187980.0837353319, 1002167.4083789289 187879.09673258662, 1001518.3949131668 187779.97488358617, 1001453.534150511 187771.19767017663, 1001431.81733042 187767.89091825485, 1001429.3822959214 187784.09659451246, 1001410.1769537628 187781.17534050345, 1001412.7763580084 187764.90634417534, 1001030.8880141675 187706.9061320871, 1001015.4917195141 187809.8353881687, 1001010.5714537501 187840.2500255108, 1000696.2522005141 187792.51455667615, 1000678.006174013 187789.69238384068, 1000695.9326473475 187674.83729858696, 1000663.449444592 187670.059092924, 1000141.3212237507 187590.64553783834, 1000041.0284453332 187574.45232875645, 1000041.3860561699 187572.07634925842, 999942.5224087536 187557.04357092083, 999911.0054114163 187551.89659959078))","BK","LP-00695","Yes","Stuyvesant Heights Historic District","No","DESIGNATED","DESIGNATED","PREVIOUSLY HEARD WITH MODIFIED BOUNDARIES AS LP-0456","5/26/1970",,"09/14/1971",,"9993.131581534475","1537659.412840793"
"POLYGON ((998438.4748919308 243594.0827433318, 998437.115314588 243587.95480284095, 998435.0546231717 243578.66840408742, 998379.8595235944 243329.9002008438, 998378.4057863355 243323.34837667644, 998376.7998184264 243316.11020217836, 998376.9907629192 243311.84708733857, 998378.2798023373 243304.8582561761, 998379.6226474196 243300.80839550495, 998381.3755966723 243296.91798333824, 998384.3185041696 243292.0508670956, 998392.1869267523 243283.4262124151, 998397.5094226748 243279.07812400162, 998403.2384138405 243275.28121559322, 998416.356825918 243269.13490241766, 998424.030038923 243266.0250005126, 998436.650092423 243260.91018134356, 998517.7667280883 243232.04869051278, 998631.737628758 243168.2453404218, 998588.4201300889 243092.40986217558, 998586.9460516721 243088.33637949824, 998586.7226269245 243084.48894625902, 998588.8046437502 243078.1198645085, 998589.9299695939 243076.5499857515, 998607.2432551682 243066.92336459458, 998709.4858328402 243010.07538117468, 998726.7197222561 243000.49272316694, 998731.6383475959 242997.7581485957, 998840.1145085841 243192.61471424997, 998846.4350340068 243203.51265834272, 999148.2864644229 243036.22755983472, 999293.650018841 242956.04957059026, 999326.4508062601 242937.5801193416, 999341.5373902619 242966.25066567957, 999348.4724157602 242981.01868075132, 999353.0101363361 242991.86314725876, 999355.5714829266 242998.86214900017, 999357.8989060968 243005.94251541793, 999360.3710140139 243014.58357425034, 999362.692859754 243024.16295142472, 999364.1236311793 243031.1895121783, 999365.9431813359 243042.28660283983, 999366.614767924 243049.38698233664, 999367.4333358407 243060.05494000018, 999368.0265105069 243073.93942667544, 999368.1246074289 243083.37674374878, 999367.5685061663 243103.24743892252, 999366.654794097 243115.42392376065, 999365.3296655118 243127.56202283502, 999363.5947608352 243139.6482847482, 999362.1229790002 243150.98093925416, 999360.3122870922 243162.26470933855, 999352.8634830862 243195.7180545032, 999345.9766858369 243218.6264732629, 999329.4609708339 243283.7841513455, 999278.8970955908 243514.25842791796, 999360.9405666739 243504.19151891768, 999362.2725850046 243504.4146155864, 999363.9950225055 243504.22432725132, 999365.2483008355 243503.71907892823, 999366.0498084277 243503.17970992625, 999419.6402524263 243474.3861323446, 999464.5660155863 243449.1844110936, 999465.9593855143 243448.40094809234, 999485.084347263 243483.46190159023, 999539.578332752 243580.13493658602, 999544.5986639261 243589.03780591488, 999502.2027513385 243612.59123650193, 999435.9971750975 243649.37265901268, 999373.9749894291 243539.57727491856, 999338.2043916732 243559.56476776302, 999338.0059012622 243559.43976800144, 999336.9891710132 243559.11463741958, 999335.9327426702 243558.96011017263, 999334.8654875904 243558.98110750318, 999333.8159490079 243559.1769732535, 999332.8126701713 243559.54213000834, 999331.8828820139 243560.0670633316, 999331.0518469214 243560.73733758926, 999330.3422026783 243561.5345800817, 999329.7726500034 243562.43779350817, 999329.3589369208 243563.42204350233, 999329.1122182608 243564.4607553333, 999329.0213391781 243564.69631917775, 999234.7203466743 243618.48919059336, 999098.782954514 243693.35058942437, 999051.2827214301 243719.65827958286, 999047.0993308425 243721.97684450448, 999024.828049928 243681.1091440916, 998975.6769015044 243593.95807167888, 998959.356396094 243602.93475975096, 998916.961139679 243626.2522984296, 998910.2820191681 243629.92584750056, 998887.015333429 243587.62311059237, 998885.9717003405 243586.27665658295, 998877.286678344 243591.02795942128, 998868.8303304166 243595.6545905918, 998754.423735097 243658.248625502, 998652.0174438357 243476.65942175686, 998568.9884104282 243522.13308408856, 998569.0117043406 243522.17606300116, 998438.4748919308 243594.0827433318))","MN","LP-02335","Yes","Audubon Park Historic District","No","DESIGNATED","DESIGNATED",,"3/24/2009",,"05/12/2009","02/17/2009","4096.949101105735","486067.1944555063"
"POLYGON ((998731.8184653372 242997.65152150393, 998745.749867931 242989.90613016486, 998751.4788590968 242986.7210971713, 998753.964746505 242985.33921016753, 998763.0624973476 242980.28114941716, 998780.3747986704 242970.65616866946, 998797.687428087 242961.03118792176, 998815.0000575036 242951.40620717406, 998832.3123588413 242941.78122642636, 998849.6249882579 242932.15624567866, 998866.9376176745 242922.53126491606, 998884.2499190122 242912.90628416836, 998895.999895513 242906.3748011738, 998901.5625484288 242903.26555542648, 998918.8751778454 242893.64057467878, 998936.1874791682 242884.01559391618, 999018.3749788404 242839.28110334277, 999100.1874792576 242793.78119434416, 999181.4999806732 242747.48437091708, 999190.8749619275 242742.3124652505, 999200.8122780025 242736.82822425663, 999201.6249404252 242736.4063090831, 999202.8749379218 242735.90631009638, 999204.1249354184 242735.53131084144, 999205.0625975877 242735.35939517617, 999206.3749309182 242735.2186474204, 999207.3125930876 242735.2032275051, 999208.6249264181 242735.2967312485, 999209.9375878423 242735.51556283236, 999210.812586084 242735.74981433153, 999211.6875843406 242736.04705783725, 999212.9375818372 242736.5936446786, 999214.124915421 242737.26588742435, 999215.187577337 242738.04672574997, 999215.8749119192 242738.64088466763, 999216.8125740886 242739.6093866676, 999217.375237003 242740.3124692589, 999217.9375718385 242741.0467197597, 999218.3693295121 242741.8219806701, 999227.2498891801 242757.76584641635, 999229.8752120137 242762.46859292686, 999236.8125340939 242774.9843159169, 999246.3751790076 242792.2031135112, 999255.9374958426 242809.4376590848, 999265.5001407564 242826.6564566791, 999275.0624575913 242843.87492617965, 999284.6251025051 242861.09372375906, 999294.18741934 242878.31252133846, 999303.7500642538 242895.53131891787, 999319.2670935839 242923.4708955884, 999321.5190575868 242927.51025758684, 999323.124697417 242930.39050117135, 999323.347137928 242930.87409600616, 999323.5623605847 242931.343583256, 999323.7208248377 242931.8583460003, 999323.8750240058 242932.3596573323, 999323.9685277641 242932.8822940886, 999324.0626876801 242933.40624317527, 999324.0626876801 242933.9295360893, 999324.0626876801 242934.4531570822, 999323.9996956736 242934.97940275073, 999323.9373598397 242935.50007100403, 999323.8126881719 242936.01450566947, 999323.6876884252 242936.53123691678, 999323.4987124205 242937.01909683645, 999323.3126891702 242937.50006701052, 999323.0302094221 242937.96266449988, 999322.7500262558 242938.42198117077, 999322.4376909286 242938.83569425344, 999322.1250275075 242939.25006350875, 999321.725093931 242939.61161133647, 999321.3123650849 242939.98431400955, 999320.500030756 242940.59356474876, 999293.650018841 242956.04957059026, 998846.4350340068 243203.51265834272, 998840.1145085841 243192.61471424997, 998731.8184653372 242997.65152150393))","MN","LP-01001","Yes","Audubon Terrace Historic District","No","DESIGNATED","DESIGNATED",,"7/11/1978; 9/12/1978; 11/14/1978",,"01/09/1979",,"1561.954243811233","129586.9210998714"
"POLYGON ((995061.2313183397 179254.342656672, 995043.9724945873 179251.54935517907, 995027.2474624217 179248.84168341756, 995009.0929711759 179245.90304100513, 994993.3735144287 179243.35875475407, 994976.9047153443 179240.69307766855, 994958.9923495948 179237.79347717762, 994943.1508458406 179235.22950592637, 994924.7299509197 179232.24788458645, 994906.539370507 179229.30333666503, 994918.0281926692 179135.98954692483, 994924.3004898429 179087.3285550028, 994937.0501362532 178988.41241425276, 994954.3752328455 178990.56660942733, 994972.5546584278 178992.82644742727, 994989.0851371735 178994.8815614283, 995005.0227693468 178996.86252859235, 995021.8816595078 178998.95898108184, 995039.0975043476 179001.09906867146, 995056.3832309246 179003.24801450968, 995073.6177765131 179005.3910548389, 995091.6525173336 179007.6328482628, 995079.4563475102 179109.03356409073, 995072.6489464194 179157.62237767875, 995061.2313183397 179254.342656672))","BK","LP-02567","Yes","Chester Court Historic District","No","DESIGNATED","DESIGNATED","AS IDENTIFIED BY RESEARCH DEPARTMENT (AND DETERMINED ELIGIBLE BY COMMISSIONERS)","11/25/2014",,"12/16/2014","10/28/2014","803.9010538179676","38403.07044713652"
"POLYGON ((995475.250175342 175458.1563514173, 995475.7728120834 175454.54251350462, 995703.5545087606 175488.92039750516, 995685.7372871786 175582.98713850975, 995713.2828357518 175587.12951867282, 995713.2500274181 175587.30996450782, 995706.3697918355 175624.96015167236, 995706.2979415953 175625.353851676, 995678.5486532599 175621.18095976114, 995677.6211616695 175626.11008375883, 995677.6428151727 175626.16126476228, 995676.669720009 175625.97819425166, 995671.5726173371 175653.0595049262, 995647.4414320141 175781.2675818354, 995650.0900487602 175781.6711243391, 995637.6878425926 175847.56174059212, 995635.2065483332 175847.11029791832, 995635.0395539254 175847.9957948327, 995635.0119949281 175848.14179192483, 995609.0048290938 175843.4072213322, 995612.9723408371 175822.8455826789, 995608.4985965043 175822.22812983394, 995596.3749330938 175820.56245075166, 995590.3749450892 175819.7343684286, 995571.7499823421 175817.17203758657, 995553.0626837611 175814.6093786657, 995536.1076651812 175812.27670617402, 995534.4373929203 175812.0467197597, 995515.8124301732 175809.48438891768, 995499.2501273453 175807.4063090831, 995482.624832511 175805.32822924852, 995466.0625296682 175803.26556934416, 995449.4998987615 175801.18748950958, 995444.0625736713 175800.5155748427, 995433.6501929164 175799.22095800936, 995426.7345243394 175798.3469440043, 995430.8749360144 175764.71873041987, 995430.8769045025 175764.1803456694, 995430.917914927 175763.64032050967, 995432.1118101776 175755.4356124997, 995433.7499302626 175744.14068758488, 995436.5625886768 175724.9061460048, 995439.3749190122 175705.65651258826, 995442.1872493476 175686.42164292932, 995445.0002358407 175667.1874294281, 995447.812566176 175647.9532159269, 995448.2275915891 175645.11398275197, 995450.6248965114 175628.71900242567, 995453.4375549257 175609.48413275182, 995454.4375529289 175602.60947458446, 995456.2498852611 175590.2499192506, 995461.910307005 175549.94980300963, 995462.9998717606 175542.37501500547, 995464.4375329167 175532.48428675532, 995467.1553752571 175513.9006625116, 995468.667511344 175503.4856570959, 995469.8522202522 175495.3203190863, 995472.5625166744 175476.7343982607, 995475.250175342 175458.1563514173))","BK","LP-00989","Yes","Albemarle-Kenmore Terraces Historic District","No","DESIGNATED","DESIGNATED",,"1/10/1978",,"07/11/1978",,"1240.7698470400526","78546.8511849099"
"POLYGON ((981876.9220570922 198398.5963628441, 981880.6343200058 198399.2791042626, 981923.1968989223 198415.01365284622, 981943.0715310872 198421.48214383423, 981961.7591577619 198427.56054376066, 981980.384120509 198433.6386155933, 981999.0090832561 198439.70093941689, 982017.6340460032 198445.7793393433, 982036.2590087503 198451.85741117597, 982054.9466354251 198457.93548300862, 982073.5715981722 198464.01355484128, 982091.6342260838 198469.82620725036, 982109.6341900975 198475.63853159547, 982127.696818009 198481.45118400455, 982145.7591178417 198487.26350833476, 982163.8217457533 198493.07583266497, 982181.8217097521 198498.88848508894, 982199.8840095848 198504.70113751292, 982217.9466375113 198510.513789922, 982236.0092654228 198516.3106943369, 982254.0715652555 198522.1230186671, 982272.0718573332 198527.9353430122, 982290.1341571808 198533.7479954213, 982305.1967910975 198538.60723766685, 982308.8844477534 198539.79489934444, 982361.3843427598 198559.18528050184, 982363.0090114176 198559.71677550673, 982379.1966430843 198564.90410108864, 982396.6342722625 198570.46675400436, 982414.009237513 198576.0136589259, 982431.3842027634 198581.5763118416, 982448.7591680139 198587.13863667846, 982466.1341332644 198592.6855415851, 982483.5090985 198598.24786642194, 982500.8843918443 198603.79509942234, 982518.3216929287 198609.3574242592, 982523.5720105022 198610.98242101073, 982528.9466716796 198612.4355020821, 982534.3843248338 198613.7324155122, 982887.5755475909 198734.06550817192, 983037.2589752525 198920.88862533867, 983046.6339565068 198933.68551576138, 983055.9466019273 198946.46698625386, 983065.2592473477 198958.77929759026, 983074.5715646744 198971.07618901134, 983083.8842100948 198983.3730804175, 983093.1965274215 198995.66964375973, 983104.6341685951 199011.41994033754, 983116.0094739199 199027.1541608423, 983116.8214801699 199028.2637386769, 983127.4467869997 199042.88838133216, 983138.7594284266 199058.74792967737, 983150.1340775937 199074.60747800767, 983161.4467190057 199090.4824462533, 983172.7590323389 199106.34166650474, 983184.1343376786 199122.20121483505, 983184.6966725141 199123.01354917884, 983195.4466510117 199138.0604350865, 983206.7592924237 199153.91965533793, 983218.0716057569 199169.77920366824, 983229.4469110966 199185.63875199854, 983240.7592244297 199201.49797224998, 983249.5092069209 199213.77911567688, 983252.0718658417 199217.35719250143, 983263.3841791749 199233.21674083173, 983274.7591564208 199249.07596108317, 983277.0091519207 199252.31053467095, 983279.3218113333 199255.45127642155, 983281.7591424286 199258.52935425937, 983284.3218013346 199261.51360026002, 983286.9467960894 199264.43551042676, 983289.696462512 199267.24784076214, 983292.5094490051 199269.9824153334, 983295.3841151744 199272.6228300035, 983298.3841091692 199275.18548892438, 983301.4467670918 199277.638567999, 983304.5717608333 199279.98239533603, 983307.8217543364 199282.23239083588, 983321.0093920082 199291.1073730886, 983323.4467230886 199292.77928575873, 983339.3843552619 199303.45118042827, 983355.3216593415 199314.1073270887, 983369.384295255 199323.51347625256, 983371.2592914999 199324.77922175825, 983387.0715958476 199335.310368672, 983402.8842282593 199345.85726359487, 983403.8842262626 199346.56067425013, 983416.8215363473 199355.56065624952, 983430.7591725141 199365.26372084022, 983444.6968086809 199374.966785416, 983457.884118259 199384.81059776247, 983470.7594205886 199395.02940933406, 983483.3217314184 199405.60747216642, 983495.6343708336 199416.54478625953, 983507.5720110089 199427.82625976205, 983521.1966556758 199441.35740067065, 983534.4466291666 199455.27928884327, 983544.7773171663 199466.29370251298, 983529.4741981775 199495.61385384202, 983521.5716549307 199509.32609675825, 983500.1343618333 199545.60752025247, 983459.564233005 199593.08347517252, 983457.1728335917 199595.39777500927, 983447.1968036741 199605.02898934484, 983415.6968666762 199634.73234200478, 983354.069365263 199693.30998075008, 983338.6340286732 199645.15423716605, 983335.7593625039 199635.54500442743, 983333.7590384185 199628.90426966548, 983328.8843762577 199612.65397408605, 983323.9467220902 199596.40433467925, 983319.0717318356 199580.1540390849, 983314.1340776682 199563.9043996781, 983309.1967515945 199548.32601875067, 983304.1967615932 199532.73254600167, 983299.2591074258 199517.154493168, 983294.6341166794 199502.74802592397, 983294.0012439191 199500.78116634488, 983293.7591184229 199500.029199332, 983293.2591194212 199498.96686550975, 983292.6341206729 199497.95111951232, 983291.9464580119 199496.99803742766, 983291.1344517618 199496.13845908642, 983290.2594535053 199495.3576207608, 983289.3214632571 199494.66995808482, 983288.2591294199 199494.0918752551, 983287.1967955977 199493.6230441779, 983286.0717978477 199493.26379291713, 983284.9468000978 199493.0134653449, 983283.7591384202 199492.9042135924, 983282.5718048364 199492.9042135924, 983281.3841431737 199493.0292133391, 983280.2591454238 199493.27921283245, 983279.1344757527 199493.6542120874, 983278.0718138367 199494.1230431795, 983277.0091519207 199494.7168740034, 983276.0718178451 199495.40420858562, 983275.1968195885 199496.2011229992, 983263.6968425959 199507.79493184388, 983250.6342046708 199520.90415759385, 983237.6342306733 199534.01371142268, 983224.6342566758 199547.13868516684, 983211.5719468445 199560.24823901057, 983198.5716447532 199573.35746476054, 983185.5716707557 199586.46701858938, 983176.1966895014 199595.87316775322, 983172.5093609244 199599.57624433935, 983159.5090588331 199612.7012180835, 983146.5090848356 199625.81044383347, 983133.5091108382 199638.9199976772, 983120.4468010068 199652.02922342718, 983114.5091488361 199655.6230482608, 983105.1965034306 199661.18570117652, 983089.9393160939 199670.33824191988, 983074.6968924999 199679.4980005026, 983059.3842590898 199688.63840217888, 983044.1342895925 199697.79487992823, 983028.8843200952 199706.9510295838, 983013.6340225041 199716.1071792543, 982998.3843810856 199725.24790900946, 982982.9467479289 199734.82597383857, 982967.5091147572 199744.41978667676, 982952.0718096793 199753.99785150588, 982936.6341765076 199763.57624442875, 982925.5718626678 199770.2793150097, 982808.5094327629 199841.34183692932, 982784.2844155878 199856.0852457583, 982783.5216218382 199856.36772550642, 982782.499314174 199856.90282942355, 982739.91770643 199883.08748833835, 982713.9466297626 199841.82608792186, 982713.5092946738 199840.96683767438, 982713.0092956722 199840.13842725754, 982712.4469608366 199839.34184092283, 982705.3216470033 199828.2165350914, 982701.6966542602 199822.57612642646, 982690.8843399286 199805.82615992427, 982680.134361431 199789.0604454279, 982669.3217190057 199772.2950590104, 982658.5464780927 199755.5322972536, 982647.7590980977 199738.76363000274, 982638.4372663349 199724.2800631672, 982636.9467837512 199722.01366350055, 982628.7289524227 199709.19216683507, 982626.1964771748 199705.24794900417, 982615.3841628432 199688.74798201025, 982614.8841638416 199687.63840417564, 982614.2594931722 199686.59181833267, 982613.5091665834 199685.6075683385, 982583.1224163473 199638.14211209118, 982582.9035847634 199637.7966403365, 982581.777602762 199636.0679692626, 982571.9465856701 199621.01353742182, 982569.8219180107 199617.68546009064, 982562.4466046691 199606.2793149203, 982552.8842878342 199591.5605123341, 982543.3843068331 199576.8262898326, 982534.3843248338 199562.52940241992, 982525.3843428344 199548.2164389193, 982517.3216949254 199535.35754075646, 982516.4466966689 199533.9198795855, 982507.4467146695 199519.62299217284, 982500.8843918443 199509.0915171653, 982498.4542785883 199505.20372967422, 982467.0117561668 199452.9184011668, 982466.7594600916 199452.4823784232, 982456.4468166679 199436.43549451232, 982446.196509093 199420.4043585956, 982435.946529597 199404.37289458513, 982425.6342142522 199388.3575066775, 982415.3842347562 199372.32604266703, 982405.1342552602 199356.29490675032, 982394.8216118366 199340.2637708336, 982384.5716323406 199324.24805483222, 982374.3216528445 199308.21659083664, 982373.071655333 199306.34159459174, 982370.8367516696 199302.97578766942, 982338.3984963447 199253.11794775724, 982330.1967410892 199239.99789525568, 982320.1967610866 199224.04484316707, 982310.2594450116 199208.09179109335, 982300.2591369301 199192.12299101055, 982290.2591569275 199176.16961084306, 982280.2591769248 199160.21655875444, 982270.321860835 199144.2638347596, 982260.3215527534 199128.3104545921, 982250.3219008446 199112.3574025035, 982246.3842446804 199106.09166701138, 982240.9265784174 199097.40664499998, 982206.0988921672 199045.0156736672, 982198.3843406737 199032.9198973328, 982187.69669801 199016.23259475827, 982177.0093834251 198999.54496409, 982166.3217407614 198982.8573334217, 982155.6967620105 198966.1854507625, 982145.0091193467 198949.49782009423, 982134.3218047619 198932.8105175048, 982127.386123091 198921.96834759414, 982124.4468245059 198917.37288433313, 982123.6341620833 198916.12288683653, 982081.0092473477 198851.4668481797, 982080.0092493445 198849.85727134347, 982071.5719302595 198836.65421375632, 982061.946621418 198821.60732783377, 982052.3839765042 198806.5761899203, 982042.7593238354 198791.52930401266, 982033.1343430877 198776.4824180901, 982023.5716981739 198761.45095208287, 982013.9467174262 198746.40406617522, 982004.3217366785 198731.35750833154, 981995.0671620071 198716.8516318351, 981961.5734625906 198664.5046236664, 981953.4468384236 198651.700843513, 981943.6968579292 198636.35737025738, 981933.94687742 198621.01356892288, 981924.1968969256 198605.68551558256, 981914.4465883374 198590.34171426296, 981904.696607843 198574.99791292846, 981894.9466273338 198559.66985958815, 981885.1966468394 198544.32605825365, 981876.5716640949 198531.1541685909, 981867.8840174228 198517.98227892816, 981859.2593627572 198504.81038925052, 981850.7593797594 198491.81041525304, 981850.4411389232 198491.36258150637, 981850.0897616744 198490.90523333848, 981849.6921246797 198490.44624476135, 981849.3341857642 198490.06960508227, 981876.9220570922 198398.5963628441))","MN","LP-01901","Yes","African Burial Ground & The Commons Historic District","No","DESIGNATED","DESIGNATED",,"9/1/1992",,"02/25/1993",,"4995.471663494362","1069203.5258372338"
"POLYGON ((996845.8186284304 224046.03424109519, 996847.0712505877 224045.34526608884, 996847.8123908341 224044.93745850027, 996862.5623613447 224036.85939067602, 996875.6876631677 224029.51557333767, 996888.812308833 224022.156336084, 996901.9376106709 224014.81251876056, 996913.2499240041 224008.46869942546, 996915.0622563362 224007.4532815069, 996915.8749187589 224007.04711434245, 996917.0625804216 224006.56253525615, 996918.3125779182 224006.1875360012, 996919.6252393425 224005.93753650784, 996920.8749087602 224005.84370467067, 996922.1875701696 224005.85945266485, 996923.4999035001 224006.03104025126, 996924.7499010116 224006.3125357628, 996925.9998985082 224006.73445092142, 996927.1875601709 224007.28103776276, 996928.3125579208 224007.95328050852, 996929.3752198368 224008.71869891882, 996930.3125539273 224009.6091170907, 996931.187552169 224010.5782752484, 996931.9375506788 224011.64060908556, 996932.3574973345 224012.39618501067, 996941.6248672605 224029.06249025464, 996950.8125129193 224045.70320500433, 996959.9998305142 224062.35933966935, 996969.187476173 224079.01580242813, 996977.5457271785 224094.05218967795, 996978.4374576807 224095.65618908405, 996981.5722939223 224101.36123017967, 996981.9407315105 224102.04036267102, 996932.9808556736 224129.1797440946, 996900.9937149286 224146.9106797576, 996900.8742925972 224146.6951290071, 996900.720421508 224147.080298841, 996845.0131838471 224046.4922454208, 996845.8251900971 224046.046708256, 996845.8186284304 224046.03424109519))","MN","LP-01985","Yes","Hardenbergh/Rhinelander Historic District","No","DESIGNATED","DESIGNATED",,"3/10/1998",,"05/05/1998",,"410.8604218801155","10652.416246396328"
"POLYGON ((1044970.8490185887 228514.85863675177, 1044972.1367456764 228500.51220875978, 1044972.961547181 228486.1316600889, 1044973.3217826784 228471.7317545116, 1044973.2174521685 228457.3279119283, 1044972.64888376 228442.9348960817, 1044971.6167335957 228428.56747075915, 1044970.1216578335 228414.2410558462, 1044968.2427245975 228400.53406225145, 1044968.1652969271 228399.97041508555, 1044950.5396760106 228403.0980335027, 1044947.6863352507 228404.03832033277, 1044946.7011010051 228404.3627947569, 1044697.9358505011 228486.3383525908, 1044678.6675163358 228424.17968425155, 1044702.8134654164 228416.19216741621, 1044701.0916840881 228410.69545926154, 1044639.4858361781 228429.0428635031, 1044619.9822662622 228372.0856283456, 1044739.2894423455 228337.05190575123, 1044757.7339592576 228397.84377892315, 1044926.7070465088 228343.00629016757, 1044947.790009588 228337.43018583953, 1044950.7699905038 228333.33012841642, 1044952.3602104187 228328.6500196755, 1044953.3999065012 228323.63001659513, 1044954.140062511 228318.9800915122, 1044954.0997082591 228314.89020466805, 1044953.8201812506 228309.48011051118, 1044953.6899321675 228304.2799896747, 1044953.5698536783 228298.2898441702, 1044953.4999719262 228293.61006350815, 1044953.360208422 228288.92995475233, 1044952.7899995893 228282.28003367782, 1044952.2201188356 228275.09992992878, 1044952.1298959255 228267.42999775708, 1044952.0298305005 228260.80008976161, 1044951.3798974305 228251.19020083547, 1044951.010147512 228248.76993009448, 1044950.4701223373 228243.5501242578, 1044950.2900045961 228237.6898997575, 1044949.9602808356 228230.78997917473, 1044949.7900055945 228224.41007067263, 1044949.5101505071 228218.87989801168, 1044949.0199940056 228215.0301681757, 1044949.0199940056 228211.4497947544, 1044948.8602174222 228204.7500050068, 1044947.6299049258 228197.02987608314, 1044946.7699985057 228192.12010900676, 1044945.9100920856 228186.9498437494, 1044945.2299753428 228181.91999816895, 1044944.5501866788 228177.14999458194, 1044944.0501876771 228172.64016108215, 1044943.5498605967 228167.62015800178, 1044943.049861595 228163.10999642313, 1044942.4599677622 228158.87017551064, 1044940.8198791742 228148.88988050818, 1044940.2401559204 228144.7701380849, 1044939.7401569188 228140.65991008282, 1044938.4199495912 228132.67009666562, 1044937.8402263373 228128.29018417, 1044937.2500044256 228123.91978609562, 1044936.7598479241 228119.80004367232, 1044936.1000723392 228115.8102222532, 1044935.109916836 228107.57992374897, 1044934.6998126805 228103.07993274927, 1044934.2801940888 228098.97003284097, 1044933.7900375873 228094.8499623388, 1044933.3799334168 228090.60981333256, 1044933.0498815924 228086.249913916, 1044932.810052678 228082.00976492465, 1044932.3901060075 228077.640023008, 1044932.0600541681 228073.78996509314, 1044931.3300687522 228066.35001933575, 1044930.6000833362 228058.78999508917, 1044929.2398498356 228047.18995267153, 1044928.9199685901 228043.8700774163, 1044927.96983926 228037.58990626037, 1044927.199827671 228031.83991774917, 1044926.5699076802 228025.70016625524, 1044925.9399876744 228019.56992916763, 1044925.2900545895 228012.78024458885, 1044924.7201738358 228004.96005025506, 1044924.3999645114 228001.36983433366, 1044923.4600057602 227995.09983375669, 1044922.2198507637 227988.81014817953, 1044920.879958421 227981.98995183408, 1044919.6699870974 227976.21995025873, 1044918.7497133464 227970.34004075825, 1044917.3747160882 227964.9591460079, 1044916.1965688467 227959.65633508563, 1044915.2146154195 227955.04118683934, 1044913.2503805012 227944.33681191504, 1044912.7595678419 227940.99823592603, 1044911.9738082588 227935.7935219258, 1044910.6700050831 227929.80993808806, 1044909.1299819201 227923.89000242949, 1044907.6499980092 227917.32997617126, 1044906.5000659227 227909.62001784146, 1044905.9298570901 227905.76011742651, 1044904.9898983389 227899.22010426223, 1044903.8101106733 227892.6699205041, 1044902.659850508 227886.64991942048, 1044901.8101146668 227882.0600335896, 1044900.8599853367 227877.72998975217, 1044899.6598565131 227872.3599217534, 1044898.7284279168 227868.6118977517, 1044896.6660960913 227862.32713341713, 1044895.880664587 227858.4974166751, 1044894.4075704217 227854.66737183928, 1044892.9344762564 227849.75727666914, 1044891.7560009211 227844.74908459187, 1044889.6477374285 227837.43020159006, 1044888.2727401704 227832.7163002491, 1044887.192689836 227829.47582116723, 1044886.3088333458 227825.2530605942, 1044885.5900027603 227821.36986625195, 1044883.5099544227 227816.6100332588, 1044881.7399448454 227812.1100422591, 1044880.680235669 227808.5598525107, 1044878.96993725 227803.8101900816, 1044877.3200061768 227800.2298166752, 1044875.1599055082 227795.84990417957, 1044873.3600403368 227791.55004400015, 1044871.6198863387 227787.3801048398, 1044869.2101142555 227782.07991859317, 1044867.0398430079 227777.57008509338, 1044864.7599919289 227773.0602515936, 1044862.0900497586 227767.88014383614, 1044859.8200411797 227764.15016442537, 1044856.5700476766 227759.46021316946, 1044852.4499771744 227753.95989608765, 1044848.4099590033 227748.8499981761, 1044845.4801748395 227745.22008417547, 1044841.5799201727 227738.72009716928, 1044840.5599090904 227736.5298128426, 1044838.4500051737 227732.1499003321, 1044835.0198939294 227725.38022883236, 1044830.9700332582 227718.4501245916, 1044828.7200377584 227715.04002642632, 1044826.4198455065 227711.75984925032, 1044823.9500341713 227708.48000016809, 1044820.3900019228 227704.6000866741, 1044816.579970181 227700.81006801128, 1044812.509768337 227697.26020634174, 1044808.0501315892 227693.6401348412, 1044803.959916681 227690.37997075915, 1044800.2601209283 227687.3002525121, 1044796.9199045002 227684.67000842094, 1044791.3700468391 227680.7300556749, 1044785.8100185841 227676.87999776006, 1044782.9799717516 227674.80979192257, 1044774.1499369293 227669.86032675207, 1044771.4301260859 227668.08998909593, 1044766.5600570887 227663.52995884418, 1044763.8300756663 227660.230096668, 1044760.8999634236 227655.429909423, 1044756.2500383407 227649.0001322627, 1044753.410149008 227645.7901649177, 1044750.6099577546 227642.3600536734, 1044747.5098983347 227638.66025792062, 1044744.8901529163 227635.48998866975, 1044740.7398987561 227630.98015516996, 1044736.619828254 227626.84007158875, 1044733.1900450885 227623.55989442766, 1044730.4351293445 227620.85878433287, 1044714.7799769193 227608.5599244237, 1045123.5462197512 227391.29001775384, 1045151.7302184999 227475.5798754245, 1045159.8899790943 227500.00010217726, 1045164.7600480914 227514.5499418378, 1045205.7497955114 227632.9220804274, 1045206.8751213402 227635.1717478335, 1045208.062454924 227637.39057542384, 1045214.0001070946 227647.79672259092, 1045216.3751023412 227651.95321033895, 1045225.0624209195 227667.0624320954, 1045233.7500675917 227682.15623392165, 1045242.43738617 227697.2500357628, 1045251.1873686761 227712.3595855832, 1045259.8750153333 227727.45338742435, 1045268.5626620054 227742.54686117172, 1045277.874979347 227756.56258116663, 1045287.1249608397 227770.57830117643, 1045296.3749423474 227784.59369309247, 1045305.3125885129 227797.7344148457, 1045313.6249078363 227809.45322342217, 1045322.3122264296 227820.890536502, 1045331.3748723418 227832.04701025784, 1045340.7498535961 227842.89049249887, 1045350.5624980032 227853.43738742173, 1045360.6251419187 227863.65619900823, 1045371.0624570101 227873.5311792493, 1045381.8124355078 227883.06265625358, 1045392.8750774264 227892.24997383356, 1045404.1877188385 227901.06262025237, 1045415.8123675138 227909.49993933737, 1045427.7500076741 227917.5625872612, 1045439.8749834299 227925.234487921, 1045452.2499586791 227932.4998933375, 1045468.6249259263 227937.82829475403, 1045484.9375573397 227943.1563680917, 1045501.2498606741 227948.48444142938, 1045515.3695830852 227952.26822650433, 1045515.6412360966 227952.34138908982, 1045516.8748294264 227952.67176900804, 1045532.4997981787 227956.84400475025, 1045548.1250950098 227961.03133234382, 1045551.5624240935 227961.6720790863, 1045555.0624170899 227962.20324601233, 1045558.5624100864 227962.60941317677, 1045562.0624030977 227962.89058059454, 1045565.5627241731 227963.078244254, 1045569.0627171695 227963.12516017258, 1045572.5627101809 227963.0624962598, 1045576.0623750836 227962.89058059454, 1045579.5623680949 227962.59399326146, 1045583.0623610914 227962.18749800324, 1045586.5623540878 227961.65633109212, 1045590.0000112504 227960.99983634055, 1045593.4376684278 227960.24983784556, 1045596.8749975115 227959.374839589, 1045600.1876549274 227958.39058959484, 1045603.5623200834 227957.2813398391, 1045606.8749775141 227956.07825826108, 1045610.1249710023 227954.7501769215, 1045613.3126286715 227953.31251575053, 1045625.8122755885 227947.64061108232, 1045638.3752425909 227941.968706429, 1045650.8752175868 227936.2968017608, 1045667.7501838356 227926.76565283537, 1045684.6251500845 227917.23450392485, 1045700.4374544173 227908.32835376263, 1045701.5624521673 227907.68760700524, 1045709.1251010895 227901.95303842425, 1045716.4997582585 227895.96879842877, 1045723.6877360046 227889.71881091595, 1045730.6873939186 227883.24999183416, 1045737.437708512 227876.53117325902, 1045743.9373674244 227869.6092710942, 1045750.1873549223 227862.4531174153, 1045756.2500068396 227855.09388017654, 1045761.9999953359 227847.54697924852, 1045767.5623201728 227839.79666666687, 1045772.8126377612 227831.8593465835, 1045784.5626142621 227816.9532084167, 1045796.3749265969 227802.04674217105, 1045808.1875670105 227787.14060400426, 1045819.9998793453 227772.2187178433, 1045831.8125197589 227757.3125796765, 1045843.6248320937 227742.40611341596, 1045855.3751366735 227727.49997524917, 1045866.7497858405 227713.01575225592, 1045878.1874270141 227698.5312011689, 1045889.56240426 227684.04697817564, 1045899.812383756 227677.3904954195, 1046037.2038412541 227764.69445466995, 1046044.1874230951 227752.23417775333, 1046053.5627324283 227736.42187342048, 1046063.0000495017 227720.60924100876, 1046072.4373665899 227704.8126846701, 1046079.3953579217 227693.15424342453, 1046081.875011757 227689.00005225837, 1046091.3126569241 227673.18741983175, 1046100.6876381785 227657.3751154989, 1046109.6249562502 227642.28131367266, 1046118.6249382645 227627.2032598406, 1046127.56258443 227612.10945799947, 1046136.4999025017 227597.03107608855, 1046145.4375486672 227581.93760234118, 1046154.3751948476 227566.85922041535, 1046163.3125129193 227551.76541858912, 1046167.062505424 227545.9842621684, 1046173.312492922 227536.39077742398, 1046183.3751368374 227521.0154800862, 1046191.562456429 227508.43742126226, 1046193.4377807528 227505.62476283312, 1046197.2501090914 227500.00010217726, 1046203.0000975877 227491.70320275426, 1046211.1247532517 227480.17172975838, 1046219.2500650883 227468.64058484137, 1046227.375048846 227457.09369191527, 1046238.2500270903 227443.18755175173, 1046249.1250053346 227429.2814115882, 1046259.9999835938 227415.37494334579, 1046270.8749618381 227401.46880316734, 1046281.7499400973 227387.5626630038, 1046293.3125810027 227371.40619926155, 1046304.8125580102 227355.25006358325, 1046316.3125350028 227339.09392791986, 1046327.8125120103 227322.9374641776, 1046336.749830097 227310.45290908217, 1046339.3751529306 227306.78132849932, 1046350.8751299232 227290.62519283593, 1046362.3751069307 227274.45298108459, 1046373.8750839233 227258.2968454212, 1046382.437402755 227246.32803733647, 1046385.4377248436 227242.1407097578, 1046396.9373737574 227225.98424600065, 1046408.43735075 227209.82811033726, 1046419.9373277575 227193.67197467387, 1046431.4376328439 227177.5155109167, 1046442.9999456704 227161.34362725914, 1046454.3752510101 227145.73440650105, 1046465.7499001771 227130.12518575788, 1046477.1252055019 227114.51563692093, 1046487.9375198334 227100.26566542685, 1046498.7498341799 227086.0311138332, 1046509.5001407564 227071.7968903333, 1046520.3124550879 227057.54691883922, 1046532.1250955015 227041.0000359267, 1046544.4997426718 227024.8439002484, 1046557.3750450015 227009.124771595, 1046570.8126821667 226993.84396225214, 1046584.7499902546 226979.03132784367, 1046598.7463533431 226965.06547650695, 1046481.7498681694 226889.37501108646, 1046654.0093661696 226634.3453374207, 1046936.70958817 226832.29441659153, 1046811.9998638332 227024.46890100837, 1046826.8124982566 227035.3281312585, 1046841.6251326799 227046.18768958747, 1046856.4374390095 227057.0469198376, 1046871.250073418 227067.90647816658, 1046886.0623797625 227078.7657084167, 1046901.8123482615 227090.10951775312, 1046917.4999809265 227101.45299901068, 1046918.140727669 227101.91658075154, 1046933.1876135916 227112.79713642597, 1046948.9372540116 227124.14061766863, 1046964.6252147555 227135.48442700505, 1046980.3125193417 227146.8124883324, 1046994.3124913424 227156.9374680817, 1047008.3751272559 227167.06244784594, 1047022.3750992566 227177.18742759526, 1047035.0000740141 227186.32815733552, 1047036.3750712574 227187.31240734458, 1047050.3750432581 227197.4373870939, 1047065.3123493344 227208.3123653382, 1047067.5000090003 227209.89077425003, 1047080.3126474172 227219.18767167628, 1047091.7450392544 227227.52098834515, 1047103.8782170862 227236.3457738459, 1047127.5310569257 227253.906106174, 1047127.937552169 227254.2656854987, 1047134.3519094288 227259.28667284548, 1047290.1399836689 227373.77003967762, 1047289.6599977612 227379.7300015092, 1047290.0199051797 227384.59022800624, 1047290.240049094 227389.9799810052, 1047290.1301411688 227394.6397485882, 1047289.6599977612 227400.20010492206, 1047289.2498935908 227405.3198453337, 1047288.3899871707 227410.4799400121, 1047287.2502256781 227415.57999542356, 1047286.249899596 227420.55012984574, 1047285.3601375967 227424.29027983546, 1047284.1137490124 227428.5081191659, 1047283.5901280046 227430.28009726107, 1047282.7098804265 227435.38015267253, 1047282.0599473417 227441.51990416646, 1047281.3801586777 227446.76005117595, 1047280.5701209307 227451.5999365002, 1047279.7302275896 227456.77020175755, 1047278.3201254308 227462.37025617063, 1047276.8699970841 227466.48999859393, 1047276.2600901723 227471.1500942558, 1047276.0297756791 227475.55001984537, 1047276.2899457514 227479.6402347535, 1047276.840141505 227484.05000284314, 1047278.0697978437 227489.59001800418, 1047279.0802945048 227494.79998134077, 1047279.7899387628 227499.15003825724, 1047279.8749123365 227500.00010217726, 1047280.2298985124 227503.56997692585, 1047280.4500424266 227507.98007309437, 1047280.4001737535 227512.71005050838, 1047280.2499115914 227517.1201466769, 1047280.040266335 227522.1700053364, 1047279.7000439167 227527.27990326285, 1047280.040266335 227531.7598811686, 1047280.4001737535 227534.48986259103, 1047280.5901340097 227540.31990341842, 1047281.570118919 227545.20998550951, 1047281.599974513 227550.64993526042, 1047281.7597510964 227555.5800435096, 1047281.9999080896 227561.16008484364, 1047282.1098159999 227566.79983733594, 1047282.0898029208 227570.950091511, 1047281.9802230895 227576.5803295821, 1047281.9900655895 227580.9202159196, 1047281.8801576793 227586.1098380834, 1047281.6199875921 227590.5100917518, 1047281.3699880838 227594.91001734138, 1047281.2200540006 227599.18002192676, 1047280.8699890971 227603.84011758864, 1047280.4201868474 227609.01989725232, 1047280.0999775082 227614.0700840056, 1047279.7302275896 227619.110100165, 1047279.049782753 227624.40995833278, 1047278.3001123369 227629.1300932616, 1047277.2499175966 227633.6399267614, 1047276.4201948345 227637.84004959464, 1047275.5100916773 227641.63991075754, 1047274.3700020909 227645.82986301184, 1047273.0999915004 227650.66023391485, 1047271.9599019289 227654.4000558406, 1047270.0698138475 227659.48009817302, 1047268.1600407511 227663.7199190855, 1047266.2597820908 227668.40987034142, 1047264.7699556798 227672.7199010849, 1047263.1101820916 227676.76024733484, 1047261.3300019205 227681.51975224912, 1047259.8802016675 227685.56994099915, 1047258.1699032634 227690.13981375098, 1047256.2699726671 227694.99019776285, 1047254.6101990938 227699.62010975182, 1047252.7798221707 227703.8599306792, 1047250.6102070957 227707.83006708324, 1047248.319857344 227711.66995441914, 1047245.7499805838 227715.24999976158, 1047242.3799085915 227720.68994951248, 1047239.8599005044 227725.22996667027, 1047237.949799344 227728.37005224824, 1047234.6499371678 227733.4799501747, 1047232.7201510072 227736.7502848357, 1047230.3300639242 227740.39004133642, 1047228.0098585933 227744.16004692018, 1047225.9800070077 227747.9402230829, 1047222.1401196718 227755.11999875307, 1047219.6899933368 227760.37983076274, 1047217.6699842513 227765.07011008263, 1047216.2001709193 227769.0602595955, 1047214.319925338 227773.16983142495, 1047211.4800360054 227777.7101766765, 1047208.1099640131 227781.909971416, 1047204.5801154226 227785.99001576006, 1047200.7799261808 227790.5100198388, 1047198.1401676685 227793.30004049838, 1047194.6598596722 227797.6300843358, 1047191.4302073419 227802.489982754, 1047187.7500965893 227808.2399712503, 1047185.1900623441 227812.21010766923, 1047181.8400034308 227816.5398234278, 1047178.1300370842 227820.4098944217, 1047174.2297824174 227823.75995333493, 1047170.009974584 227827.23009075224, 1047166.4299292564 227830.3800188452, 1047163.750144586 227833.56013059616, 1047159.9899815023 227838.21005567908, 1047157.369908005 227841.58997017145, 1047155.3699120134 227845.41017250717, 1047151.5300246775 227849.9898877591, 1047148.1199265122 227853.48003825545, 1047144.2800391763 227857.94000308216, 1047141.3899530917 227861.77004791796, 1047138.600260511 227865.21000167727, 1047135.1799917519 227869.02003341913, 1047130.6399745941 227873.75001083314, 1047126.6199695021 227877.93996308744, 1047123.3000942618 227881.76016542315, 1047120.280087173 227885.39007942379, 1047117.5100795925 227888.64007292688, 1047113.879837513 227891.9297645092, 1047110.4500543475 227894.91007350385, 1047107.5599682629 227897.95009367168, 1047102.9999380112 227902.08000667393, 1047099.3500109166 227906.02028749883, 1047096.3900430948 227909.59016226232, 1047092.7401160002 227914.05012708902, 1047090.189924255 227917.4300415963, 1047087.2401270121 227920.93003459275, 1047082.8897420019 227926.67018058896, 1047079.7699975967 227930.4900548458, 1047076.5898858458 227933.8601268381, 1047073.0200110972 227937.20985767245, 1047070.0600432605 227939.91982600093, 1047065.8300648332 227943.57008117437, 1047061.689981252 227947.2400213331, 1047057.5899238437 227950.7600274235, 1047052.9101431668 227955.38993942738, 1047049.6601496786 227958.7498408407, 1047046.8100897521 227961.42011108994, 1047043.7598990053 227964.2199742496, 1047040.2398929298 227967.48013833165, 1047037.2500695139 227972.21995826066, 1047034.0998133421 227975.88989841938, 1047030.3898470104 227979.48011434078, 1047027.5299445838 227982.5700031668, 1047024.0099385083 227986.69991616905, 1047021.0401281714 227990.42989559472, 1047017.9699243456 227994.4298875928, 1047014.1700631678 227999.20021925867, 1047011.6700681746 228002.03026609123, 1047007.6398925036 228007.0601116717, 1047005.0299895853 228010.34028883278, 1047002.1097198427 228014.27991349995, 1046998.6300680041 228018.91999608278, 1046995.7898505926 228022.27005501091, 1046992.8298827559 228026.12995542586, 1046989.880085513 228030.39011751115, 1046986.7399999201 228035.6200939268, 1046984.0402021706 228040.0000064224, 1046980.8801035136 228046.07020425797, 1046979.1199364215 228049.6200659275, 1046975.3601014167 228056.59019634128, 1046972.3099106699 228061.76013350487, 1046970.150138095 228065.37003442645, 1046967.9900374264 228068.78997509181, 1046965.6901732534 228072.53012508154, 1046963.3699679226 228076.14002600312, 1046960.9798808396 228079.87984792888, 1046958.3899910003 228084.39985200763, 1046956.0501006693 228088.92018416524, 1046953.3699879199 228093.9500297606, 1046950.7899405956 228099.24988792837, 1046947.970064342 228104.92999467254, 1046945.3401483446 228110.09008933604, 1046942.4700753391 228115.52019658685, 1046939.2197537571 228120.9401332587, 1046936.2899695933 228126.09989984334, 1046933.700079754 228130.23014092445, 1046931.5599921793 228134.23013292253, 1046929.2699705064 228138.48996692896, 1046926.3900550008 228144.17007367313, 1046923.8700469285 228149.34001083672, 1046921.4999729246 228154.83015733957, 1046919.4002395868 228160.31997574866, 1046917.7699935138 228164.31996776164, 1046915.8802335113 228168.85014241934, 1046913.910093084 228173.2402255088, 1046911.9301101714 228177.17985017598, 1046909.1200764179 228181.56009075046, 1046906.2299903333 228186.29991067946, 1046904.4799938351 228190.96000634134, 1046903.1401015073 228196.00002250075, 1046901.3799344301 228200.85007841885, 1046899.2900435925 228206.02001558244, 1046897.9399806708 228210.35005941987, 1046897.0200350136 228213.77000008523, 1046895.7201688439 228218.5600167513, 1046894.149962008 228224.12004500628, 1046892.8701089174 228228.51997059584, 1046892.0098744184 228233.8900385946, 1046891.770045504 228238.41988517344, 1046891.5600721687 228243.15019066632, 1046891.0597450882 228247.0301041752, 1046890.0400620848 228252.32996234298, 1046888.74019593 228256.0799548328, 1046887.0597530901 228259.8299473375, 1046885.2700585127 228264.86996351182, 1046883.6499830037 228268.74003450572, 1046882.2300383449 228272.36010600626, 1046880.2799110115 228277.92013426125, 1046878.7398878336 228282.6399410963, 1046877.0699436665 228287.62024608254, 1046876.0099064261 228291.6300805956, 1046874.5899617523 228296.46996591985, 1046872.7700835019 228301.0601798445, 1046871.0299295038 228305.58018392324, 1046869.1398414224 228311.0099630952, 1046867.6300019175 228315.27996766567, 1046866.0699656755 228319.6100115031, 1046864.8901780099 228322.96991291642, 1046862.5598020852 228328.3301384151, 1046860.8098055869 228332.27009117603, 1046858.9200455844 228336.47021400928, 1046856.989931345 228340.60012701154, 1046854.7497783452 228344.93017083406, 1046853.1100178361 228348.66999275982, 1046852.2898095101 228350.7999097556, 1046850.0401420891 228357.58992242813, 1046848.360027343 228363.20998992026, 1046846.6900831759 228368.45013691485, 1046845.3098365963 228372.59022051096, 1046843.8098395914 228377.24014559388, 1046842.3000000864 228382.14991267025, 1046841.1300549209 228386.28999625146, 1046839.8600443453 228390.43007983267, 1046838.5001389235 228395.72993800044, 1046837.3600493371 228400.9100457579, 1046836.4899723381 228406.07998292148, 1046836.2599859238 228411.00024867058, 1046835.9000785053 228415.80010783672, 1046835.0001459271 228420.5802820027, 1046832.6802686751 228426.32994242013, 1046831.3899169266 228430.47002600133, 1046829.8600643426 228435.51004217565, 1046828.3899229169 228439.97000700235, 1046826.9401226789 228444.24001158774, 1046825.5500335842 228448.0500433445, 1046824.2898655087 228452.24983808398, 1046823.4998408407 228456.6500917524, 1046822.7600129247 228461.05001734197, 1046821.6701200902 228466.68025542796, 1046820.8502398431 228471.34002301097, 1046819.8597562611 228477.2301030904, 1046819.0300335139 228482.46992200613, 1046817.9699962586 228487.50993816555, 1046816.65995951 228491.7199034989, 1046814.4801738411 228496.35998608172, 1046813.0999272615 228500.83012150228, 1046811.7600349188 228505.4800465852, 1046810.7498663366 228508.71002700925, 1046809.3699478358 228513.62996467948, 1046807.7800559998 228519.0600719154, 1046805.8499417603 228525.0000206679, 1046804.070089668 228531.8599150926, 1046802.409988001 228538.45012500882, 1046800.6498209238 228543.87990416586, 1046798.9900473356 228548.80016991496, 1046797.740049839 228553.6498977542, 1046796.4598686695 228558.55999292433, 1046795.2702385038 228563.48025867343, 1046793.9602017552 228568.3900257498, 1046792.0701136738 228573.5599629283, 1046789.809947595 228580.0199237615, 1046787.7302273363 228586.49005517364, 1046786.5399410129 228591.53007133305, 1046785.789942503 228596.77021834254, 1046784.5701286793 228601.94999800622, 1046783.1698690057 228606.0201998353, 1046781.6098327637 228610.8000459224, 1046780.7200707644 228615.52018083632, 1046779.8398231715 228619.88992275298, 1046778.4500621706 228622.50015375018, 1046774.2699524164 228625.7800028324, 1046773.0799941719 228626.46011959016, 1046770.7099201679 228630.6300587505, 1046768.2998200059 228635.59986509383, 1046767.4202285856 228638.88988475502, 1046765.0101284236 228643.84000608325, 1046763.0698435903 228647.90987983346, 1046760.7899925113 228654.08014309406, 1046758.5698525906 228659.76976425946, 1046757.3401962519 228662.8701517582, 1046754.1200583428 228666.96003858745, 1046752.0298394263 228672.35011966527, 1046750.229974255 228677.2602148354, 1046748.5098333359 228682.9498360008, 1046747.2900195122 228688.2601928413, 1046745.8202061802 228693.29988092184, 1046743.8500657529 228699.51017034054, 1046741.9399645925 228704.02984634042, 1046740.7998750061 228707.709957093, 1046739.9101130068 228712.49997375906, 1046738.9097869247 228717.55016051233, 1046736.6299358457 228722.9697690904, 1046734.5600580871 228726.51995883882, 1046730.8500917554 228730.76995034516, 1046726.620113343 228734.45990358293, 1046724.1099477559 228737.49992375076, 1046723.9501711726 228738.76009184122, 1046725.3901289254 228741.1600214243, 1046725.8799573332 228745.11998724937, 1046723.6699880064 228749.95987258852, 1046721.3901369274 228753.70002259314, 1046720.0801001787 228755.05992799997, 1046716.7001856714 228755.74004475772, 1046715.0801101774 228758.71018317342, 1046713.2897594273 228763.95000208914, 1046711.6499989182 228768.3400851786, 1046709.4400295913 228771.95031417906, 1046705.8599842638 228777.3098835051, 1046703.0000818372 228781.16978392005, 1046700.3701658398 228785.1701040119, 1046698.4702352583 228788.53000542521, 1046696.3298195899 228792.84987866879, 1046694.7701114267 228797.12021133304, 1046693.5798250884 228800.74028283358, 1046691.6798945069 228804.3498556763, 1046689.2697943449 228808.2901365012, 1046687.3800343424 228812.7501013428, 1046685.0099603385 228817.00993533432, 1046683.4102260023 228821.0801371783, 1046681.5001248419 228824.2198946774, 1046677.7301192582 228826.15985141695, 1046675.1300588399 228829.07027867436, 1046673.590035677 228834.37997934222, 1046672.8800633401 228839.41999550164, 1046671.7097900957 228842.9101460129, 1046667.3800743371 228846.6397973448, 1046664.5300144255 228851.27987992764, 1046660.7800219208 228854.79004350305, 1046659.1701170057 228857.12993383408, 1046659.2901955098 228862.2401598394, 1046658.0500405133 228866.12007333338, 1046654.4401395917 228869.93010509014, 1046650.6002522558 228874.83002966642, 1046647.9001264274 228878.18008859456, 1046645.0001978427 228882.430080086, 1046642.5500715077 228886.29982300103, 1046639.8597881794 228890.03997300565, 1046637.0002138466 228893.78012301028, 1046634.3099305034 228897.450063169, 1046631.0199108422 228901.7102252543, 1046628.3899948448 228905.45004716516, 1046625.1901980937 228910.3502998352, 1046621.9198634177 228914.02024000883, 1046617.9497270137 228918.2600609213, 1046615.3798502535 228921.4798707515, 1046612.5399609208 228925.22002075613, 1046609.9900972545 228928.96017076075, 1046607.6899050027 228932.6999926716, 1046604.6498848349 228937.40995700657, 1046601.6197071671 228941.99000033736, 1046598.8798832595 228946.30987359583, 1046596.7000975907 228950.32003617287, 1046594.3300235868 228954.2501464188, 1046591.0298333466 228958.30984959006, 1046586.5400129259 228961.6100398451, 1046584.7299771756 228964.22978524864, 1046583.2700063437 228968.23994784057, 1046580.7401557565 228971.46008574963, 1046577.5498734266 228974.73993483186, 1046573.939972505 228978.92988708615, 1046570.7802019268 228982.6601945907, 1046567.0498944223 228986.35014784336, 1046564.3399260938 228989.6201544255, 1046561.4098138362 228992.2802540958, 1046558.069925502 228995.56994567811, 1046555.1699969172 228998.5499265939, 1046551.5000567585 229003.37996941805, 1046548.2300501764 229007.83009175956, 1046545.2398986667 229012.40980701149, 1046542.420022428 229016.60008734465, 1046539.179871425 229021.18013067544, 1046535.7701013386 229025.56004317105, 1046533.2500932515 229028.7198137492, 1046530.0201128423 229032.1997936666, 1046527.0900005847 229035.22012883425, 1046523.1799034178 229039.1502390951, 1046520.4899481684 229042.10987883806, 1046516.2898253351 229046.62004041672, 1046513.6799224168 229049.19975967705, 1046510.739967674 229052.16989809275, 1046507.6500788331 229055.51995700598, 1046504.8899137527 229058.62001642585, 1046500.7101320922 229062.8601654172, 1046497.6500988454 229065.82997575402, 1046494.6799604297 229068.80011416972, 1046491.4900061786 229072.59997533262, 1046488.5900775939 229076.2000337541, 1046485.7600307614 229079.4900534153, 1046482.240024671 229082.95986275375, 1046479.9598455131 229085.2098582536, 1046476.4998786747 229088.4500092566, 1046472.4001493454 229092.11994941533, 1046469.4001553357 229094.9001275897, 1046465.6701759249 229098.6999887526, 1046462.8201160133 229102.51002050936, 1046460.140003264 229106.1799606681, 1046457.749916181 229109.40009859204, 1046454.9201974273 229112.8200392574, 1046452.1298486739 229116.48997941613, 1046449.2400906682 229120.2901686728, 1046446.5101092607 229124.02999058366, 1046443.4599185139 229129.13004601002, 1046440.3601871729 229133.00011700392, 1046437.4199043363 229136.28029416502, 1046434.0301473439 229139.5001040101, 1046430.6997734308 229142.22024291754, 1046427.1800954193 229145.5299475938, 1046423.4002473354 229150.04010917246, 1046420.2201355845 229155.5899668336, 1046419.6997954249 229158.5601052493, 1046416.760168761 229163.39999058843, 1046413.5898995101 229164.37997551262, 1046409.4199603349 229168.40982308984, 1046406.2900453359 229171.8199212551, 1046403.959997505 229174.46000784636, 1046401.4600025117 229178.91997267306, 1046401.0400558412 229180.20015384257, 1046401.589923501 229181.37009900808, 1046399.0597448349 229183.49017350376, 1046394.9800285846 229186.1000764221, 1046393.9902011752 229190.70013283193, 1046391.6900089234 229195.27984808385, 1046389.060092926 229197.9599608332, 1046385.3799821734 229201.5501767546, 1046382.4400274307 229204.4100791663, 1046379.7700852603 229208.03015066683, 1046376.6198290884 229212.99995701015, 1046373.929873839 229215.70992533863, 1046369.5000926703 229219.63019308448, 1046364.6198530942 229222.6702132523, 1046363.3199869245 229225.28995867074, 1046361.5201217532 229228.37984751165, 1046359.080166012 229231.17019625008, 1046355.689752847 229235.41985967755, 1046352.2002585083 229239.55010075867, 1046349.8501975834 229242.97004142404, 1046346.1500737518 229247.4099931717, 1046343.3200269192 229250.70001283288, 1046340.1599282622 229254.69016234577, 1046337.1199080944 229258.42998425663, 1046334.7098079175 229261.39028017223, 1046330.8000388443 229266.09007392824, 1046327.4299668372 229270.02018417418, 1046324.1698027551 229273.36991500854, 1046321.2200055122 229276.91026225686, 1046318.3699455857 229280.84988692403, 1046315.0900965035 229285.29016675055, 1046312.4500099272 229289.55000075698, 1046309.4300028384 229294.32984684408, 1046306.9099947512 229297.61002400517, 1046303.0802780092 229301.92989724874, 1046299.4900620878 229306.56997983158, 1046296.7800937593 229310.8901811689, 1046293.7600866705 229315.0801334232, 1046290.7200665027 229319.0801254213, 1046287.9398883432 229322.61981651187, 1046284.2899612635 229325.75990208983, 1046280.2801267505 229329.2900787592, 1046278.5799989253 229333.4301623404, 1046275.4999525845 229338.72017800808, 1046272.2201035023 229342.0098695904, 1046267.7899942547 229345.58007241786, 1046263.2998457551 229348.74017108977, 1046260.7201265097 229351.0301927626, 1046258.3300394267 229354.77001467347, 1046255.9501229227 229359.03017675877, 1046252.7401555926 229363.16008976102, 1046249.7099779248 229366.83002991974, 1046246.0997489244 229370.6000355035, 1046242.9097946733 229374.2099364251, 1046239.7099979222 229378.77980917692, 1046236.379952088 229382.8401685059, 1046232.6699857563 229386.50026617944, 1046229.1499796808 229389.41003724933, 1046225.8301044255 229392.2000579238, 1046221.7897581756 229395.39985467494, 1046218.7300530076 229397.80995483696, 1046215.5499412566 229401.22005300224, 1046210.8599900007 229405.22004500031, 1046206.1099995077 229408.5199071765, 1046202.3399939239 229410.7000209242, 1046198.0499762595 229413.0500818342, 1046192.9797764271 229415.80007633567, 1046188.8800470978 229418.04022933543, 1046184.6599111706 229420.0599103421, 1046180.7599845976 229422.19015541673, 1046176.9899790138 229424.2400200963, 1046172.0500282496 229427.210158512, 1046167.5602078438 229430.2698636651, 1046163.7800316811 229432.63993766904, 1046159.0999229252 229435.71998400986, 1046153.6999993473 229438.85022708774, 1046149.0901004225 229441.32003842294, 1046144.2800706774 229443.98998059332, 1046139.4700409174 229446.4699625075, 1046135.180023253 229448.6599187553, 1046131.5999779254 229450.3400335014, 1046128.4198661745 229451.67992584407, 1046123.410033673 229454.30984184146, 1046119.4500678331 229456.96009901166, 1046116.6498765945 229458.8600295931, 1046112.7401075065 229461.5299717486, 1046108.38020809 229465.17005634308, 1046104.1499015838 229468.8898651749, 1046099.8500414193 229472.28027833998, 1046094.5098289996 229476.6700333357, 1046089.9497987628 229480.29010483623, 1046085.0600447506 229484.71004350483, 1046081.0301971734 229487.02007825673, 1046076.2201674283 229489.48004709184, 1046071.4800194204 229491.9902126789, 1046067.7100138366 229493.9199988395, 1046063.4101536721 229496.56992791593, 1046058.600123927 229499.81992141902, 1046053.9098445922 229503.27988825738, 1046050.1401670873 229506.27003975213, 1046045.6401760876 229509.66996733844, 1046042.2599335015 229512.10008059442, 1046037.9000340849 229515.99016466737, 1046033.7999766767 229519.66994734108, 1046029.9600893408 229522.1200736761, 1046025.6700716764 229524.31002992392, 1046021.3200147599 229526.3198684156, 1046017.0201545954 229528.8900732547, 1046013.9699638337 229530.8402005881, 1046010.0700372607 229532.51998725533, 1046005.1999682635 229534.2998393327, 1046001.6999752522 229535.3401915878, 1045996.4398151785 229536.82017549872, 1045991.6999952644 229538.22994959354, 1045987.6799901724 229539.6502223462, 1045983.1301304996 229541.0901800841, 1045978.8499553353 229542.72994059324, 1045974.3000956774 229544.01996426284, 1045968.9198570848 229545.37002716959, 1045964.8299702555 229546.64988026023, 1045959.9599012583 229548.4500735104, 1045955.0498060882 229551.17021241784, 1045949.5898432583 229553.9799180925, 1045946.1400470138 229555.970071584, 1045941.9799503386 229558.390014261, 1045937.2998415977 229560.61015416682, 1045931.4599582553 229562.78993983567, 1045925.9399561733 229564.58029058576, 1045921.3402278423 229565.73022267222, 1045916.7900400907 229566.93002341688, 1045912.250022918 229568.24006016552, 1045908.6201089174 229569.20003201067, 1045903.1601460874 229570.72988459468, 1045897.8399467617 229572.13998675346, 1045893.8799809217 229573.4900496751, 1045890.0499360859 229574.7498896718, 1045886.1601800919 229576.1501493454, 1045882.1300044209 229577.49988417327, 1045877.5798166692 229579.5901030898, 1045873.8800209165 229581.8601116687, 1045870.5598175973 229584.11010716856, 1045867.2297717631 229587.21016658843, 1045863.3898844272 229590.1901475042, 1045858.3301832527 229591.69998700917, 1045853.759982422 229592.20982851088, 1045849.4801353365 229592.67997191846, 1045843.9699757546 229593.28003634512, 1045838.5897371769 229594.32006050646, 1045833.8499172628 229595.15995383263, 1045829.3801099211 229595.5999135822, 1045825.1701445878 229595.84007059038, 1045821.2800604999 229596.0700570047, 1045816.6800040901 229596.44013500214, 1045810.7800815105 229597.61008016765, 1045805.9802223444 229598.63009124994, 1045801.4999163449 229599.8699181676, 1045797.6701995879 229601.5100067556, 1045793.7699449211 229603.53001584113, 1045789.6098482609 229605.32988101244, 1045785.0599885881 229607.05002191663, 1045780.0701691806 229608.5099927485, 1045775.9100725055 229609.5300038457, 1045770.2699919194 229610.80001442134, 1045765.7299747616 229611.6700914204, 1045761.5800486803 229612.21995909512, 1045757.3599127531 229612.98997066915, 1045752.6899745911 229613.87021826208, 1045748.669969514 229614.6900985092, 1045743.2900590003 229615.8600436747, 1045738.6201208383 229617.00013326108, 1045733.3599607497 229618.2101045847, 1045728.4298525006 229619.00012925267, 1045723.9600451738 229619.8200094998, 1045719.4800672531 229620.69008649886, 1045715.3301411718 229621.98011016846, 1045711.500096336 229623.67006742954, 1045707.7300907522 229625.27012984455, 1045703.0499820113 229627.02012634277, 1045698.5099648386 229628.21992708743, 1045693.4597780854 229628.67989991605, 1045688.4699586779 229628.61001817882, 1045684.0700330883 229628.36986117065, 1045679.4699766785 229627.96008509398, 1045674.9998412579 229627.67005942762, 1045673.2957764268 229627.55555833876, 1045642.0300909281 229623.11987167597, 1045636.32997109 229622.71993808448, 1045630.8900213391 229622.329847008, 1045624.8099810034 229621.25012475252, 1045620.2801344246 229620.049995929, 1045615.2401182503 229618.46994659305, 1045611.8802168369 229617.61004017293, 1045607.4799631685 229616.81017300487, 1045602.8900773376 229615.57986050844, 1045597.3300490975 229613.6700874269, 1045592.8700842559 229612.31018200517, 1045587.6998190135 229610.71011959016, 1045583.8199055046 229609.46012209356, 1045579.2999014258 229608.07003299892, 1045573.5400704294 229605.99982717633, 1045568.8297780007 229603.83021208644, 1045563.3399595916 229601.32004649937, 1045558.5597854257 229599.02018234134, 1045554.6201607585 229597.13009425998, 1045549.6500263363 229594.76002025604, 1045544.2901289165 229592.01986825466, 1045540.5499789268 229590.21016058326, 1045536.2199350893 229587.86994217336, 1045531.259971261 229583.84993709624, 1045527.3298610002 229580.59010109305, 1045526.1202177554 229579.15998584032, 1045519.1799429208 229576.26005725563, 1045364.6198845953 229590.5598974228, 1045361.3780931681 229604.03887309134, 1045339.7701967508 229607.8800727576, 1045320.2600651681 229599.14026084542, 1045310.4300323427 229579.76989275217, 1045315.7400610894 229568.0500999242, 1045218.2205710858 229432.74197158217, 1045194.0998844206 229444.620228678, 1045192.8292176723 229445.5231140107, 1045191.6799417585 229446.3400415033, 1044999.9998789281 229357.33267359436, 1044955.3300207555 229336.59026101232, 1044836.7200217545 229282.50014609098, 1044767.50985834 229250.20001384616, 1044763.9091437608 229248.73282517493, 1044760.3612505943 229247.14063675702, 1044756.8714281768 229245.42607325315, 1044753.4436135143 229243.5904470086, 1044750.0814155042 229241.63671076298, 1044746.78942734 229239.56683300436, 1044743.5719140917 229237.38343842328, 1044740.4324846715 229235.08915166557, 1044737.3750760853 229232.68692550063, 1044734.4026410878 229230.17971266806, 1044731.5197728425 229227.5701378435, 1044727.7747015953 229224.01043367386, 1044724.1552862525 229220.32277700305, 1044720.6664480865 229216.51110483706, 1044717.3117960095 229212.58132266998, 1044714.0962512642 229208.53671133518, 1044711.023094669 229204.3828482628, 1044708.0962632596 229200.12432658672, 1044705.3190378398 229195.76737992465, 1044702.6950273365 229191.31594525278, 1044700.2271845043 229186.77625617385, 1044697.9187901765 229182.15356200933, 1044695.7724690139 229177.45344017446, 1044693.7911737561 229172.6811400056, 1044691.9765448421 229167.84322316945, 1044690.3312069178 229162.94526709616, 1044688.8571285009 229157.99284917116, 1044687.5562780946 229152.9922030121, 1044686.4299680144 229147.9492340833, 1044685.4795105904 229142.87017600238, 1044684.7062181681 229137.76126234233, 1044684.1110750139 229132.6287266761, 1044683.6947372556 229127.4784745127, 1044683.4575330019 229122.31673942506, 1044683.4001184255 229117.15008309484, 1044684.9398135096 229088.32993075252, 1044684.9578580856 229087.74758283794, 1044687.1999795884 229014.54005208611, 1044685.8059535027 229010.5433409214, 1044683.7879129201 229006.5075878352, 1044681.6980220973 229001.53482875228, 1044680.1123953462 228996.05747750401, 1044678.3105616719 228991.0847184211, 1044677.2544614226 228987.8035570085, 1044672.2954818457 228962.10019633174, 1044671.9352463335 228941.41585449874, 1044673.1603095084 228936.01068158448, 1044674.1501369178 228931.36010034382, 1044677.7698803395 228928.0100414157, 1044680.9398215115 228925.0300604999, 1044685.1497868448 228922.40014450252, 1044689.4299620092 228919.5999532491, 1044693.6097436696 228917.47003625333, 1044698.8298775852 228915.15015900135, 1044702.8498826772 228913.7699124217, 1044708.8200150877 228912.46020375192, 1044712.8800463378 228911.59996925294, 1044717.6700630039 228910.61998434365, 1044722.520118922 228909.47005225718, 1044729.2199086696 228907.86998984218, 1044732.6300068349 228907.12983383238, 1044738.1500089169 228905.57012566924, 1044743.1099727601 228903.58981467783, 1044748.2100281715 228901.2801080048, 1044751.710021168 228900.05012358725, 1044756.2001696676 228898.3499957621, 1044761.5101984292 228895.63018491864, 1044765.909795925 228892.85000675917, 1044770.6000752598 228889.68990808725, 1044774.3999364227 228887.37003083527, 1044779.1400844306 228884.39989241958, 1044783.5498525053 228881.4599376768, 1044787.2299632579 228878.7899955064, 1044791.8398621678 228875.8900669217, 1044796.2499583364 228873.0098233372, 1044801.650210008 228869.679777503, 1044803.870021835 228868.02000392973, 1044808.1800525934 228864.29002450407, 1044813.0002529174 228860.93996559083, 1044817.6800335944 228857.81989309192, 1044821.1600135118 228855.3901079297, 1044827.6600005031 228849.7201717496, 1044831.610123843 228845.1499709189, 1044836.0100494176 228839.81008659303, 1044839.9299890846 228834.84028024971, 1044842.3601023406 228831.23989374936, 1044877.1300459206 228801.3698747605, 1044881.23961775 228796.6221808344, 1044885.181539014 228791.73472341895, 1044888.9518726766 228786.71307992935, 1044892.5453694165 228781.56381200254, 1044895.9577641785 228776.2928251773, 1044899.1851199269 228770.90635301173, 1044902.2234996706 228765.41128525138, 1044905.0696225911 228759.81385549903, 1044907.7192235887 228754.12128159404, 1044910.1700060964 228748.34012517333, 1044921.2398658395 228719.37988126278, 1044922.114864096 228717.08690683544, 1044940.2201428413 228669.62998075783, 1044948.3159271777 228638.3869329989, 1044955.4638787508 228606.9132426679, 1044961.657107845 228575.23778109252, 1044966.1449597627 228547.92385934293, 1044966.9080815911 228543.27229383588, 1044969.0996782631 228529.15618033707, 1044970.8490185887 228514.85863675177))","QN","LP-02040","Yes","Fort Totten Historic District","No","DESIGNATED","DESIGNATED",,"5/4/1999",,"06/29/1999","04/13/1999","11203.20037054783","4067523.311359561"
